<?xml version="1.0" encoding="utf-8" ?>
<kml xmlns="http://www.opengis.net/kml/2.2">
<Document id="root_doc">
<Schema name="TOU_Edson_Sept2026" id="TOU_Edson_Sept2026">
	<SimpleField name="OBJECTID" type="float"></SimpleField>
	<SimpleField name="LIC_LI_NO" type="string"></SimpleField>
	<SimpleField name="COMP_NAME" type="string"></SimpleField>
	<SimpleField name="SEG_LENGTH" type="string"></SimpleField>
	<SimpleField name="SEG_STATUS" type="string"></SimpleField>
	<SimpleField name="FROM_FAC" type="string"></SimpleField>
	<SimpleField name="FROM_LOC" type="string"></SimpleField>
	<SimpleField name="TO_FAC" type="string"></SimpleField>
	<SimpleField name="TO_LOC" type="string"></SimpleField>
	<SimpleField name="OUT_DIAMET" type="string"></SimpleField>
	<SimpleField name="PIP_MATERL" type="string"></SimpleField>
	<SimpleField name="SUBSTANCE1" type="string"></SimpleField>
	<SimpleField name="TEMPSURFPL" type="string"></SimpleField>
	<SimpleField name="GEOM_SRCE" type="string"></SimpleField>
	<SimpleField name="SHAPE_LEN" type="string"></SimpleField>
</Schema>
<Folder><name>TOU_Edson_Sept2026</name>
  <Placemark>
	<Style><LineStyle><color>ff0000ff</color></LineStyle><PolyStyle><fill>0</fill></PolyStyle></Style>
	<ExtendedData><SchemaData schemaUrl="#TOU_Edson_Sept2026">
		<SimpleData name="OBJECTID">42417396</SimpleData>
		<SimpleData name="LIC_LI_NO">34897-3</SimpleData>
		<SimpleData name="COMP_NAME">Tourmaline Oil Corp.</SimpleData>
		<SimpleData name="SEG_LENGTH">2.1</SimpleData>
		<SimpleData name="SEG_STATUS">Discontinued</SimpleData>
		<SimpleData name="FROM_FAC">Blind End</SimpleData>
		<SimpleData name="FROM_LOC">03-35-053-15W5</SimpleData>
		<SimpleData name="TO_FAC">Blind End</SimpleData>
		<SimpleData name="TO_LOC">11-36-053-15W5</SimpleData>
		<SimpleData name="OUT_DIAMET">82.6</SimpleData>
		<SimpleData name="PIP_MATERL">Aluminum</SimpleData>
		<SimpleData name="SUBSTANCE1">Natural Gas</SimpleData>
		<SimpleData name="GEOM_SRCE">Mapping</SimpleData>
		<SimpleData name="SHAPE_LEN">1736.4541766567</SimpleData>
	</SchemaData></ExtendedData>
      <MultiGeometry><LineString><coordinates>-116.083433428541,53.6225111448273 -116.088137361304,53.6206602464333 -116.090748558121,53.6206818004535 -116.091427353896,53.6188044377468 -116.096405238686,53.6163369677815 -116.104702459535,53.6163243350052</coordinates></LineString></MultiGeometry>
  </Placemark>
  <Placemark>
	<Style><LineStyle><color>ff0000ff</color></LineStyle><PolyStyle><fill>0</fill></PolyStyle></Style>
	<ExtendedData><SchemaData schemaUrl="#TOU_Edson_Sept2026">
		<SimpleData name="OBJECTID">42418892</SimpleData>
		<SimpleData name="LIC_LI_NO">31063-15</SimpleData>
		<SimpleData name="COMP_NAME">Tourmaline Oil Corp.</SimpleData>
		<SimpleData name="SEG_LENGTH">4.02</SimpleData>
		<SimpleData name="SEG_STATUS">Discontinued</SimpleData>
		<SimpleData name="FROM_FAC">Blind End</SimpleData>
		<SimpleData name="FROM_LOC">07-07-053-15W5</SimpleData>
		<SimpleData name="TO_FAC">Blind End</SimpleData>
		<SimpleData name="TO_LOC">11-11-053-16W5</SimpleData>
		<SimpleData name="OUT_DIAMET">168.3</SimpleData>
		<SimpleData name="PIP_MATERL">Steel</SimpleData>
		<SimpleData name="SUBSTANCE1">Natural Gas</SimpleData>
		<SimpleData name="GEOM_SRCE">Mapping</SimpleData>
		<SimpleData name="SHAPE_LEN">4031.60813135163</SimpleData>
	</SchemaData></ExtendedData>
      <MultiGeometry><LineString><coordinates>-116.250079165669,53.5646405434725 -116.245860891792,53.5649635127489 -116.239364107672,53.5687469183595 -116.212831328202,53.5688017175914 -116.210618570146,53.5688060579103 -116.197905371497,53.5616587400202 -116.197651113237,53.5608870101113</coordinates></LineString></MultiGeometry>
  </Placemark>
  <Placemark>
	<Style><LineStyle><color>ff0000ff</color></LineStyle><PolyStyle><fill>0</fill></PolyStyle></Style>
	<ExtendedData><SchemaData schemaUrl="#TOU_Edson_Sept2026">
		<SimpleData name="OBJECTID">42419492</SimpleData>
		<SimpleData name="LIC_LI_NO">31063-14</SimpleData>
		<SimpleData name="COMP_NAME">Tourmaline Oil Corp.</SimpleData>
		<SimpleData name="SEG_LENGTH">1.42</SimpleData>
		<SimpleData name="SEG_STATUS">Operating</SimpleData>
		<SimpleData name="FROM_FAC">Well</SimpleData>
		<SimpleData name="FROM_LOC">02-15-053-16W5</SimpleData>
		<SimpleData name="TO_FAC">Pipeline</SimpleData>
		<SimpleData name="TO_LOC">02-10-053-16W5</SimpleData>
		<SimpleData name="OUT_DIAMET">114.3</SimpleData>
		<SimpleData name="PIP_MATERL">Steel</SimpleData>
		<SimpleData name="SUBSTANCE1">Natural Gas</SimpleData>
		<SimpleData name="GEOM_SRCE">Mapping</SimpleData>
		<SimpleData name="SHAPE_LEN">1433.3346809250122</SimpleData>
	</SchemaData></ExtendedData>
      <MultiGeometry><LineString><coordinates>-116.268421131532,53.5584132489653 -116.267212666608,53.5596803792762 -116.267090395118,53.5597635993919 -116.266681653579,53.5600406811144 -116.269503609534,53.5708622162934</coordinates></LineString></MultiGeometry>
  </Placemark>
  <Placemark>
	<Style><LineStyle><color>ff0000ff</color></LineStyle><PolyStyle><fill>0</fill></PolyStyle></Style>
	<ExtendedData><SchemaData schemaUrl="#TOU_Edson_Sept2026">
		<SimpleData name="OBJECTID">42419895</SimpleData>
		<SimpleData name="LIC_LI_NO">13465-10</SimpleData>
		<SimpleData name="COMP_NAME">Tourmaline Oil Corp.</SimpleData>
		<SimpleData name="SEG_LENGTH">4.88</SimpleData>
		<SimpleData name="SEG_STATUS">Operating</SimpleData>
		<SimpleData name="FROM_FAC">Pipeline</SimpleData>
		<SimpleData name="FROM_LOC">10-22-054-15W5</SimpleData>
		<SimpleData name="TO_FAC">Gas Processing Plant</SimpleData>
		<SimpleData name="TO_LOC">16-33-054-15W5</SimpleData>
		<SimpleData name="OUT_DIAMET">60.3</SimpleData>
		<SimpleData name="PIP_MATERL">Steel</SimpleData>
		<SimpleData name="SUBSTANCE1">Fuel Gas</SimpleData>
		<SimpleData name="GEOM_SRCE">Mapping</SimpleData>
		<SimpleData name="SHAPE_LEN">4400.496675526201</SimpleData>
	</SchemaData></ExtendedData>
      <MultiGeometry><LineString><coordinates>-116.12419263313,53.6795859810231 -116.124395236464,53.7067378143532 -116.133290654445,53.7111154318309 -116.137737086929,53.711750871066 -116.141582253637,53.711767888096 -116.141604467178,53.7123307860054</coordinates></LineString></MultiGeometry>
  </Placemark>
  <Placemark>
	<Style><LineStyle><color>ff0000ff</color></LineStyle><PolyStyle><fill>0</fill></PolyStyle></Style>
	<ExtendedData><SchemaData schemaUrl="#TOU_Edson_Sept2026">
		<SimpleData name="OBJECTID">42421296</SimpleData>
		<SimpleData name="LIC_LI_NO">15682-19</SimpleData>
		<SimpleData name="COMP_NAME">Tourmaline Oil Corp.</SimpleData>
		<SimpleData name="SEG_LENGTH">0.4</SimpleData>
		<SimpleData name="SEG_STATUS">Abandoned</SimpleData>
		<SimpleData name="FROM_FAC">Blind End</SimpleData>
		<SimpleData name="FROM_LOC">05-31-053-14W5</SimpleData>
		<SimpleData name="TO_FAC">Blind End</SimpleData>
		<SimpleData name="TO_LOC">11-31-053-14W5</SimpleData>
		<SimpleData name="OUT_DIAMET">114.3</SimpleData>
		<SimpleData name="PIP_MATERL">Steel</SimpleData>
		<SimpleData name="SUBSTANCE1">Sour Natural Gas</SimpleData>
		<SimpleData name="GEOM_SRCE">Mapping</SimpleData>
		<SimpleData name="SHAPE_LEN">333.1100909579551</SimpleData>
	</SchemaData></ExtendedData>
      <MultiGeometry><LineString><coordinates>-116.058494235231,53.6221718171068 -116.060383139847,53.6199686502819 -116.059671101915,53.6196627355615</coordinates></LineString></MultiGeometry>
  </Placemark>
  <Placemark>
	<Style><LineStyle><color>ff0000ff</color></LineStyle><PolyStyle><fill>0</fill></PolyStyle></Style>
	<ExtendedData><SchemaData schemaUrl="#TOU_Edson_Sept2026">
		<SimpleData name="OBJECTID">42421343</SimpleData>
		<SimpleData name="LIC_LI_NO">35928-1</SimpleData>
		<SimpleData name="COMP_NAME">Tourmaline Oil Corp.</SimpleData>
		<SimpleData name="SEG_LENGTH">1.63</SimpleData>
		<SimpleData name="SEG_STATUS">Operating</SimpleData>
		<SimpleData name="FROM_FAC">Well</SimpleData>
		<SimpleData name="FROM_LOC">11-31-053-14W5</SimpleData>
		<SimpleData name="TO_FAC">Pipeline</SimpleData>
		<SimpleData name="TO_LOC">11-36-053-15W5</SimpleData>
		<SimpleData name="OUT_DIAMET">114.3</SimpleData>
		<SimpleData name="PIP_MATERL">Steel</SimpleData>
		<SimpleData name="SUBSTANCE1">Natural Gas</SimpleData>
		<SimpleData name="GEOM_SRCE">Mapping</SimpleData>
		<SimpleData name="SHAPE_LEN">1822.1782617954796</SimpleData>
	</SchemaData></ExtendedData>
      <MultiGeometry><LineString><coordinates>-116.082502160357,53.6226073389195 -116.082336490357,53.6226353648308 -116.081902982266,53.6226296623623 -116.065481842652,53.6224081882893 -116.054956938239,53.6222583518434</coordinates></LineString></MultiGeometry>
  </Placemark>
  <Placemark>
	<Style><LineStyle><color>ff0000ff</color></LineStyle><PolyStyle><fill>0</fill></PolyStyle></Style>
	<ExtendedData><SchemaData schemaUrl="#TOU_Edson_Sept2026">
		<SimpleData name="OBJECTID">42421366</SimpleData>
		<SimpleData name="LIC_LI_NO">35928-2</SimpleData>
		<SimpleData name="COMP_NAME">Tourmaline Oil Corp.</SimpleData>
		<SimpleData name="SEG_LENGTH">1.1</SimpleData>
		<SimpleData name="SEG_STATUS">Operating</SimpleData>
		<SimpleData name="FROM_FAC">Well</SimpleData>
		<SimpleData name="FROM_LOC">03-06-054-14W5</SimpleData>
		<SimpleData name="TO_FAC">Pipeline</SimpleData>
		<SimpleData name="TO_LOC">11-31-053-14W5</SimpleData>
		<SimpleData name="OUT_DIAMET">88.9</SimpleData>
		<SimpleData name="PIP_MATERL">Steel</SimpleData>
		<SimpleData name="SUBSTANCE1">Natural Gas</SimpleData>
		<SimpleData name="GEOM_SRCE">Mapping</SimpleData>
		<SimpleData name="SHAPE_LEN">1201.70919351154</SimpleData>
	</SchemaData></ExtendedData>
      <MultiGeometry><LineString><coordinates>-116.058380204886,53.6317061679932 -116.056283243263,53.6317710922208 -116.055882099675,53.6283024379301 -116.055455542747,53.6271346531285 -116.054956938239,53.6222583518434</coordinates></LineString></MultiGeometry>
  </Placemark>
  <Placemark>
	<Style><LineStyle><color>ff0000ff</color></LineStyle><PolyStyle><fill>0</fill></PolyStyle></Style>
	<ExtendedData><SchemaData schemaUrl="#TOU_Edson_Sept2026">
		<SimpleData name="OBJECTID">42421367</SimpleData>
		<SimpleData name="LIC_LI_NO">10301-3</SimpleData>
		<SimpleData name="COMP_NAME">Tourmaline Oil Corp.</SimpleData>
		<SimpleData name="SEG_LENGTH">0.29</SimpleData>
		<SimpleData name="SEG_STATUS">Abandoned</SimpleData>
		<SimpleData name="FROM_FAC">Blind End</SimpleData>
		<SimpleData name="FROM_LOC">16-33-054-15W5</SimpleData>
		<SimpleData name="TO_FAC">Blind End</SimpleData>
		<SimpleData name="TO_LOC">09-33-054-15W5</SimpleData>
		<SimpleData name="OUT_DIAMET">168.3</SimpleData>
		<SimpleData name="PIP_MATERL">Steel</SimpleData>
		<SimpleData name="SUBSTANCE1">Natural Gas</SimpleData>
		<SimpleData name="GEOM_SRCE">Mapping</SimpleData>
		<SimpleData name="SHAPE_LEN">281.5330470038238</SimpleData>
	</SchemaData></ExtendedData>
      <MultiGeometry><LineString><coordinates>-116.143385449094,53.7128424814975 -116.1433828332,53.7114149466681 -116.145243218102,53.7114328666097</coordinates></LineString></MultiGeometry>
  </Placemark>
  <Placemark>
	<Style><LineStyle><color>ff0000ff</color></LineStyle><PolyStyle><fill>0</fill></PolyStyle></Style>
	<ExtendedData><SchemaData schemaUrl="#TOU_Edson_Sept2026">
		<SimpleData name="OBJECTID">42421732</SimpleData>
		<SimpleData name="LIC_LI_NO">15682-16</SimpleData>
		<SimpleData name="COMP_NAME">Tourmaline Oil Corp.</SimpleData>
		<SimpleData name="SEG_LENGTH">1.61</SimpleData>
		<SimpleData name="SEG_STATUS">Discontinued</SimpleData>
		<SimpleData name="FROM_FAC">Blind End</SimpleData>
		<SimpleData name="FROM_LOC">11-31-053-14W5</SimpleData>
		<SimpleData name="TO_FAC">Blind End</SimpleData>
		<SimpleData name="TO_LOC">11-36-053-15W5</SimpleData>
		<SimpleData name="OUT_DIAMET">114.3</SimpleData>
		<SimpleData name="PIP_MATERL">Steel</SimpleData>
		<SimpleData name="SUBSTANCE1">Sour Natural Gas</SimpleData>
		<SimpleData name="GEOM_SRCE">Mapping</SimpleData>
		<SimpleData name="SHAPE_LEN">1810.1288517886617</SimpleData>
	</SchemaData></ExtendedData>
      <MultiGeometry><LineString><coordinates>-116.054962147569,53.6221215295255 -116.065487162476,53.6222710947311 -116.082331623285,53.6224983625853</coordinates></LineString></MultiGeometry>
  </Placemark>
  <Placemark>
	<Style><LineStyle><color>ff0000ff</color></LineStyle><PolyStyle><fill>0</fill></PolyStyle></Style>
	<ExtendedData><SchemaData schemaUrl="#TOU_Edson_Sept2026">
		<SimpleData name="OBJECTID">42422807</SimpleData>
		<SimpleData name="LIC_LI_NO">13465-8</SimpleData>
		<SimpleData name="COMP_NAME">Tourmaline Oil Corp.</SimpleData>
		<SimpleData name="SEG_LENGTH">0.9</SimpleData>
		<SimpleData name="SEG_STATUS">Abandoned</SimpleData>
		<SimpleData name="FROM_FAC">Blind End</SimpleData>
		<SimpleData name="FROM_LOC">16-15-054-15W5</SimpleData>
		<SimpleData name="TO_FAC">Blind End</SimpleData>
		<SimpleData name="TO_LOC">08-22-054-15W5</SimpleData>
		<SimpleData name="OUT_DIAMET">60.3</SimpleData>
		<SimpleData name="PIP_MATERL">Steel</SimpleData>
		<SimpleData name="SUBSTANCE1">Fuel Gas</SimpleData>
		<SimpleData name="GEOM_SRCE">Mapping</SimpleData>
		<SimpleData name="SHAPE_LEN">843.7106443548512</SimpleData>
	</SchemaData></ExtendedData>
      <MultiGeometry><LineString><coordinates>-116.117804228054,53.6789548836247 -116.115677867268,53.6771163195831 -116.114668189634,53.6745437920418 -116.114735257853,53.6718296764389</coordinates></LineString></MultiGeometry>
  </Placemark>
  <Placemark>
	<Style><LineStyle><color>ff0000ff</color></LineStyle><PolyStyle><fill>0</fill></PolyStyle></Style>
	<ExtendedData><SchemaData schemaUrl="#TOU_Edson_Sept2026">
		<SimpleData name="OBJECTID">42436414</SimpleData>
		<SimpleData name="LIC_LI_NO">43863-1</SimpleData>
		<SimpleData name="COMP_NAME">Tourmaline Oil Corp.</SimpleData>
		<SimpleData name="SEG_LENGTH">1.34</SimpleData>
		<SimpleData name="SEG_STATUS">Operating</SimpleData>
		<SimpleData name="FROM_FAC">Battery</SimpleData>
		<SimpleData name="FROM_LOC">14-12-053-15W5</SimpleData>
		<SimpleData name="TO_FAC">Battery</SimpleData>
		<SimpleData name="TO_LOC">10-13-053-15W5</SimpleData>
		<SimpleData name="OUT_DIAMET">88.9</SimpleData>
		<SimpleData name="PIP_MATERL">Steel</SimpleData>
		<SimpleData name="SUBSTANCE1">Natural Gas</SimpleData>
		<SimpleData name="GEOM_SRCE">Mapping</SimpleData>
		<SimpleData name="SHAPE_LEN">1283.354034315962</SimpleData>
	</SchemaData></ExtendedData>
      <MultiGeometry><LineString><coordinates>-116.076233859136,53.5778585759187 -116.076723143624,53.5709258055441 -116.076856667411,53.5699317271976 -116.077351392096,53.5688901520346 -116.078061441158,53.5675191226376 -116.079768198875,53.5671351195724</coordinates></LineString></MultiGeometry>
  </Placemark>
  <Placemark>
	<Style><LineStyle><color>ff0000ff</color></LineStyle><PolyStyle><fill>0</fill></PolyStyle></Style>
	<ExtendedData><SchemaData schemaUrl="#TOU_Edson_Sept2026">
		<SimpleData name="OBJECTID">42442417</SimpleData>
		<SimpleData name="LIC_LI_NO">42071-3</SimpleData>
		<SimpleData name="COMP_NAME">Tourmaline Oil Corp.</SimpleData>
		<SimpleData name="SEG_LENGTH">2.51</SimpleData>
		<SimpleData name="SEG_STATUS">Operating</SimpleData>
		<SimpleData name="FROM_FAC">Well</SimpleData>
		<SimpleData name="FROM_LOC">10-10-053-15W5</SimpleData>
		<SimpleData name="TO_FAC">Pipeline</SimpleData>
		<SimpleData name="TO_LOC">03-16-053-15W5</SimpleData>
		<SimpleData name="OUT_DIAMET">168.3</SimpleData>
		<SimpleData name="PIP_MATERL">Steel</SimpleData>
		<SimpleData name="SUBSTANCE1">Natural Gas</SimpleData>
		<SimpleData name="GEOM_SRCE">Mapping</SimpleData>
		<SimpleData name="SHAPE_LEN">2523.558536611861</SimpleData>
	</SchemaData></ExtendedData>
      <MultiGeometry><LineString><coordinates>-116.124752925847,53.564419352639 -116.126118886102,53.5652034319637 -116.126292485531,53.5695880661046 -116.126722009594,53.5698220574409 -116.126784398489,53.5706344971239 -116.132144936843,53.5706539348892 -116.132601252261,53.5706394533868 -116.139981347105,53.5705396713428 -116.14390025382,53.5720399192578 -116.147358783834,53.5722624582154 -116.151397131447,53.5725656475639 -116.152359227117,53.5732490006304</coordinates></LineString></MultiGeometry>
  </Placemark>
  <Placemark>
	<Style><LineStyle><color>ff0000ff</color></LineStyle><PolyStyle><fill>0</fill></PolyStyle></Style>
	<ExtendedData><SchemaData schemaUrl="#TOU_Edson_Sept2026">
		<SimpleData name="OBJECTID">42453010</SimpleData>
		<SimpleData name="LIC_LI_NO">61813-9</SimpleData>
		<SimpleData name="COMP_NAME">Tourmaline Oil Corp.</SimpleData>
		<SimpleData name="SEG_LENGTH">0.32</SimpleData>
		<SimpleData name="SEG_STATUS">Operating</SimpleData>
		<SimpleData name="FROM_FAC">Well</SimpleData>
		<SimpleData name="FROM_LOC">03-34-051-15W5</SimpleData>
		<SimpleData name="TO_FAC">Pipeline</SimpleData>
		<SimpleData name="TO_LOC">03-34-051-15W5</SimpleData>
		<SimpleData name="OUT_DIAMET">114.3</SimpleData>
		<SimpleData name="PIP_MATERL">Steel</SimpleData>
		<SimpleData name="SUBSTANCE1">Sour Natural Gas</SimpleData>
		<SimpleData name="GEOM_SRCE">Mapping</SimpleData>
		<SimpleData name="SHAPE_LEN">294.43324489420405</SimpleData>
	</SchemaData></ExtendedData>
      <MultiGeometry><LineString><coordinates>-116.128411849339,53.4419147277968 -116.129699925659,53.4414429275695 -116.130891265999,53.4399554754902 -116.130960948315,53.4398684839583</coordinates></LineString></MultiGeometry>
  </Placemark>
  <Placemark>
	<Style><LineStyle><color>ff0000ff</color></LineStyle><PolyStyle><fill>0</fill></PolyStyle></Style>
	<ExtendedData><SchemaData schemaUrl="#TOU_Edson_Sept2026">
		<SimpleData name="OBJECTID">42504601</SimpleData>
		<SimpleData name="LIC_LI_NO">47423-1</SimpleData>
		<SimpleData name="COMP_NAME">Tourmaline Oil Corp.</SimpleData>
		<SimpleData name="SEG_LENGTH">1.4</SimpleData>
		<SimpleData name="SEG_STATUS">Discontinued</SimpleData>
		<SimpleData name="FROM_FAC">Blind End</SimpleData>
		<SimpleData name="FROM_LOC">11-19-049-14W5</SimpleData>
		<SimpleData name="TO_FAC">Blind End</SimpleData>
		<SimpleData name="TO_LOC">04-30-049-14W5</SimpleData>
		<SimpleData name="OUT_DIAMET">114.3</SimpleData>
		<SimpleData name="PIP_MATERL">Steel</SimpleData>
		<SimpleData name="SUBSTANCE1">Natural Gas</SimpleData>
		<SimpleData name="GEOM_SRCE">Mapping</SimpleData>
		<SimpleData name="SHAPE_LEN">1355.4509802440114</SimpleData>
	</SchemaData></ExtendedData>
      <MultiGeometry><LineString><coordinates>-116.038253568624,53.2460588238846 -116.046640606629,53.2460353922491 -116.047796622517,53.2464431452754 -116.047786529047,53.2520747881732 -116.048143308437,53.252763848477</coordinates></LineString></MultiGeometry>
  </Placemark>
  <Placemark>
	<Style><LineStyle><color>ff0000ff</color></LineStyle><PolyStyle><fill>0</fill></PolyStyle></Style>
	<ExtendedData><SchemaData schemaUrl="#TOU_Edson_Sept2026">
		<SimpleData name="OBJECTID">42506206</SimpleData>
		<SimpleData name="LIC_LI_NO">61813-15</SimpleData>
		<SimpleData name="COMP_NAME">Tourmaline Oil Corp.</SimpleData>
		<SimpleData name="SEG_LENGTH">1.29</SimpleData>
		<SimpleData name="SEG_STATUS">Discontinued</SimpleData>
		<SimpleData name="FROM_FAC">Blind End</SimpleData>
		<SimpleData name="FROM_LOC">02-31-051-15W5</SimpleData>
		<SimpleData name="TO_FAC">Blind End</SimpleData>
		<SimpleData name="TO_LOC">04-32-051-15W5</SimpleData>
		<SimpleData name="OUT_DIAMET">114.3</SimpleData>
		<SimpleData name="PIP_MATERL">Steel</SimpleData>
		<SimpleData name="SUBSTANCE1">Sour Natural Gas</SimpleData>
		<SimpleData name="GEOM_SRCE">Mapping</SimpleData>
		<SimpleData name="SHAPE_LEN">1264.3753305439677</SimpleData>
	</SchemaData></ExtendedData>
      <MultiGeometry><LineString><coordinates>-116.183643833929,53.441934974848 -116.183681309846,53.4400537353821 -116.193179756097,53.4400174164216 -116.195839793417,53.4423419262262 -116.197392737998,53.4427182811228</coordinates></LineString></MultiGeometry>
  </Placemark>
  <Placemark>
	<Style><LineStyle><color>ff0000ff</color></LineStyle><PolyStyle><fill>0</fill></PolyStyle></Style>
	<ExtendedData><SchemaData schemaUrl="#TOU_Edson_Sept2026">
		<SimpleData name="OBJECTID">42506307</SimpleData>
		<SimpleData name="LIC_LI_NO">47557-2</SimpleData>
		<SimpleData name="COMP_NAME">Tourmaline Oil Corp.</SimpleData>
		<SimpleData name="SEG_LENGTH">1.9</SimpleData>
		<SimpleData name="SEG_STATUS">Discontinued</SimpleData>
		<SimpleData name="FROM_FAC">Blind End</SimpleData>
		<SimpleData name="FROM_LOC">06-35-052-16W5</SimpleData>
		<SimpleData name="TO_FAC">Blind End</SimpleData>
		<SimpleData name="TO_LOC">14-34-052-16W5</SimpleData>
		<SimpleData name="OUT_DIAMET">114.3</SimpleData>
		<SimpleData name="PIP_MATERL">Steel</SimpleData>
		<SimpleData name="SUBSTANCE1">Natural Gas</SimpleData>
		<SimpleData name="GEOM_SRCE">Mapping</SimpleData>
		<SimpleData name="SHAPE_LEN">2043.3207977400143</SimpleData>
	</SchemaData></ExtendedData>
      <MultiGeometry><LineString><coordinates>-116.2545625782,53.5316019668708 -116.255692227636,53.5319904699993 -116.271289996613,53.5325966000352 -116.271392152129,53.5326005494966 -116.279122867513,53.5372540122867 -116.279134453983,53.5374080256707 -116.279247418927,53.5389267918793</coordinates></LineString></MultiGeometry>
  </Placemark>
  <Placemark>
	<Style><LineStyle><color>ff0000ff</color></LineStyle><PolyStyle><fill>0</fill></PolyStyle></Style>
	<ExtendedData><SchemaData schemaUrl="#TOU_Edson_Sept2026">
		<SimpleData name="OBJECTID">42507905</SimpleData>
		<SimpleData name="LIC_LI_NO">47557-1</SimpleData>
		<SimpleData name="COMP_NAME">Tourmaline Oil Corp.</SimpleData>
		<SimpleData name="SEG_LENGTH">2.6</SimpleData>
		<SimpleData name="SEG_STATUS">Discontinued</SimpleData>
		<SimpleData name="FROM_FAC">Blind End</SimpleData>
		<SimpleData name="FROM_LOC">08-36-052-16W5</SimpleData>
		<SimpleData name="TO_FAC">Blind End</SimpleData>
		<SimpleData name="TO_LOC">06-35-052-16W5</SimpleData>
		<SimpleData name="OUT_DIAMET">114.3</SimpleData>
		<SimpleData name="PIP_MATERL">Steel</SimpleData>
		<SimpleData name="SUBSTANCE1">Natural Gas</SimpleData>
		<SimpleData name="GEOM_SRCE">Mapping</SimpleData>
		<SimpleData name="SHAPE_LEN">2573.1267692039173</SimpleData>
	</SchemaData></ExtendedData>
      <MultiGeometry><LineString><coordinates>-116.215852773931,53.5315084364925 -116.225656447054,53.531344761838 -116.252755184917,53.5319632756064 -116.2545625782,53.5316019668708</coordinates></LineString></MultiGeometry>
  </Placemark>
  <Placemark>
	<Style><LineStyle><color>ff0000ff</color></LineStyle><PolyStyle><fill>0</fill></PolyStyle></Style>
	<ExtendedData><SchemaData schemaUrl="#TOU_Edson_Sept2026">
		<SimpleData name="OBJECTID">42508136</SimpleData>
		<SimpleData name="LIC_LI_NO">13465-3</SimpleData>
		<SimpleData name="COMP_NAME">Tourmaline Oil Corp.</SimpleData>
		<SimpleData name="SEG_LENGTH">2.59</SimpleData>
		<SimpleData name="SEG_STATUS">Operating</SimpleData>
		<SimpleData name="FROM_FAC">Pipeline</SimpleData>
		<SimpleData name="FROM_LOC">07-14-054-15W5</SimpleData>
		<SimpleData name="TO_FAC">Pipeline</SimpleData>
		<SimpleData name="TO_LOC">10-22-054-15W5</SimpleData>
		<SimpleData name="OUT_DIAMET">60.3</SimpleData>
		<SimpleData name="PIP_MATERL">Steel</SimpleData>
		<SimpleData name="SUBSTANCE1">Fuel Gas</SimpleData>
		<SimpleData name="GEOM_SRCE">Mapping</SimpleData>
		<SimpleData name="SHAPE_LEN">1948.7076724674243</SimpleData>
	</SchemaData></ExtendedData>
      <MultiGeometry><LineString><coordinates>-116.123887961416,53.67958884038 -116.114956754555,53.6718275243418 -116.113156322316,53.6718278175677 -116.103928724411,53.6673881170724</coordinates></LineString></MultiGeometry>
  </Placemark>
  <Placemark>
	<Style><LineStyle><color>ff0000ff</color></LineStyle><PolyStyle><fill>0</fill></PolyStyle></Style>
	<ExtendedData><SchemaData schemaUrl="#TOU_Edson_Sept2026">
		<SimpleData name="OBJECTID">42514681</SimpleData>
		<SimpleData name="LIC_LI_NO">47910-1</SimpleData>
		<SimpleData name="COMP_NAME">Tourmaline Oil Corp.</SimpleData>
		<SimpleData name="SEG_LENGTH">2.65</SimpleData>
		<SimpleData name="SEG_STATUS">Discontinued</SimpleData>
		<SimpleData name="FROM_FAC">Blind End</SimpleData>
		<SimpleData name="FROM_LOC">11-17-049-15W5</SimpleData>
		<SimpleData name="TO_FAC">Blind End</SimpleData>
		<SimpleData name="TO_LOC">13-20-049-15W5</SimpleData>
		<SimpleData name="OUT_DIAMET">114.3</SimpleData>
		<SimpleData name="PIP_MATERL">Steel</SimpleData>
		<SimpleData name="SUBSTANCE1">Natural Gas</SimpleData>
		<SimpleData name="GEOM_SRCE">Mapping</SimpleData>
		<SimpleData name="SHAPE_LEN">2558.367981831872</SimpleData>
	</SchemaData></ExtendedData>
      <MultiGeometry><LineString><coordinates>-116.162179325037,53.2306111876068 -116.163959546978,53.2317988147603 -116.165611038542,53.2323434911986 -116.165532239224,53.2350321492905 -116.170807165437,53.2403171762632 -116.171712374393,53.2403007362756 -116.172082827039,53.2405083801653 -116.172451036593,53.2443154657109 -116.173021746174,53.2458643163562 -116.173036190186,53.246392391237 -116.16721241669,53.246426919965 -116.165684305137,53.2471360997747</coordinates></LineString></MultiGeometry>
  </Placemark>
  <Placemark>
	<Style><LineStyle><color>ff0000ff</color></LineStyle><PolyStyle><fill>0</fill></PolyStyle></Style>
	<ExtendedData><SchemaData schemaUrl="#TOU_Edson_Sept2026">
		<SimpleData name="OBJECTID">42521852</SimpleData>
		<SimpleData name="LIC_LI_NO">47910-2</SimpleData>
		<SimpleData name="COMP_NAME">Tourmaline Oil Corp.</SimpleData>
		<SimpleData name="SEG_LENGTH">0.81</SimpleData>
		<SimpleData name="SEG_STATUS">Operating</SimpleData>
		<SimpleData name="FROM_FAC">Well</SimpleData>
		<SimpleData name="FROM_LOC">16-31-049-15W5</SimpleData>
		<SimpleData name="TO_FAC">Pipeline</SimpleData>
		<SimpleData name="TO_LOC">08-31-049-15W5</SimpleData>
		<SimpleData name="OUT_DIAMET">114.3</SimpleData>
		<SimpleData name="PIP_MATERL">Steel</SimpleData>
		<SimpleData name="SUBSTANCE1">Natural Gas</SimpleData>
		<SimpleData name="GEOM_SRCE">Mapping</SimpleData>
		<SimpleData name="SHAPE_LEN">894.2482527427275</SimpleData>
	</SchemaData></ExtendedData>
      <MultiGeometry><LineString><coordinates>-116.177237560464,53.2762779839198 -116.176068881025,53.2746118341532 -116.175963257114,53.2729329888914 -116.173506796003,53.2715057303919 -116.172154473971,53.2705339428624 -116.171574983358,53.2693463992661</coordinates></LineString></MultiGeometry>
  </Placemark>
  <Placemark>
	<Style><LineStyle><color>ff0000ff</color></LineStyle><PolyStyle><fill>0</fill></PolyStyle></Style>
	<ExtendedData><SchemaData schemaUrl="#TOU_Edson_Sept2026">
		<SimpleData name="OBJECTID">42524183</SimpleData>
		<SimpleData name="LIC_LI_NO">42413-2</SimpleData>
		<SimpleData name="COMP_NAME">Tourmaline Oil Corp.</SimpleData>
		<SimpleData name="SEG_LENGTH">0.59</SimpleData>
		<SimpleData name="SEG_STATUS">Operating</SimpleData>
		<SimpleData name="FROM_FAC">Well</SimpleData>
		<SimpleData name="FROM_LOC">13-17-053-15W5</SimpleData>
		<SimpleData name="TO_FAC">Pipeline</SimpleData>
		<SimpleData name="TO_LOC">14-17-053-15W5</SimpleData>
		<SimpleData name="OUT_DIAMET">114.3</SimpleData>
		<SimpleData name="PIP_MATERL">Steel</SimpleData>
		<SimpleData name="SUBSTANCE1">Natural Gas</SimpleData>
		<SimpleData name="GEOM_SRCE">Mapping</SimpleData>
		<SimpleData name="SHAPE_LEN">560.9849250509847</SimpleData>
	</SchemaData></ExtendedData>
      <MultiGeometry><LineString><coordinates>-116.183597985713,53.5833483493947 -116.182568817333,53.5836087160187 -116.18104620347,53.5847583350163 -116.176147620157,53.5847658653155</coordinates></LineString></MultiGeometry>
  </Placemark>
  <Placemark>
	<Style><LineStyle><color>ff0000ff</color></LineStyle><PolyStyle><fill>0</fill></PolyStyle></Style>
	<ExtendedData><SchemaData schemaUrl="#TOU_Edson_Sept2026">
		<SimpleData name="OBJECTID">42524854</SimpleData>
		<SimpleData name="LIC_LI_NO">31063-21</SimpleData>
		<SimpleData name="COMP_NAME">Tourmaline Oil Corp.</SimpleData>
		<SimpleData name="SEG_LENGTH">0.95</SimpleData>
		<SimpleData name="SEG_STATUS">Operating</SimpleData>
		<SimpleData name="FROM_FAC">Pipeline</SimpleData>
		<SimpleData name="FROM_LOC">13-09-053-15W5</SimpleData>
		<SimpleData name="TO_FAC">Pipeline</SimpleData>
		<SimpleData name="TO_LOC">03-16-053-15W5</SimpleData>
		<SimpleData name="OUT_DIAMET">114.3</SimpleData>
		<SimpleData name="PIP_MATERL">Steel</SimpleData>
		<SimpleData name="SUBSTANCE1">Natural Gas</SimpleData>
		<SimpleData name="GEOM_SRCE">Mapping</SimpleData>
		<SimpleData name="SHAPE_LEN">945.4404683074998</SimpleData>
	</SchemaData></ExtendedData>
      <MultiGeometry><LineString><coordinates>-116.158257131386,53.5695776011995 -116.158649474179,53.5699923219595 -116.158661520587,53.5705711554888 -116.15100603282,53.570609543497 -116.151018371181,53.5725379980861 -116.151278720018,53.5726949331968 -116.152077505562,53.5732620559553</coordinates></LineString></MultiGeometry>
  </Placemark>
  <Placemark>
	<Style><LineStyle><color>ff0000ff</color></LineStyle><PolyStyle><fill>0</fill></PolyStyle></Style>
	<ExtendedData><SchemaData schemaUrl="#TOU_Edson_Sept2026">
		<SimpleData name="OBJECTID">42526966</SimpleData>
		<SimpleData name="LIC_LI_NO">61813-18</SimpleData>
		<SimpleData name="COMP_NAME">Tourmaline Oil Corp.</SimpleData>
		<SimpleData name="SEG_LENGTH">0.67</SimpleData>
		<SimpleData name="SEG_STATUS">Operating</SimpleData>
		<SimpleData name="FROM_FAC">Well</SimpleData>
		<SimpleData name="FROM_LOC">16-27-051-15W5</SimpleData>
		<SimpleData name="TO_FAC">Pipeline</SimpleData>
		<SimpleData name="TO_LOC">07-27-051-15W5</SimpleData>
		<SimpleData name="OUT_DIAMET">114.3</SimpleData>
		<SimpleData name="PIP_MATERL">Steel</SimpleData>
		<SimpleData name="SUBSTANCE1">Sour Natural Gas</SimpleData>
		<SimpleData name="GEOM_SRCE">Mapping</SimpleData>
		<SimpleData name="SHAPE_LEN">809.5360004538122</SimpleData>
	</SchemaData></ExtendedData>
      <MultiGeometry><LineString><coordinates>-116.118944307829,53.4370612226909 -116.118869474573,53.4348432044388 -116.124152068805,53.432848895276 -116.124210081107,53.4315208214941</coordinates></LineString></MultiGeometry>
  </Placemark>
  <Placemark>
	<Style><LineStyle><color>ff0000ff</color></LineStyle><PolyStyle><fill>0</fill></PolyStyle></Style>
	<ExtendedData><SchemaData schemaUrl="#TOU_Edson_Sept2026">
		<SimpleData name="OBJECTID">42528792</SimpleData>
		<SimpleData name="LIC_LI_NO">61813-4</SimpleData>
		<SimpleData name="COMP_NAME">Tourmaline Oil Corp.</SimpleData>
		<SimpleData name="SEG_LENGTH">0.9</SimpleData>
		<SimpleData name="SEG_STATUS">Operating</SimpleData>
		<SimpleData name="FROM_FAC">Well</SimpleData>
		<SimpleData name="FROM_LOC">07-27-051-15W5</SimpleData>
		<SimpleData name="TO_FAC">Pipeline</SimpleData>
		<SimpleData name="TO_LOC">10-27-051-15W5</SimpleData>
		<SimpleData name="OUT_DIAMET">114.3</SimpleData>
		<SimpleData name="PIP_MATERL">Steel</SimpleData>
		<SimpleData name="SUBSTANCE1">Sour Natural Gas</SimpleData>
		<SimpleData name="GEOM_SRCE">Mapping</SimpleData>
		<SimpleData name="SHAPE_LEN">100.07667081905913</SimpleData>
	</SchemaData></ExtendedData>
      <MultiGeometry><LineString><coordinates>-116.124210081107,53.4315208214941 -116.124439742596,53.4315217174207 -116.124430209675,53.4322844026123</coordinates></LineString></MultiGeometry>
  </Placemark>
  <Placemark>
	<Style><LineStyle><color>ff0000ff</color></LineStyle><PolyStyle><fill>0</fill></PolyStyle></Style>
	<ExtendedData><SchemaData schemaUrl="#TOU_Edson_Sept2026">
		<SimpleData name="OBJECTID">42532418</SimpleData>
		<SimpleData name="LIC_LI_NO">14074-1</SimpleData>
		<SimpleData name="COMP_NAME">Tourmaline Oil Corp.</SimpleData>
		<SimpleData name="SEG_LENGTH">0.26</SimpleData>
		<SimpleData name="SEG_STATUS">Operating</SimpleData>
		<SimpleData name="FROM_FAC">Gas Processing Plant</SimpleData>
		<SimpleData name="FROM_LOC">10-11-054-15W5</SimpleData>
		<SimpleData name="TO_FAC">Meter Station</SimpleData>
		<SimpleData name="TO_LOC">10-11-054-15W5</SimpleData>
		<SimpleData name="OUT_DIAMET">219.9</SimpleData>
		<SimpleData name="PIP_MATERL">Steel</SimpleData>
		<SimpleData name="SUBSTANCE1">Natural Gas</SimpleData>
		<SimpleData name="GEOM_SRCE">Mapping</SimpleData>
		<SimpleData name="SHAPE_LEN">55.52586094076222</SimpleData>
	</SchemaData></ExtendedData>
      <MultiGeometry><LineString><coordinates>-116.100710986912,53.6529074062564 -116.100874573718,53.6524176980751</coordinates></LineString></MultiGeometry>
  </Placemark>
  <Placemark>
	<Style><LineStyle><color>ff0000ff</color></LineStyle><PolyStyle><fill>0</fill></PolyStyle></Style>
	<ExtendedData><SchemaData schemaUrl="#TOU_Edson_Sept2026">
		<SimpleData name="OBJECTID">42533142</SimpleData>
		<SimpleData name="LIC_LI_NO">50204-1</SimpleData>
		<SimpleData name="COMP_NAME">Tourmaline Oil Corp.</SimpleData>
		<SimpleData name="SEG_LENGTH">0.97</SimpleData>
		<SimpleData name="SEG_STATUS">Discontinued</SimpleData>
		<SimpleData name="FROM_FAC">Blind End</SimpleData>
		<SimpleData name="FROM_LOC">07-14-054-16W5</SimpleData>
		<SimpleData name="TO_FAC">Blind End</SimpleData>
		<SimpleData name="TO_LOC">14-11-054-16W5</SimpleData>
		<SimpleData name="OUT_DIAMET">114.3</SimpleData>
		<SimpleData name="PIP_MATERL">Steel</SimpleData>
		<SimpleData name="SUBSTANCE1">Natural Gas</SimpleData>
		<SimpleData name="GEOM_SRCE">Mapping</SimpleData>
		<SimpleData name="SHAPE_LEN">952.9398021560909</SimpleData>
	</SchemaData></ExtendedData>
      <MultiGeometry><LineString><coordinates>-116.244977547831,53.6617667610156 -116.244758118153,53.6602244056498 -116.244988049136,53.659327393595 -116.245437134913,53.6587992737843 -116.24564887591,53.6581663626985 -116.2461473304,53.6565315361524 -116.248064409777,53.6563450157668 -116.251402151419,53.6557839031147</coordinates></LineString></MultiGeometry>
  </Placemark>
  <Placemark>
	<Style><LineStyle><color>ff0000ff</color></LineStyle><PolyStyle><fill>0</fill></PolyStyle></Style>
	<ExtendedData><SchemaData schemaUrl="#TOU_Edson_Sept2026">
		<SimpleData name="OBJECTID">42534708</SimpleData>
		<SimpleData name="LIC_LI_NO">45269-2</SimpleData>
		<SimpleData name="COMP_NAME">Tourmaline Oil Corp.</SimpleData>
		<SimpleData name="SEG_LENGTH">0.28</SimpleData>
		<SimpleData name="SEG_STATUS">Operating</SimpleData>
		<SimpleData name="FROM_FAC">Well</SimpleData>
		<SimpleData name="FROM_LOC">12-16-053-15W5</SimpleData>
		<SimpleData name="TO_FAC">Pipeline</SimpleData>
		<SimpleData name="TO_LOC">13-16-053-15W5</SimpleData>
		<SimpleData name="OUT_DIAMET">88.9</SimpleData>
		<SimpleData name="PIP_MATERL">Steel</SimpleData>
		<SimpleData name="SUBSTANCE1">Natural Gas</SimpleData>
		<SimpleData name="GEOM_SRCE">Mapping</SimpleData>
		<SimpleData name="SHAPE_LEN">343.12287011939713</SimpleData>
	</SchemaData></ExtendedData>
      <MultiGeometry><LineString><coordinates>-116.161493685896,53.5796148049557 -116.158970391027,53.581721714291 -116.158484608172,53.5821271335401</coordinates></LineString></MultiGeometry>
  </Placemark>
  <Placemark>
	<Style><LineStyle><color>ff0000ff</color></LineStyle><PolyStyle><fill>0</fill></PolyStyle></Style>
	<ExtendedData><SchemaData schemaUrl="#TOU_Edson_Sept2026">
		<SimpleData name="OBJECTID">42536589</SimpleData>
		<SimpleData name="LIC_LI_NO">50289-2</SimpleData>
		<SimpleData name="COMP_NAME">Tourmaline Oil Corp.</SimpleData>
		<SimpleData name="SEG_LENGTH">1.06</SimpleData>
		<SimpleData name="SEG_STATUS">Operating</SimpleData>
		<SimpleData name="FROM_FAC">Compressor Station</SimpleData>
		<SimpleData name="FROM_LOC">05-26-052-17W5</SimpleData>
		<SimpleData name="TO_FAC">Pipeline</SimpleData>
		<SimpleData name="TO_LOC">07-27-052-17W5</SimpleData>
		<SimpleData name="OUT_DIAMET">168.3</SimpleData>
		<SimpleData name="PIP_MATERL">Steel</SimpleData>
		<SimpleData name="SUBSTANCE1">Natural Gas</SimpleData>
		<SimpleData name="GEOM_SRCE">Mapping</SimpleData>
		<SimpleData name="SHAPE_LEN">1027.6210951648225</SimpleData>
	</SchemaData></ExtendedData>
      <MultiGeometry><LineString><coordinates>-116.404355174099,53.516407324249 -116.405256982931,53.5172038517154 -116.414718353015,53.5172064657062 -116.415297491489,53.5175375690122 -116.417308439423,53.5175605974752 -116.417205152928,53.5165998355201</coordinates></LineString></MultiGeometry>
  </Placemark>
  <Placemark>
	<Style><LineStyle><color>ff0000ff</color></LineStyle><PolyStyle><fill>0</fill></PolyStyle></Style>
	<ExtendedData><SchemaData schemaUrl="#TOU_Edson_Sept2026">
		<SimpleData name="OBJECTID">42536633</SimpleData>
		<SimpleData name="LIC_LI_NO">50289-5</SimpleData>
		<SimpleData name="COMP_NAME">Tourmaline Oil Corp.</SimpleData>
		<SimpleData name="SEG_LENGTH">1.81</SimpleData>
		<SimpleData name="SEG_STATUS">Operating</SimpleData>
		<SimpleData name="FROM_FAC">Well</SimpleData>
		<SimpleData name="FROM_LOC">04-31-052-16W5</SimpleData>
		<SimpleData name="TO_FAC">Pipeline</SimpleData>
		<SimpleData name="TO_LOC">04-36-052-17W5</SimpleData>
		<SimpleData name="OUT_DIAMET">168.3</SimpleData>
		<SimpleData name="PIP_MATERL">Steel</SimpleData>
		<SimpleData name="SUBSTANCE1">Natural Gas</SimpleData>
		<SimpleData name="GEOM_SRCE">Mapping</SimpleData>
		<SimpleData name="SHAPE_LEN">2085.7038397366823</SimpleData>
	</SchemaData></ExtendedData>
      <MultiGeometry><LineString><coordinates>-116.380146795307,53.5292696680824 -116.376176949624,53.5300699408059 -116.37384705934,53.5283104601557 -116.373046249892,53.5291416182803 -116.371446336896,53.5284679721325 -116.370254030867,53.5307787194522 -116.36042616252,53.5304772745398 -116.355112201813,53.5303138778288 -116.354522732713,53.5300517578844</coordinates></LineString></MultiGeometry>
  </Placemark>
  <Placemark>
	<Style><LineStyle><color>ff0000ff</color></LineStyle><PolyStyle><fill>0</fill></PolyStyle></Style>
	<ExtendedData><SchemaData schemaUrl="#TOU_Edson_Sept2026">
		<SimpleData name="OBJECTID">42537456</SimpleData>
		<SimpleData name="LIC_LI_NO">43863-3</SimpleData>
		<SimpleData name="COMP_NAME">Tourmaline Oil Corp.</SimpleData>
		<SimpleData name="SEG_LENGTH">0.85</SimpleData>
		<SimpleData name="SEG_STATUS">Operating</SimpleData>
		<SimpleData name="FROM_FAC">Well</SimpleData>
		<SimpleData name="FROM_LOC">13-12-053-15W5</SimpleData>
		<SimpleData name="TO_FAC">Pipeline</SimpleData>
		<SimpleData name="TO_LOC">14-12-053-15W5</SimpleData>
		<SimpleData name="OUT_DIAMET">114.3</SimpleData>
		<SimpleData name="PIP_MATERL">Steel</SimpleData>
		<SimpleData name="SUBSTANCE1">Natural Gas</SimpleData>
		<SimpleData name="GEOM_SRCE">Mapping</SimpleData>
		<SimpleData name="SHAPE_LEN">726.1440323955669</SimpleData>
	</SchemaData></ExtendedData>
      <MultiGeometry><LineString><coordinates>-116.089315049049,53.5682927811702 -116.088341021956,53.5676476122685 -116.079772666197,53.56769595029 -116.079768347995,53.5671350283453</coordinates></LineString></MultiGeometry>
  </Placemark>
  <Placemark>
	<Style><LineStyle><color>ff0000ff</color></LineStyle><PolyStyle><fill>0</fill></PolyStyle></Style>
	<ExtendedData><SchemaData schemaUrl="#TOU_Edson_Sept2026">
		<SimpleData name="OBJECTID">42538162</SimpleData>
		<SimpleData name="LIC_LI_NO">50289-1</SimpleData>
		<SimpleData name="COMP_NAME">Tourmaline Oil Corp.</SimpleData>
		<SimpleData name="SEG_LENGTH">2.86</SimpleData>
		<SimpleData name="SEG_STATUS">Operating</SimpleData>
		<SimpleData name="FROM_FAC">Well</SimpleData>
		<SimpleData name="FROM_LOC">04-36-052-17W5</SimpleData>
		<SimpleData name="TO_FAC">Compressor Station</SimpleData>
		<SimpleData name="TO_LOC">05-26-052-17W5</SimpleData>
		<SimpleData name="OUT_DIAMET">168.3</SimpleData>
		<SimpleData name="PIP_MATERL">Steel</SimpleData>
		<SimpleData name="SUBSTANCE1">Natural Gas</SimpleData>
		<SimpleData name="GEOM_SRCE">Mapping</SimpleData>
		<SimpleData name="SHAPE_LEN">2292.1040000021403</SimpleData>
	</SchemaData></ExtendedData>
      <MultiGeometry><LineString><coordinates>-116.380146795307,53.5292696680824 -116.382646878608,53.5286173868211 -116.385275686896,53.5287299448904 -116.390148324169,53.5275496220208 -116.385671594205,53.5225397013829 -116.38622402307,53.5201810859142 -116.38627819777,53.5199500570942 -116.395064290781,53.5170459816487</coordinates></LineString></MultiGeometry>
  </Placemark>
  <Placemark>
	<Style><LineStyle><color>ff0000ff</color></LineStyle><PolyStyle><fill>0</fill></PolyStyle></Style>
	<ExtendedData><SchemaData schemaUrl="#TOU_Edson_Sept2026">
		<SimpleData name="OBJECTID">42543465</SimpleData>
		<SimpleData name="LIC_LI_NO">47685-4</SimpleData>
		<SimpleData name="COMP_NAME">Tourmaline Oil Corp.</SimpleData>
		<SimpleData name="SEG_LENGTH">0.05</SimpleData>
		<SimpleData name="SEG_STATUS">Abandoned</SimpleData>
		<SimpleData name="FROM_FAC">Blind End</SimpleData>
		<SimpleData name="FROM_LOC">16-15-054-15W5</SimpleData>
		<SimpleData name="TO_FAC">Blind End</SimpleData>
		<SimpleData name="TO_LOC">16-15-054-15W5</SimpleData>
		<SimpleData name="OUT_DIAMET">88.9</SimpleData>
		<SimpleData name="PIP_MATERL">Steel</SimpleData>
		<SimpleData name="SUBSTANCE1">Sour Natural Gas</SimpleData>
		<SimpleData name="GEOM_SRCE">Mapping</SimpleData>
		<SimpleData name="SHAPE_LEN">58.90010490786003</SimpleData>
	</SchemaData></ExtendedData>
      <MultiGeometry><LineString><coordinates>-116.114960229238,53.6719591426493 -116.114948064253,53.6714295968324</coordinates></LineString></MultiGeometry>
  </Placemark>
  <Placemark>
	<Style><LineStyle><color>ff0000ff</color></LineStyle><PolyStyle><fill>0</fill></PolyStyle></Style>
	<ExtendedData><SchemaData schemaUrl="#TOU_Edson_Sept2026">
		<SimpleData name="OBJECTID">42544380</SimpleData>
		<SimpleData name="LIC_LI_NO">31063-2</SimpleData>
		<SimpleData name="COMP_NAME">Tourmaline Oil Corp.</SimpleData>
		<SimpleData name="SEG_LENGTH">1.63</SimpleData>
		<SimpleData name="SEG_STATUS">Operating</SimpleData>
		<SimpleData name="FROM_FAC">Well</SimpleData>
		<SimpleData name="FROM_LOC">13-33-052-16W5</SimpleData>
		<SimpleData name="TO_FAC">Pipeline</SimpleData>
		<SimpleData name="TO_LOC">11-32-052-16W5</SimpleData>
		<SimpleData name="OUT_DIAMET">219.1</SimpleData>
		<SimpleData name="PIP_MATERL">Steel</SimpleData>
		<SimpleData name="SUBSTANCE1">Natural Gas</SimpleData>
		<SimpleData name="GEOM_SRCE">Mapping</SimpleData>
		<SimpleData name="SHAPE_LEN">1625.4738365054282</SimpleData>
	</SchemaData></ExtendedData>
      <MultiGeometry><LineString><coordinates>-116.305588300287,53.5379883883148 -116.306238812605,53.5382634804185 -116.311752644869,53.5386310904865 -116.317406888304,53.5402551869049 -116.327155716584,53.5361780864905</coordinates></LineString></MultiGeometry>
  </Placemark>
  <Placemark>
	<Style><LineStyle><color>ff0000ff</color></LineStyle><PolyStyle><fill>0</fill></PolyStyle></Style>
	<ExtendedData><SchemaData schemaUrl="#TOU_Edson_Sept2026">
		<SimpleData name="OBJECTID">42544545</SimpleData>
		<SimpleData name="LIC_LI_NO">31063-1</SimpleData>
		<SimpleData name="COMP_NAME">Tourmaline Oil Corp.</SimpleData>
		<SimpleData name="SEG_LENGTH">5.47</SimpleData>
		<SimpleData name="SEG_STATUS">Operating</SimpleData>
		<SimpleData name="FROM_FAC">Pipeline</SimpleData>
		<SimpleData name="FROM_LOC">05-17-052-16W5</SimpleData>
		<SimpleData name="TO_FAC">Pipeline</SimpleData>
		<SimpleData name="TO_LOC">11-32-052-16W5</SimpleData>
		<SimpleData name="OUT_DIAMET">168.3</SimpleData>
		<SimpleData name="PIP_MATERL">Steel</SimpleData>
		<SimpleData name="SUBSTANCE1">Natural Gas</SimpleData>
		<SimpleData name="GEOM_SRCE">Mapping</SimpleData>
		<SimpleData name="SHAPE_LEN">5461.711831742747</SimpleData>
	</SchemaData></ExtendedData>
      <MultiGeometry><LineString><coordinates>-116.334869832899,53.4900658681994 -116.334818860693,53.4977773532524 -116.334886964669,53.5047720215874 -116.334866441758,53.5155462499721 -116.333527015042,53.5161552742789 -116.333809865779,53.5168307271783 -116.334832657019,53.517481102623 -116.334829114962,53.5328805726893 -116.327155716584,53.5361780864905</coordinates></LineString></MultiGeometry>
  </Placemark>
  <Placemark>
	<Style><LineStyle><color>ff0000ff</color></LineStyle><PolyStyle><fill>0</fill></PolyStyle></Style>
	<ExtendedData><SchemaData schemaUrl="#TOU_Edson_Sept2026">
		<SimpleData name="OBJECTID">42546497</SimpleData>
		<SimpleData name="LIC_LI_NO">31063-3</SimpleData>
		<SimpleData name="COMP_NAME">Tourmaline Oil Corp.</SimpleData>
		<SimpleData name="SEG_LENGTH">12.4</SimpleData>
		<SimpleData name="SEG_STATUS">Operating</SimpleData>
		<SimpleData name="FROM_FAC">Pipeline</SimpleData>
		<SimpleData name="FROM_LOC">01-24-051-16W5</SimpleData>
		<SimpleData name="TO_FAC">Pipeline</SimpleData>
		<SimpleData name="TO_LOC">05-17-052-16W5</SimpleData>
		<SimpleData name="OUT_DIAMET">168.3</SimpleData>
		<SimpleData name="PIP_MATERL">Steel</SimpleData>
		<SimpleData name="SUBSTANCE1">Natural Gas</SimpleData>
		<SimpleData name="GEOM_SRCE">Mapping</SimpleData>
		<SimpleData name="SHAPE_LEN">12439.725735699396</SimpleData>
	</SchemaData></ExtendedData>
      <MultiGeometry><LineString><coordinates>-116.218060171739,53.4131535458357 -116.219691634466,53.4135933027098 -116.228301338779,53.4224631147513 -116.227817693915,53.4226837587643 -116.232008950959,53.4249282503036 -116.237676057371,53.4277966210934 -116.239394997142,53.4288109354901 -116.241726185491,53.4304735790266 -116.243338505119,53.4318047495374 -116.2443133919,53.4326566261134 -116.245060235956,53.4332627277789 -116.249364621438,53.4367408174942 -116.252322205035,53.4390591200618 -116.253053211792,53.4393518520865 -116.253407727427,53.4391247598779 -116.256751060184,53.4400755543544 -116.261798470983,53.4410621854837 -116.280796894214,53.4447882876905 -116.294537869753,53.4474685940103 -116.303834044149,53.4492845958705 -116.307927482744,53.4538225878914 -116.314159836082,53.4607210984142 -116.323555738745,53.4710582165016 -116.334850327779,53.483533905861 -116.334869832899,53.4900658681994</coordinates></LineString></MultiGeometry>
  </Placemark>
  <Placemark>
	<Style><LineStyle><color>ff0000ff</color></LineStyle><PolyStyle><fill>0</fill></PolyStyle></Style>
	<ExtendedData><SchemaData schemaUrl="#TOU_Edson_Sept2026">
		<SimpleData name="OBJECTID">42546498</SimpleData>
		<SimpleData name="LIC_LI_NO">51345-1</SimpleData>
		<SimpleData name="COMP_NAME">Tourmaline Oil Corp.</SimpleData>
		<SimpleData name="SEG_LENGTH">0.68</SimpleData>
		<SimpleData name="SEG_STATUS">Discontinued</SimpleData>
		<SimpleData name="FROM_FAC">Blind End</SimpleData>
		<SimpleData name="FROM_LOC">11-33-051-16W5</SimpleData>
		<SimpleData name="TO_FAC">Blind End</SimpleData>
		<SimpleData name="TO_LOC">07-33-051-16W5</SimpleData>
		<SimpleData name="OUT_DIAMET">114.3</SimpleData>
		<SimpleData name="PIP_MATERL">Steel</SimpleData>
		<SimpleData name="SUBSTANCE1">Fuel Gas</SimpleData>
		<SimpleData name="GEOM_SRCE">Mapping</SimpleData>
		<SimpleData name="SHAPE_LEN">683.9626985641306</SimpleData>
	</SchemaData></ExtendedData>
      <MultiGeometry><LineString><coordinates>-116.296424071339,53.4439116414824 -116.297185541764,53.4443126328434 -116.298390132254,53.4464362540865 -116.301839483282,53.4484497618946 -116.301652622923,53.4488562983155</coordinates></LineString></MultiGeometry>
  </Placemark>
  <Placemark>
	<Style><LineStyle><color>ff0000ff</color></LineStyle><PolyStyle><fill>0</fill></PolyStyle></Style>
	<ExtendedData><SchemaData schemaUrl="#TOU_Edson_Sept2026">
		<SimpleData name="OBJECTID">42547662</SimpleData>
		<SimpleData name="LIC_LI_NO">36104-2</SimpleData>
		<SimpleData name="COMP_NAME">Tourmaline Oil Corp.</SimpleData>
		<SimpleData name="SEG_LENGTH">1.02</SimpleData>
		<SimpleData name="SEG_STATUS">Operating</SimpleData>
		<SimpleData name="FROM_FAC">Well</SimpleData>
		<SimpleData name="FROM_LOC">01-24-053-15W5</SimpleData>
		<SimpleData name="TO_FAC">Pipeline</SimpleData>
		<SimpleData name="TO_LOC">10-24-053-15W5</SimpleData>
		<SimpleData name="OUT_DIAMET">114.3</SimpleData>
		<SimpleData name="PIP_MATERL">Steel</SimpleData>
		<SimpleData name="SUBSTANCE1">Natural Gas</SimpleData>
		<SimpleData name="GEOM_SRCE">Mapping</SimpleData>
		<SimpleData name="SHAPE_LEN">1035.064370220296</SimpleData>
	</SchemaData></ExtendedData>
      <MultiGeometry><LineString><coordinates>-116.070066692047,53.5855768601669 -116.072863238257,53.5860688897495 -116.073830198303,53.5907914918423 -116.073554989534,53.5930405822143 -116.074314578888,53.5933697277265</coordinates></LineString></MultiGeometry>
  </Placemark>
  <Placemark>
	<Style><LineStyle><color>ff0000ff</color></LineStyle><PolyStyle><fill>0</fill></PolyStyle></Style>
	<ExtendedData><SchemaData schemaUrl="#TOU_Edson_Sept2026">
		<SimpleData name="OBJECTID">42548298</SimpleData>
		<SimpleData name="LIC_LI_NO">31063-8</SimpleData>
		<SimpleData name="COMP_NAME">Tourmaline Oil Corp.</SimpleData>
		<SimpleData name="SEG_LENGTH">0.8</SimpleData>
		<SimpleData name="SEG_STATUS">Operating</SimpleData>
		<SimpleData name="FROM_FAC">Pipeline</SimpleData>
		<SimpleData name="FROM_LOC">15-33-052-16W5</SimpleData>
		<SimpleData name="TO_FAC">Pipeline</SimpleData>
		<SimpleData name="TO_LOC">13-33-052-16W5</SimpleData>
		<SimpleData name="OUT_DIAMET">219.1</SimpleData>
		<SimpleData name="PIP_MATERL">Steel</SimpleData>
		<SimpleData name="SUBSTANCE1">Natural Gas</SimpleData>
		<SimpleData name="GEOM_SRCE">Mapping</SimpleData>
		<SimpleData name="SHAPE_LEN">687.1307898929439</SimpleData>
	</SchemaData></ExtendedData>
      <MultiGeometry><LineString><coordinates>-116.295926390298,53.5389220102055 -116.306238812605,53.5382634804185</coordinates></LineString></MultiGeometry>
  </Placemark>
  <Placemark>
	<Style><LineStyle><color>ff0000ff</color></LineStyle><PolyStyle><fill>0</fill></PolyStyle></Style>
	<ExtendedData><SchemaData schemaUrl="#TOU_Edson_Sept2026">
		<SimpleData name="OBJECTID">42550567</SimpleData>
		<SimpleData name="LIC_LI_NO">47831-4</SimpleData>
		<SimpleData name="COMP_NAME">Tourmaline Oil Corp.</SimpleData>
		<SimpleData name="SEG_LENGTH">1.1</SimpleData>
		<SimpleData name="SEG_STATUS">Discontinued</SimpleData>
		<SimpleData name="FROM_FAC">Blind End</SimpleData>
		<SimpleData name="FROM_LOC">10-28-053-16W5</SimpleData>
		<SimpleData name="TO_FAC">Blind End</SimpleData>
		<SimpleData name="TO_LOC">02-28-053-16W5</SimpleData>
		<SimpleData name="OUT_DIAMET">114.3</SimpleData>
		<SimpleData name="PIP_MATERL">Steel</SimpleData>
		<SimpleData name="SUBSTANCE1">Natural Gas</SimpleData>
		<SimpleData name="GEOM_SRCE">Mapping</SimpleData>
		<SimpleData name="SHAPE_LEN">1162.419340873156</SimpleData>
	</SchemaData></ExtendedData>
      <MultiGeometry><LineString><coordinates>-116.292847448798,53.6085017652084 -116.298015064064,53.6070485229887 -116.298200898546,53.6068611654591 -116.298232154528,53.603675129818 -116.297695824371,53.6032498330014 -116.297082075606,53.6001544228923</coordinates></LineString></MultiGeometry>
  </Placemark>
  <Placemark>
	<Style><LineStyle><color>ff0000ff</color></LineStyle><PolyStyle><fill>0</fill></PolyStyle></Style>
	<ExtendedData><SchemaData schemaUrl="#TOU_Edson_Sept2026">
		<SimpleData name="OBJECTID">42551529</SimpleData>
		<SimpleData name="LIC_LI_NO">47831-5</SimpleData>
		<SimpleData name="COMP_NAME">Tourmaline Oil Corp.</SimpleData>
		<SimpleData name="SEG_LENGTH">1.1</SimpleData>
		<SimpleData name="SEG_STATUS">Operating</SimpleData>
		<SimpleData name="FROM_FAC">Pipeline</SimpleData>
		<SimpleData name="FROM_LOC">02-28-053-16W5</SimpleData>
		<SimpleData name="TO_FAC">Gas Processing Plant</SimpleData>
		<SimpleData name="TO_LOC">10-28-053-16W5</SimpleData>
		<SimpleData name="OUT_DIAMET">114.3</SimpleData>
		<SimpleData name="PIP_MATERL">Steel</SimpleData>
		<SimpleData name="SUBSTANCE1">Natural Gas</SimpleData>
		<SimpleData name="GEOM_SRCE">Mapping</SimpleData>
		<SimpleData name="SHAPE_LEN">1143.0835816682022</SimpleData>
	</SchemaData></ExtendedData>
      <MultiGeometry><LineString><coordinates>-116.29685337262,53.6001704807168 -116.297478363801,53.6033224250129 -116.298001305467,53.6037204400833 -116.297970810358,53.6068233737389 -116.297852593863,53.6069426415318 -116.292749006019,53.6083779193299</coordinates></LineString></MultiGeometry>
  </Placemark>
  <Placemark>
	<Style><LineStyle><color>ff0000ff</color></LineStyle><PolyStyle><fill>0</fill></PolyStyle></Style>
	<ExtendedData><SchemaData schemaUrl="#TOU_Edson_Sept2026">
		<SimpleData name="OBJECTID">42551977</SimpleData>
		<SimpleData name="LIC_LI_NO">3947-31</SimpleData>
		<SimpleData name="COMP_NAME">Tourmaline Oil Corp.</SimpleData>
		<SimpleData name="SEG_LENGTH">2.94</SimpleData>
		<SimpleData name="SEG_STATUS">Discontinued</SimpleData>
		<SimpleData name="FROM_FAC">Blind End</SimpleData>
		<SimpleData name="FROM_LOC">01-13-054-19W5</SimpleData>
		<SimpleData name="TO_FAC">Blind End</SimpleData>
		<SimpleData name="TO_LOC">01-15-054-19W5</SimpleData>
		<SimpleData name="OUT_DIAMET">114.3</SimpleData>
		<SimpleData name="PIP_MATERL">Steel</SimpleData>
		<SimpleData name="SUBSTANCE1">LVP Products</SimpleData>
		<SimpleData name="GEOM_SRCE">Mapping</SimpleData>
		<SimpleData name="SHAPE_LEN">2838.2683335700813</SimpleData>
	</SchemaData></ExtendedData>
      <MultiGeometry><LineString><coordinates>-116.704690896638,53.6610490693967 -116.698138873314,53.6599481593931 -116.697419347925,53.6599583634425 -116.696838784723,53.6599829614248 -116.691096789359,53.6590282841915 -116.683082997762,53.6576713255683 -116.679441847437,53.6576754565979 -116.664214564345,53.6576953142811 -116.663804930779,53.6579501478622 -116.662713725643,53.6579593595708</coordinates></LineString></MultiGeometry>
  </Placemark>
  <Placemark>
	<Style><LineStyle><color>ff0000ff</color></LineStyle><PolyStyle><fill>0</fill></PolyStyle></Style>
	<ExtendedData><SchemaData schemaUrl="#TOU_Edson_Sept2026">
		<SimpleData name="OBJECTID">42552337</SimpleData>
		<SimpleData name="LIC_LI_NO">52421-2</SimpleData>
		<SimpleData name="COMP_NAME">Tourmaline Oil Corp.</SimpleData>
		<SimpleData name="SEG_LENGTH">1.73</SimpleData>
		<SimpleData name="SEG_STATUS">Operating</SimpleData>
		<SimpleData name="FROM_FAC">Well</SimpleData>
		<SimpleData name="FROM_LOC">03-16-053-15W5</SimpleData>
		<SimpleData name="TO_FAC">Pipeline</SimpleData>
		<SimpleData name="TO_LOC">07-17-053-15W5</SimpleData>
		<SimpleData name="OUT_DIAMET">168.3</SimpleData>
		<SimpleData name="PIP_MATERL">Steel</SimpleData>
		<SimpleData name="SUBSTANCE1">Natural Gas</SimpleData>
		<SimpleData name="GEOM_SRCE">Mapping</SimpleData>
		<SimpleData name="SHAPE_LEN">1697.931205115984</SimpleData>
	</SchemaData></ExtendedData>
      <MultiGeometry><LineString><coordinates>-116.152359227117,53.5732490006304 -116.15325774542,53.5741100246737 -116.157542288015,53.5753258203558 -116.160108594221,53.5763520267351 -116.161820793932,53.5773649834764 -116.164131323725,53.5771634763748 -116.164468817184,53.5774415732467 -116.171663196122,53.5773494727483 -116.175131937286,53.5768020547005</coordinates></LineString></MultiGeometry>
  </Placemark>
  <Placemark>
	<Style><LineStyle><color>ff0000ff</color></LineStyle><PolyStyle><fill>0</fill></PolyStyle></Style>
	<ExtendedData><SchemaData schemaUrl="#TOU_Edson_Sept2026">
		<SimpleData name="OBJECTID">42552544</SimpleData>
		<SimpleData name="LIC_LI_NO">52421-3</SimpleData>
		<SimpleData name="COMP_NAME">Tourmaline Oil Corp.</SimpleData>
		<SimpleData name="SEG_LENGTH">0.37</SimpleData>
		<SimpleData name="SEG_STATUS">Operating</SimpleData>
		<SimpleData name="FROM_FAC">Pipeline</SimpleData>
		<SimpleData name="FROM_LOC">16-31-052-16W5</SimpleData>
		<SimpleData name="TO_FAC">Pipeline</SimpleData>
		<SimpleData name="TO_LOC">16-31-052-16W5</SimpleData>
		<SimpleData name="OUT_DIAMET">114.3</SimpleData>
		<SimpleData name="PIP_MATERL">Steel</SimpleData>
		<SimpleData name="SUBSTANCE1">Natural Gas</SimpleData>
		<SimpleData name="GEOM_SRCE">Mapping</SimpleData>
		<SimpleData name="SHAPE_LEN">382.3265551980707</SimpleData>
	</SchemaData></ExtendedData>
      <MultiGeometry><LineString><coordinates>-116.336350460404,53.5393464298365 -116.33894256892,53.5393340825944 -116.340315874698,53.5383446552862 -116.341171783213,53.5380103774481</coordinates></LineString></MultiGeometry>
  </Placemark>
  <Placemark>
	<Style><LineStyle><color>ff0000ff</color></LineStyle><PolyStyle><fill>0</fill></PolyStyle></Style>
	<ExtendedData><SchemaData schemaUrl="#TOU_Edson_Sept2026">
		<SimpleData name="OBJECTID">42552730</SimpleData>
		<SimpleData name="LIC_LI_NO">52421-5</SimpleData>
		<SimpleData name="COMP_NAME">Tourmaline Oil Corp.</SimpleData>
		<SimpleData name="SEG_LENGTH">0.68</SimpleData>
		<SimpleData name="SEG_STATUS">Discontinued</SimpleData>
		<SimpleData name="FROM_FAC">Blind End</SimpleData>
		<SimpleData name="FROM_LOC">13-30-052-16W5</SimpleData>
		<SimpleData name="TO_FAC">Blind End</SimpleData>
		<SimpleData name="TO_LOC">04-31-052-16W5</SimpleData>
		<SimpleData name="OUT_DIAMET">168.3</SimpleData>
		<SimpleData name="PIP_MATERL">Steel</SimpleData>
		<SimpleData name="SUBSTANCE1">Natural Gas</SimpleData>
		<SimpleData name="GEOM_SRCE">Mapping</SimpleData>
		<SimpleData name="SHAPE_LEN">676.9195280472468</SimpleData>
	</SchemaData></ExtendedData>
      <MultiGeometry><LineString><coordinates>-116.358981714662,53.5250848811757 -116.359094979643,53.5257425089193 -116.358695109866,53.5263104636111 -116.357976027345,53.5265812281958 -116.358014758209,53.5278343178968 -116.354954950824,53.5296574648136 -116.354522732713,53.5300517578844</coordinates></LineString></MultiGeometry>
  </Placemark>
  <Placemark>
	<Style><LineStyle><color>ff0000ff</color></LineStyle><PolyStyle><fill>0</fill></PolyStyle></Style>
	<ExtendedData><SchemaData schemaUrl="#TOU_Edson_Sept2026">
		<SimpleData name="OBJECTID">42553457</SimpleData>
		<SimpleData name="LIC_LI_NO">47831-19</SimpleData>
		<SimpleData name="COMP_NAME">Tourmaline Oil Corp.</SimpleData>
		<SimpleData name="SEG_LENGTH">1.01</SimpleData>
		<SimpleData name="SEG_STATUS">Operating</SimpleData>
		<SimpleData name="FROM_FAC">Well</SimpleData>
		<SimpleData name="FROM_LOC">02-11-054-16W5</SimpleData>
		<SimpleData name="TO_FAC">Pipeline</SimpleData>
		<SimpleData name="TO_LOC">05-11-054-16W5</SimpleData>
		<SimpleData name="OUT_DIAMET">114.3</SimpleData>
		<SimpleData name="PIP_MATERL">Steel</SimpleData>
		<SimpleData name="SUBSTANCE1">Natural Gas</SimpleData>
		<SimpleData name="GEOM_SRCE">Mapping</SimpleData>
		<SimpleData name="SHAPE_LEN">1045.839166594221</SimpleData>
	</SchemaData></ExtendedData>
      <MultiGeometry><LineString><coordinates>-116.243920501134,53.6455536758636 -116.244607472476,53.6460418492401 -116.244999448757,53.646309050654 -116.245606008305,53.6464131565722 -116.24770425901,53.6462830612757 -116.248389406772,53.6465110651136 -116.24878881751,53.6466480506395 -116.249555888033,53.6468994610935 -116.251337695501,53.6483995565822 -116.252979814043,53.6481662190942 -116.255051473717,53.6486144019207 -116.256281789262,53.6481092214194 -116.257032261614,53.6479178874933</coordinates></LineString></MultiGeometry>
  </Placemark>
  <Placemark>
	<Style><LineStyle><color>ff0000ff</color></LineStyle><PolyStyle><fill>0</fill></PolyStyle></Style>
	<ExtendedData><SchemaData schemaUrl="#TOU_Edson_Sept2026">
		<SimpleData name="OBJECTID">42553861</SimpleData>
		<SimpleData name="LIC_LI_NO">51784-1</SimpleData>
		<SimpleData name="COMP_NAME">Tourmaline Oil Corp.</SimpleData>
		<SimpleData name="SEG_LENGTH">0.6</SimpleData>
		<SimpleData name="SEG_STATUS">Operating</SimpleData>
		<SimpleData name="FROM_FAC">Well</SimpleData>
		<SimpleData name="FROM_LOC">03-15-052-15W5</SimpleData>
		<SimpleData name="TO_FAC">Pipeline</SimpleData>
		<SimpleData name="TO_LOC">02-15-052-15W5</SimpleData>
		<SimpleData name="OUT_DIAMET">114.3</SimpleData>
		<SimpleData name="PIP_MATERL">Steel</SimpleData>
		<SimpleData name="SUBSTANCE1">Natural Gas</SimpleData>
		<SimpleData name="GEOM_SRCE">Mapping</SimpleData>
		<SimpleData name="SHAPE_LEN">588.6545190188249</SimpleData>
	</SchemaData></ExtendedData>
      <MultiGeometry><LineString><coordinates>-116.128441891697,53.486248831093 -116.127610520665,53.4855725957141 -116.127253792479,53.4855442164227 -116.126152784927,53.4864355313413 -116.122592734507,53.4866783769485 -116.121917593079,53.4866284219618 -116.121494323985,53.4860954350456</coordinates></LineString></MultiGeometry>
  </Placemark>
  <Placemark>
	<Style><LineStyle><color>ff0000ff</color></LineStyle><PolyStyle><fill>0</fill></PolyStyle></Style>
	<ExtendedData><SchemaData schemaUrl="#TOU_Edson_Sept2026">
		<SimpleData name="OBJECTID">42562438</SimpleData>
		<SimpleData name="LIC_LI_NO">47831-21</SimpleData>
		<SimpleData name="COMP_NAME">Tourmaline Oil Corp.</SimpleData>
		<SimpleData name="SEG_LENGTH">0.47</SimpleData>
		<SimpleData name="SEG_STATUS">Operating</SimpleData>
		<SimpleData name="FROM_FAC">Well</SimpleData>
		<SimpleData name="FROM_LOC">04-11-054-16W5</SimpleData>
		<SimpleData name="TO_FAC">Pipeline</SimpleData>
		<SimpleData name="TO_LOC">05-11-054-16W5</SimpleData>
		<SimpleData name="OUT_DIAMET">168.3</SimpleData>
		<SimpleData name="PIP_MATERL">Steel</SimpleData>
		<SimpleData name="SUBSTANCE1">Natural Gas</SimpleData>
		<SimpleData name="GEOM_SRCE">Mapping</SimpleData>
		<SimpleData name="SHAPE_LEN">482.8909439442217</SimpleData>
	</SchemaData></ExtendedData>
      <MultiGeometry><LineString><coordinates>-116.258236089434,53.6440622124824 -116.259235932312,53.6447823979214 -116.259224339553,53.6456659010895 -116.258239043993,53.6467327241976 -116.257302885381,53.6472270873306 -116.257191248148,53.647786771294</coordinates></LineString></MultiGeometry>
  </Placemark>
  <Placemark>
	<Style><LineStyle><color>ff0000ff</color></LineStyle><PolyStyle><fill>0</fill></PolyStyle></Style>
	<ExtendedData><SchemaData schemaUrl="#TOU_Edson_Sept2026">
		<SimpleData name="OBJECTID">42566130</SimpleData>
		<SimpleData name="LIC_LI_NO">40477-1</SimpleData>
		<SimpleData name="COMP_NAME">Tourmaline Oil Corp.</SimpleData>
		<SimpleData name="SEG_LENGTH">1.3</SimpleData>
		<SimpleData name="SEG_STATUS">Discontinued</SimpleData>
		<SimpleData name="FROM_FAC">Blind End</SimpleData>
		<SimpleData name="FROM_LOC">16-10-052-15W5</SimpleData>
		<SimpleData name="TO_FAC">Blind End</SimpleData>
		<SimpleData name="TO_LOC">02-15-052-15W5</SimpleData>
		<SimpleData name="OUT_DIAMET">114.3</SimpleData>
		<SimpleData name="PIP_MATERL">Steel</SimpleData>
		<SimpleData name="SUBSTANCE1">Natural Gas</SimpleData>
		<SimpleData name="GEOM_SRCE">Mapping</SimpleData>
		<SimpleData name="SHAPE_LEN">1258.2907809742928</SimpleData>
	</SchemaData></ExtendedData>
      <MultiGeometry><LineString><coordinates>-116.121827876535,53.4862054340662 -116.120940596156,53.4862810257892 -116.120541451319,53.4860563519256 -116.12076785372,53.4839407665772 -116.115937014159,53.4839940046673 -116.115757292712,53.4838660842156 -116.115442727852,53.4828105446903 -116.11549881237,53.4826983569451 -116.119478585336,53.480269213251 -116.12024533516,53.4797421643545</coordinates></LineString></MultiGeometry>
  </Placemark>
  <Placemark>
	<Style><LineStyle><color>ff0000ff</color></LineStyle><PolyStyle><fill>0</fill></PolyStyle></Style>
	<ExtendedData><SchemaData schemaUrl="#TOU_Edson_Sept2026">
		<SimpleData name="OBJECTID">42566847</SimpleData>
		<SimpleData name="LIC_LI_NO">42009-4</SimpleData>
		<SimpleData name="COMP_NAME">Tourmaline Oil Corp.</SimpleData>
		<SimpleData name="SEG_LENGTH">1.46</SimpleData>
		<SimpleData name="SEG_STATUS">Operating</SimpleData>
		<SimpleData name="FROM_FAC">Well</SimpleData>
		<SimpleData name="FROM_LOC">09-23-052-15W5</SimpleData>
		<SimpleData name="TO_FAC">Pipeline</SimpleData>
		<SimpleData name="TO_LOC">02-25-052-15W5</SimpleData>
		<SimpleData name="OUT_DIAMET">114.3</SimpleData>
		<SimpleData name="PIP_MATERL">Steel</SimpleData>
		<SimpleData name="SUBSTANCE1">Natural Gas</SimpleData>
		<SimpleData name="GEOM_SRCE">Mapping</SimpleData>
		<SimpleData name="SHAPE_LEN">1436.5483763595173</SimpleData>
	</SchemaData></ExtendedData>
      <MultiGeometry><LineString><coordinates>-116.074005003271,53.5123961009804 -116.083481282694,53.5123985710386 -116.08390420414,53.5116451362438 -116.085343650178,53.5112965031945 -116.089935137225,53.5078402491884 -116.091759986571,53.5075023252782</coordinates></LineString></MultiGeometry>
  </Placemark>
  <Placemark>
	<Style><LineStyle><color>ff0000ff</color></LineStyle><PolyStyle><fill>0</fill></PolyStyle></Style>
	<ExtendedData><SchemaData schemaUrl="#TOU_Edson_Sept2026">
		<SimpleData name="OBJECTID">42567718</SimpleData>
		<SimpleData name="LIC_LI_NO">47425-3</SimpleData>
		<SimpleData name="COMP_NAME">Tourmaline Oil Corp.</SimpleData>
		<SimpleData name="SEG_LENGTH">0.41</SimpleData>
		<SimpleData name="SEG_STATUS">Abandoned</SimpleData>
		<SimpleData name="FROM_FAC">Blind End</SimpleData>
		<SimpleData name="FROM_LOC">02-36-052-15W5</SimpleData>
		<SimpleData name="TO_FAC">Blind End</SimpleData>
		<SimpleData name="TO_LOC">06-36-052-15W5</SimpleData>
		<SimpleData name="OUT_DIAMET">60.3</SimpleData>
		<SimpleData name="PIP_MATERL">Polyethylene</SimpleData>
		<SimpleData name="SUBSTANCE1">Fuel Gas</SimpleData>
		<SimpleData name="GEOM_SRCE">Mapping</SimpleData>
		<SimpleData name="SHAPE_LEN">592.9510044060062</SimpleData>
	</SchemaData></ExtendedData>
      <MultiGeometry><LineString><coordinates>-116.072406421578,53.5296678167831 -116.080900399527,53.531345449023</coordinates></LineString></MultiGeometry>
  </Placemark>
  <Placemark>
	<Style><LineStyle><color>ff0000ff</color></LineStyle><PolyStyle><fill>0</fill></PolyStyle></Style>
	<ExtendedData><SchemaData schemaUrl="#TOU_Edson_Sept2026">
		<SimpleData name="OBJECTID">42568008</SimpleData>
		<SimpleData name="LIC_LI_NO">42413-3</SimpleData>
		<SimpleData name="COMP_NAME">Tourmaline Oil Corp.</SimpleData>
		<SimpleData name="SEG_LENGTH">3.06</SimpleData>
		<SimpleData name="SEG_STATUS">Operating</SimpleData>
		<SimpleData name="FROM_FAC">Well</SimpleData>
		<SimpleData name="FROM_LOC">08-30-053-15W5</SimpleData>
		<SimpleData name="TO_FAC">Pipeline</SimpleData>
		<SimpleData name="TO_LOC">07-20-053-15W5</SimpleData>
		<SimpleData name="OUT_DIAMET">114.3</SimpleData>
		<SimpleData name="PIP_MATERL">Steel</SimpleData>
		<SimpleData name="SUBSTANCE1">Natural Gas</SimpleData>
		<SimpleData name="GEOM_SRCE">Mapping</SimpleData>
		<SimpleData name="SHAPE_LEN">3007.914434356128</SimpleData>
	</SchemaData></ExtendedData>
      <MultiGeometry><LineString><coordinates>-116.193610102119,53.6042014524193 -116.194278066008,53.604054898218 -116.196016255777,53.6020220610509 -116.19624846399,53.6004455279175 -116.196142100765,53.5925085222379 -116.195399586589,53.5921397699546 -116.176547578867,53.5921444880327 -116.172348359156,53.5911956932045 -116.172096161631,53.5908706992556</coordinates></LineString></MultiGeometry>
  </Placemark>
  <Placemark>
	<Style><LineStyle><color>ff0000ff</color></LineStyle><PolyStyle><fill>0</fill></PolyStyle></Style>
	<ExtendedData><SchemaData schemaUrl="#TOU_Edson_Sept2026">
		<SimpleData name="OBJECTID">42568191</SimpleData>
		<SimpleData name="LIC_LI_NO">13465-5</SimpleData>
		<SimpleData name="COMP_NAME">Tourmaline Oil Corp.</SimpleData>
		<SimpleData name="SEG_LENGTH">3.3</SimpleData>
		<SimpleData name="SEG_STATUS">Operating</SimpleData>
		<SimpleData name="FROM_FAC">Pipeline</SimpleData>
		<SimpleData name="FROM_LOC">10-11-054-15W5</SimpleData>
		<SimpleData name="TO_FAC">Pipeline</SimpleData>
		<SimpleData name="TO_LOC">11-36-053-15W5</SimpleData>
		<SimpleData name="OUT_DIAMET">60.3</SimpleData>
		<SimpleData name="PIP_MATERL">Steel</SimpleData>
		<SimpleData name="SUBSTANCE1">Fuel Gas</SimpleData>
		<SimpleData name="GEOM_SRCE">Mapping</SimpleData>
		<SimpleData name="SHAPE_LEN">3611.2939410677773</SimpleData>
	</SchemaData></ExtendedData>
      <MultiGeometry><LineString><coordinates>-116.082506912445,53.6223024476425 -116.082119601115,53.6223581972237 -116.08242915068,53.6283903915128 -116.094980395661,53.6468241729402 -116.096447118144,53.6493304949148 -116.100231069157,53.6522183793265</coordinates></LineString></MultiGeometry>
  </Placemark>
  <Placemark>
	<Style><LineStyle><color>ff0000ff</color></LineStyle><PolyStyle><fill>0</fill></PolyStyle></Style>
	<ExtendedData><SchemaData schemaUrl="#TOU_Edson_Sept2026">
		<SimpleData name="OBJECTID">42568408</SimpleData>
		<SimpleData name="LIC_LI_NO">49424-5</SimpleData>
		<SimpleData name="COMP_NAME">Tourmaline Oil Corp.</SimpleData>
		<SimpleData name="SEG_LENGTH">0.8</SimpleData>
		<SimpleData name="SEG_STATUS">Abandoned</SimpleData>
		<SimpleData name="FROM_FAC">Blind End</SimpleData>
		<SimpleData name="FROM_LOC">01-11-054-15W5</SimpleData>
		<SimpleData name="TO_FAC">Blind End</SimpleData>
		<SimpleData name="TO_LOC">10-11-054-15W5</SimpleData>
		<SimpleData name="OUT_DIAMET">168.3</SimpleData>
		<SimpleData name="PIP_MATERL">Steel</SimpleData>
		<SimpleData name="SUBSTANCE1">Sour Natural Gas</SimpleData>
		<SimpleData name="GEOM_SRCE">Mapping</SimpleData>
		<SimpleData name="SHAPE_LEN">1119.7615775693857</SimpleData>
	</SchemaData></ExtendedData>
      <MultiGeometry><LineString><coordinates>-116.092445257402,53.6434413458784 -116.094764209799,53.6468720615248 -116.0951734517,53.6475859929666 -116.096239088087,53.6493921291436 -116.100065704585,53.652315254811</coordinates></LineString></MultiGeometry>
  </Placemark>
  <Placemark>
	<Style><LineStyle><color>ff0000ff</color></LineStyle><PolyStyle><fill>0</fill></PolyStyle></Style>
	<ExtendedData><SchemaData schemaUrl="#TOU_Edson_Sept2026">
		<SimpleData name="OBJECTID">42568495</SimpleData>
		<SimpleData name="LIC_LI_NO">49424-3</SimpleData>
		<SimpleData name="COMP_NAME">Tourmaline Oil Corp.</SimpleData>
		<SimpleData name="SEG_LENGTH">1.2</SimpleData>
		<SimpleData name="SEG_STATUS">Abandoned</SimpleData>
		<SimpleData name="FROM_FAC">Blind End</SimpleData>
		<SimpleData name="FROM_LOC">04-01-054-15W5</SimpleData>
		<SimpleData name="TO_FAC">Blind End</SimpleData>
		<SimpleData name="TO_LOC">16-02-054-15W5</SimpleData>
		<SimpleData name="OUT_DIAMET">168.3</SimpleData>
		<SimpleData name="PIP_MATERL">Steel</SimpleData>
		<SimpleData name="SUBSTANCE1">Sour Natural Gas</SimpleData>
		<SimpleData name="GEOM_SRCE">Mapping</SimpleData>
		<SimpleData name="SHAPE_LEN">1245.967602748727</SimpleData>
	</SchemaData></ExtendedData>
      <MultiGeometry><LineString><coordinates>-116.085540614787,53.6315376408877 -116.09262661019,53.6419191090687</coordinates></LineString></MultiGeometry>
  </Placemark>
  <Placemark>
	<Style><LineStyle><color>ff0000ff</color></LineStyle><PolyStyle><fill>0</fill></PolyStyle></Style>
	<ExtendedData><SchemaData schemaUrl="#TOU_Edson_Sept2026">
		<SimpleData name="OBJECTID">42570001</SimpleData>
		<SimpleData name="LIC_LI_NO">46811-2</SimpleData>
		<SimpleData name="COMP_NAME">Tourmaline Oil Corp.</SimpleData>
		<SimpleData name="SEG_LENGTH">0.63</SimpleData>
		<SimpleData name="SEG_STATUS">Discontinued</SimpleData>
		<SimpleData name="FROM_FAC">Blind End</SimpleData>
		<SimpleData name="FROM_LOC">08-21-052-15W5</SimpleData>
		<SimpleData name="TO_FAC">Blind End</SimpleData>
		<SimpleData name="TO_LOC">10-21-052-15W5</SimpleData>
		<SimpleData name="OUT_DIAMET">168.3</SimpleData>
		<SimpleData name="PIP_MATERL">Steel</SimpleData>
		<SimpleData name="SUBSTANCE1">Sour Natural Gas</SimpleData>
		<SimpleData name="GEOM_SRCE">Mapping</SimpleData>
		<SimpleData name="SHAPE_LEN">723.2494841297766</SimpleData>
	</SchemaData></ExtendedData>
      <MultiGeometry><LineString><coordinates>-116.14915957989,53.5063288830388 -116.149167014347,53.5059483134129 -116.148699751161,53.5053873427169 -116.148300647646,53.505381057024 -116.147604993188,53.5052234629383 -116.145843855955,53.5052221769442 -116.139968502095,53.5038425430101</coordinates></LineString></MultiGeometry>
  </Placemark>
  <Placemark>
	<Style><LineStyle><color>ff0000ff</color></LineStyle><PolyStyle><fill>0</fill></PolyStyle></Style>
	<ExtendedData><SchemaData schemaUrl="#TOU_Edson_Sept2026">
		<SimpleData name="OBJECTID">42570133</SimpleData>
		<SimpleData name="LIC_LI_NO">34897-4</SimpleData>
		<SimpleData name="COMP_NAME">Tourmaline Oil Corp.</SimpleData>
		<SimpleData name="SEG_LENGTH">2.18</SimpleData>
		<SimpleData name="SEG_STATUS">Operating</SimpleData>
		<SimpleData name="FROM_FAC">Well</SimpleData>
		<SimpleData name="FROM_LOC">04-02-054-15W5</SimpleData>
		<SimpleData name="TO_FAC">Compressor Station</SimpleData>
		<SimpleData name="TO_LOC">11-36-053-15W5</SimpleData>
		<SimpleData name="OUT_DIAMET">168.3</SimpleData>
		<SimpleData name="PIP_MATERL">Steel</SimpleData>
		<SimpleData name="SUBSTANCE1">Natural Gas</SimpleData>
		<SimpleData name="GEOM_SRCE">Mapping</SimpleData>
		<SimpleData name="SHAPE_LEN">2138.360873535229</SimpleData>
	</SchemaData></ExtendedData>
      <MultiGeometry><LineString><coordinates>-116.111154370112,53.6292739839493 -116.111173080222,53.6281639624593 -116.101632162523,53.6276260869032 -116.090471709927,53.6255370504076 -116.089130908788,53.625520801379 -116.086074822226,53.623534861385 -116.08495383704,53.6230572451987 -116.083634772437,53.6230432105412 -116.083523795465,53.6234089162175</coordinates></LineString></MultiGeometry>
  </Placemark>
  <Placemark>
	<Style><LineStyle><color>ff0000ff</color></LineStyle><PolyStyle><fill>0</fill></PolyStyle></Style>
	<ExtendedData><SchemaData schemaUrl="#TOU_Edson_Sept2026">
		<SimpleData name="OBJECTID">42572457</SimpleData>
		<SimpleData name="LIC_LI_NO">61813-19</SimpleData>
		<SimpleData name="COMP_NAME">Tourmaline Oil Corp.</SimpleData>
		<SimpleData name="SEG_LENGTH">0.9</SimpleData>
		<SimpleData name="SEG_STATUS">Operating</SimpleData>
		<SimpleData name="FROM_FAC">Well</SimpleData>
		<SimpleData name="FROM_LOC">13-04-052-15W5</SimpleData>
		<SimpleData name="TO_FAC">Pipeline</SimpleData>
		<SimpleData name="TO_LOC">15-04-052-15W5</SimpleData>
		<SimpleData name="OUT_DIAMET">114.3</SimpleData>
		<SimpleData name="PIP_MATERL">Steel</SimpleData>
		<SimpleData name="SUBSTANCE1">Sour Natural Gas</SimpleData>
		<SimpleData name="GEOM_SRCE">Mapping</SimpleData>
		<SimpleData name="SHAPE_LEN">1034.0953366163499</SimpleData>
	</SchemaData></ExtendedData>
      <MultiGeometry><LineString><coordinates>-116.159842673134,53.4677129281032 -116.159091961831,53.4673489436391 -116.15624419009,53.466490771118 -116.152192121609,53.4668901060231 -116.150241005965,53.4667112598425 -116.1478693548,53.4653759350969 -116.147372918825,53.4647569989469 -116.146791623496,53.4643213671831</coordinates></LineString></MultiGeometry>
  </Placemark>
  <Placemark>
	<Style><LineStyle><color>ff0000ff</color></LineStyle><PolyStyle><fill>0</fill></PolyStyle></Style>
	<ExtendedData><SchemaData schemaUrl="#TOU_Edson_Sept2026">
		<SimpleData name="OBJECTID">42572608</SimpleData>
		<SimpleData name="LIC_LI_NO">61813-6</SimpleData>
		<SimpleData name="COMP_NAME">Tourmaline Oil Corp.</SimpleData>
		<SimpleData name="SEG_LENGTH">1.2</SimpleData>
		<SimpleData name="SEG_STATUS">Operating</SimpleData>
		<SimpleData name="FROM_FAC">Well</SimpleData>
		<SimpleData name="FROM_LOC">14-34-051-15W5</SimpleData>
		<SimpleData name="TO_FAC">Pipeline</SimpleData>
		<SimpleData name="TO_LOC">02-04-052-15W5</SimpleData>
		<SimpleData name="OUT_DIAMET">114.3</SimpleData>
		<SimpleData name="PIP_MATERL">Steel</SimpleData>
		<SimpleData name="SUBSTANCE1">Sour Natural Gas</SimpleData>
		<SimpleData name="GEOM_SRCE">Mapping</SimpleData>
		<SimpleData name="SHAPE_LEN">1298.3460789611092</SimpleData>
	</SchemaData></ExtendedData>
      <MultiGeometry><LineString><coordinates>-116.146079692464,53.4561459337099 -116.135245501691,53.4548091383447 -116.134611168929,53.4537339541938 -116.133261514893,53.452329221125 -116.131363712465,53.451870317993 -116.130881124019,53.450819576037</coordinates></LineString></MultiGeometry>
  </Placemark>
  <Placemark>
	<Style><LineStyle><color>ff0000ff</color></LineStyle><PolyStyle><fill>0</fill></PolyStyle></Style>
	<ExtendedData><SchemaData schemaUrl="#TOU_Edson_Sept2026">
		<SimpleData name="OBJECTID">42572970</SimpleData>
		<SimpleData name="LIC_LI_NO">61813-2</SimpleData>
		<SimpleData name="COMP_NAME">Tourmaline Oil Corp.</SimpleData>
		<SimpleData name="SEG_LENGTH">2.27</SimpleData>
		<SimpleData name="SEG_STATUS">Operating</SimpleData>
		<SimpleData name="FROM_FAC">Well</SimpleData>
		<SimpleData name="FROM_LOC">08-33-051-15W5</SimpleData>
		<SimpleData name="TO_FAC">Pipeline</SimpleData>
		<SimpleData name="TO_LOC">10-04-052-15W5</SimpleData>
		<SimpleData name="OUT_DIAMET">168.3</SimpleData>
		<SimpleData name="PIP_MATERL">Steel</SimpleData>
		<SimpleData name="SUBSTANCE1">Sour Natural Gas</SimpleData>
		<SimpleData name="GEOM_SRCE">Mapping</SimpleData>
		<SimpleData name="SHAPE_LEN">2202.029699724699</SimpleData>
	</SchemaData></ExtendedData>
      <MultiGeometry><LineString><coordinates>-116.143818871845,53.4446650654357 -116.147865236923,53.4532141733038 -116.146044910594,53.4555294877406 -116.146516368015,53.4638833532572</coordinates></LineString></MultiGeometry>
  </Placemark>
  <Placemark>
	<Style><LineStyle><color>ff0000ff</color></LineStyle><PolyStyle><fill>0</fill></PolyStyle></Style>
	<ExtendedData><SchemaData schemaUrl="#TOU_Edson_Sept2026">
		<SimpleData name="OBJECTID">42573494</SimpleData>
		<SimpleData name="LIC_LI_NO">47831-24</SimpleData>
		<SimpleData name="COMP_NAME">Tourmaline Oil Corp.</SimpleData>
		<SimpleData name="SEG_LENGTH">2.67</SimpleData>
		<SimpleData name="SEG_STATUS">Operating</SimpleData>
		<SimpleData name="FROM_FAC">Well</SimpleData>
		<SimpleData name="FROM_LOC">16-16-053-16W5</SimpleData>
		<SimpleData name="TO_FAC">Pipeline</SimpleData>
		<SimpleData name="TO_LOC">02-28-053-16W5</SimpleData>
		<SimpleData name="OUT_DIAMET">168.3</SimpleData>
		<SimpleData name="PIP_MATERL">Steel</SimpleData>
		<SimpleData name="SUBSTANCE1">Natural Gas</SimpleData>
		<SimpleData name="GEOM_SRCE">Mapping</SimpleData>
		<SimpleData name="SHAPE_LEN">2689.41062085156</SimpleData>
	</SchemaData></ExtendedData>
      <MultiGeometry><LineString><coordinates>-116.288037250726,53.5844789850898 -116.289573688764,53.5846543745171 -116.297847192293,53.5844786763247 -116.298627265031,53.5854949807956 -116.298749151144,53.5886653395789 -116.300002369237,53.5953331175847 -116.29987450304,53.5969448373878 -116.300738840447,53.5978245130309 -116.30059566516,53.6003078304926 -116.298117561838,53.6002958891143 -116.296882236388,53.6003160552808</coordinates></LineString></MultiGeometry>
  </Placemark>
  <Placemark>
	<Style><LineStyle><color>ff0000ff</color></LineStyle><PolyStyle><fill>0</fill></PolyStyle></Style>
	<ExtendedData><SchemaData schemaUrl="#TOU_Edson_Sept2026">
		<SimpleData name="OBJECTID">42582772</SimpleData>
		<SimpleData name="LIC_LI_NO">47831-17</SimpleData>
		<SimpleData name="COMP_NAME">Tourmaline Oil Corp.</SimpleData>
		<SimpleData name="SEG_LENGTH">0.14</SimpleData>
		<SimpleData name="SEG_STATUS">Discontinued</SimpleData>
		<SimpleData name="FROM_FAC">Blind End</SimpleData>
		<SimpleData name="FROM_LOC">15-28-053-16W5</SimpleData>
		<SimpleData name="TO_FAC">Blind End</SimpleData>
		<SimpleData name="TO_LOC">14-28-053-16W5</SimpleData>
		<SimpleData name="OUT_DIAMET">168.3</SimpleData>
		<SimpleData name="PIP_MATERL">Steel</SimpleData>
		<SimpleData name="SUBSTANCE1">Natural Gas</SimpleData>
		<SimpleData name="GEOM_SRCE">Mapping</SimpleData>
		<SimpleData name="SHAPE_LEN">148.99908398041532</SimpleData>
	</SchemaData></ExtendedData>
      <MultiGeometry><LineString><coordinates>-116.29706654104,53.6114290311032 -116.29760133418,53.6115590548343 -116.298130255033,53.6115360252645 -116.29842229823,53.6114433654 -116.299225292381,53.6113649773025</coordinates></LineString></MultiGeometry>
  </Placemark>
  <Placemark>
	<Style><LineStyle><color>ff0000ff</color></LineStyle><PolyStyle><fill>0</fill></PolyStyle></Style>
	<ExtendedData><SchemaData schemaUrl="#TOU_Edson_Sept2026">
		<SimpleData name="OBJECTID">42583710</SimpleData>
		<SimpleData name="LIC_LI_NO">51207-2</SimpleData>
		<SimpleData name="COMP_NAME">Tourmaline Oil Corp.</SimpleData>
		<SimpleData name="SEG_LENGTH">0.83</SimpleData>
		<SimpleData name="SEG_STATUS">Operating</SimpleData>
		<SimpleData name="FROM_FAC">Well</SimpleData>
		<SimpleData name="FROM_LOC">13-12-053-15W5</SimpleData>
		<SimpleData name="TO_FAC">Pipeline</SimpleData>
		<SimpleData name="TO_LOC">05-13-053-15W5</SimpleData>
		<SimpleData name="OUT_DIAMET">168.3</SimpleData>
		<SimpleData name="PIP_MATERL">Steel</SimpleData>
		<SimpleData name="SUBSTANCE1">Natural Gas</SimpleData>
		<SimpleData name="GEOM_SRCE">Mapping</SimpleData>
		<SimpleData name="SHAPE_LEN">827.6932882924173</SimpleData>
	</SchemaData></ExtendedData>
      <MultiGeometry><LineString><coordinates>-116.08906545574,53.5681152011396 -116.088978655128,53.5709987624958 -116.088877052974,53.5741886568731 -116.088825462727,53.5755560969151</coordinates></LineString></MultiGeometry>
  </Placemark>
  <Placemark>
	<Style><LineStyle><color>ff0000ff</color></LineStyle><PolyStyle><fill>0</fill></PolyStyle></Style>
	<ExtendedData><SchemaData schemaUrl="#TOU_Edson_Sept2026">
		<SimpleData name="OBJECTID">42585597</SimpleData>
		<SimpleData name="LIC_LI_NO">42010-7</SimpleData>
		<SimpleData name="COMP_NAME">Tourmaline Oil Corp.</SimpleData>
		<SimpleData name="SEG_LENGTH">1.13</SimpleData>
		<SimpleData name="SEG_STATUS">Operating</SimpleData>
		<SimpleData name="FROM_FAC">Pipeline</SimpleData>
		<SimpleData name="FROM_LOC">11-25-052-15W5</SimpleData>
		<SimpleData name="TO_FAC">Well</SimpleData>
		<SimpleData name="TO_LOC">16-25-052-15W5</SimpleData>
		<SimpleData name="OUT_DIAMET">60.3</SimpleData>
		<SimpleData name="PIP_MATERL">Steel</SimpleData>
		<SimpleData name="SUBSTANCE1">Fuel Gas</SimpleData>
		<SimpleData name="GEOM_SRCE">Mapping</SimpleData>
		<SimpleData name="SHAPE_LEN">1145.9762335495077</SimpleData>
	</SchemaData></ExtendedData>
      <MultiGeometry><LineString><coordinates>-116.081543968766,53.5217657919779 -116.081410475521,53.5223046805302 -116.073810413807,53.5223174033741 -116.073437029059,53.5221356857881 -116.071530927994,53.5221400212819 -116.071086029265,53.5224132419461 -116.069832370099,53.5224595194649 -116.067932469205,53.5238761725089 -116.069049610499,53.5244277452106</coordinates></LineString></MultiGeometry>
  </Placemark>
  <Placemark>
	<Style><LineStyle><color>ff0000ff</color></LineStyle><PolyStyle><fill>0</fill></PolyStyle></Style>
	<ExtendedData><SchemaData schemaUrl="#TOU_Edson_Sept2026">
		<SimpleData name="OBJECTID">42587918</SimpleData>
		<SimpleData name="LIC_LI_NO">42010-3</SimpleData>
		<SimpleData name="COMP_NAME">Tourmaline Oil Corp.</SimpleData>
		<SimpleData name="SEG_LENGTH">1.32</SimpleData>
		<SimpleData name="SEG_STATUS">Operating</SimpleData>
		<SimpleData name="FROM_FAC">Pipeline</SimpleData>
		<SimpleData name="FROM_LOC">02-25-052-15W5</SimpleData>
		<SimpleData name="TO_FAC">Well</SimpleData>
		<SimpleData name="TO_LOC">11-25-052-15W5</SimpleData>
		<SimpleData name="OUT_DIAMET">60.3</SimpleData>
		<SimpleData name="PIP_MATERL">Steel</SimpleData>
		<SimpleData name="SUBSTANCE1">Fuel Gas</SimpleData>
		<SimpleData name="GEOM_SRCE">Mapping</SimpleData>
		<SimpleData name="SHAPE_LEN">1433.1193211576804</SimpleData>
	</SchemaData></ExtendedData>
      <MultiGeometry><LineString><coordinates>-116.073787385495,53.5125330698715 -116.072466211647,53.5125511807209 -116.07243063387,53.513546732954 -116.072859017073,53.5138236071685 -116.072857437835,53.5166957692826 -116.081708241885,53.5218582794853 -116.082489077293,53.521943927062</coordinates></LineString></MultiGeometry>
  </Placemark>
  <Placemark>
	<Style><LineStyle><color>ff0000ff</color></LineStyle><PolyStyle><fill>0</fill></PolyStyle></Style>
	<ExtendedData><SchemaData schemaUrl="#TOU_Edson_Sept2026">
		<SimpleData name="OBJECTID">42588966</SimpleData>
		<SimpleData name="LIC_LI_NO">47444-1</SimpleData>
		<SimpleData name="COMP_NAME">Tourmaline Oil Corp.</SimpleData>
		<SimpleData name="SEG_LENGTH">0.12</SimpleData>
		<SimpleData name="SEG_STATUS">Discontinued</SimpleData>
		<SimpleData name="FROM_FAC">Blind End</SimpleData>
		<SimpleData name="FROM_LOC">04-06-051-15W5</SimpleData>
		<SimpleData name="TO_FAC">Blind End</SimpleData>
		<SimpleData name="TO_LOC">04-06-051-15W5</SimpleData>
		<SimpleData name="OUT_DIAMET">88.9</SimpleData>
		<SimpleData name="PIP_MATERL">Steel</SimpleData>
		<SimpleData name="SUBSTANCE1">Sour Natural Gas</SimpleData>
		<SimpleData name="GEOM_SRCE">Mapping</SimpleData>
		<SimpleData name="SHAPE_LEN">102.06200289183082</SimpleData>
	</SchemaData></ExtendedData>
      <MultiGeometry><LineString><coordinates>-116.206799109628,53.3701351120774 -116.206651528105,53.3695144188604 -116.206291159945,53.3693192294708</coordinates></LineString></MultiGeometry>
  </Placemark>
  <Placemark>
	<Style><LineStyle><color>ff0000ff</color></LineStyle><PolyStyle><fill>0</fill></PolyStyle></Style>
	<ExtendedData><SchemaData schemaUrl="#TOU_Edson_Sept2026">
		<SimpleData name="OBJECTID">42590255</SimpleData>
		<SimpleData name="LIC_LI_NO">42009-9</SimpleData>
		<SimpleData name="COMP_NAME">Tourmaline Oil Corp.</SimpleData>
		<SimpleData name="SEG_LENGTH">1.13</SimpleData>
		<SimpleData name="SEG_STATUS">Operating</SimpleData>
		<SimpleData name="FROM_FAC">Well</SimpleData>
		<SimpleData name="FROM_LOC">16-25-052-15W5</SimpleData>
		<SimpleData name="TO_FAC">Pipeline</SimpleData>
		<SimpleData name="TO_LOC">11-25-052-15W5</SimpleData>
		<SimpleData name="OUT_DIAMET">114.3</SimpleData>
		<SimpleData name="PIP_MATERL">Steel</SimpleData>
		<SimpleData name="SUBSTANCE1">Natural Gas</SimpleData>
		<SimpleData name="GEOM_SRCE">Mapping</SimpleData>
		<SimpleData name="SHAPE_LEN">1131.7668710062087</SimpleData>
	</SchemaData></ExtendedData>
      <MultiGeometry><LineString><coordinates>-116.069196326945,53.5243222259963 -116.068253161474,53.523856552503 -116.069948349788,53.5225925348063 -116.071189076808,53.5225467332751 -116.071628564984,53.5222768342421 -116.073355447659,53.5222729067823 -116.073728722812,53.5224545719763 -116.081606559782,53.5224413792048 -116.081792842524,53.5217495115665</coordinates></LineString></MultiGeometry>
  </Placemark>
  <Placemark>
	<Style><LineStyle><color>ff0000ff</color></LineStyle><PolyStyle><fill>0</fill></PolyStyle></Style>
	<ExtendedData><SchemaData schemaUrl="#TOU_Edson_Sept2026">
		<SimpleData name="OBJECTID">42590550</SimpleData>
		<SimpleData name="LIC_LI_NO">23196-1</SimpleData>
		<SimpleData name="COMP_NAME">Tourmaline Oil Corp.</SimpleData>
		<SimpleData name="SEG_LENGTH">3.3</SimpleData>
		<SimpleData name="SEG_STATUS">Abandoned</SimpleData>
		<SimpleData name="FROM_FAC">Blind End</SimpleData>
		<SimpleData name="FROM_LOC">06-18-053-12W5</SimpleData>
		<SimpleData name="TO_FAC">Blind End</SimpleData>
		<SimpleData name="TO_LOC">16-11-053-13W5</SimpleData>
		<SimpleData name="OUT_DIAMET">60.3</SimpleData>
		<SimpleData name="PIP_MATERL">Aluminum</SimpleData>
		<SimpleData name="SUBSTANCE1">Natural Gas</SimpleData>
		<SimpleData name="GEOM_SRCE">Mapping</SimpleData>
		<SimpleData name="SHAPE_LEN">3498.96537313005</SimpleData>
	</SchemaData></ExtendedData>
      <MultiGeometry><LineString><coordinates>-115.760190825259,53.5765873071416 -115.760265799551,53.5761427866883 -115.760957391827,53.576187668313 -115.761689194492,53.5761070332605 -115.766393502751,53.572513923065 -115.766709768122,53.5710806928861 -115.76867469716,53.571397654481 -115.770717452642,53.571308456062 -115.778089030558,53.5714889016434 -115.780815483022,53.5715218408311 -115.79247744977,53.5710902297636 -115.800812214809,53.5710588228197 -115.800813993473,53.5672630448703</coordinates></LineString></MultiGeometry>
  </Placemark>
  <Placemark>
	<Style><LineStyle><color>ff0000ff</color></LineStyle><PolyStyle><fill>0</fill></PolyStyle></Style>
	<ExtendedData><SchemaData schemaUrl="#TOU_Edson_Sept2026">
		<SimpleData name="OBJECTID">42590778</SimpleData>
		<SimpleData name="LIC_LI_NO">54148-1</SimpleData>
		<SimpleData name="COMP_NAME">Tourmaline Oil Corp.</SimpleData>
		<SimpleData name="SEG_LENGTH">9.2</SimpleData>
		<SimpleData name="SEG_STATUS">Operating</SimpleData>
		<SimpleData name="FROM_FAC">Well</SimpleData>
		<SimpleData name="FROM_LOC">07-20-053-15W5</SimpleData>
		<SimpleData name="TO_FAC">Compressor Station</SimpleData>
		<SimpleData name="TO_LOC">11-36-053-15W5</SimpleData>
		<SimpleData name="OUT_DIAMET">114.3</SimpleData>
		<SimpleData name="PIP_MATERL">Steel</SimpleData>
		<SimpleData name="SUBSTANCE1">Natural Gas</SimpleData>
		<SimpleData name="GEOM_SRCE">Mapping</SimpleData>
		<SimpleData name="SHAPE_LEN">9064.541978458035</SimpleData>
	</SchemaData></ExtendedData>
      <MultiGeometry><LineString><coordinates>-116.171192442981,53.591054704105 -116.175663106622,53.5920998734089 -116.175684560187,53.5984052871694 -116.175112626202,53.5985555995724 -116.166022639419,53.598545526199 -116.166007265651,53.6000819896237 -116.162272544112,53.6002893189826 -116.162267382392,53.6008339962203 -116.143778150315,53.6018589698255 -116.143909183972,53.6052254616442 -116.142052933117,53.606403242446 -116.138130717907,53.6064091363203 -116.137626967848,53.6067376612142 -116.125796092674,53.6067371415467 -116.120817407486,53.610295492412 -116.12069649874,53.612068169101 -116.119895278762,53.6129524486037 -116.119900667755,53.6165674253637 -116.109817009521,53.6165939142315 -116.10838134539,53.6173176336551 -116.106488033639,53.6173036791494 -116.10548908189,53.616458614611 -116.096488793685,53.6164739687109 -116.091636029841,53.6188788818124 -116.090934046753,53.6208186849825 -116.088204900241,53.6207985675007 -116.085781587862,53.6217506770092 -116.083436787341,53.6226718114876</coordinates></LineString></MultiGeometry>
  </Placemark>
  <Placemark>
	<Style><LineStyle><color>ff0000ff</color></LineStyle><PolyStyle><fill>0</fill></PolyStyle></Style>
	<ExtendedData><SchemaData schemaUrl="#TOU_Edson_Sept2026">
		<SimpleData name="OBJECTID">42590910</SimpleData>
		<SimpleData name="LIC_LI_NO">53836-1</SimpleData>
		<SimpleData name="COMP_NAME">Tourmaline Oil Corp.</SimpleData>
		<SimpleData name="SEG_LENGTH">0.74</SimpleData>
		<SimpleData name="SEG_STATUS">Operating</SimpleData>
		<SimpleData name="FROM_FAC">Well</SimpleData>
		<SimpleData name="FROM_LOC">13-11-052-16W5</SimpleData>
		<SimpleData name="TO_FAC">Pipeline</SimpleData>
		<SimpleData name="TO_LOC">14-11-052-16W5</SimpleData>
		<SimpleData name="OUT_DIAMET">114.3</SimpleData>
		<SimpleData name="PIP_MATERL">Steel</SimpleData>
		<SimpleData name="SUBSTANCE1">Natural Gas</SimpleData>
		<SimpleData name="GEOM_SRCE">Mapping</SimpleData>
		<SimpleData name="SHAPE_LEN">743.3014564860221</SimpleData>
	</SchemaData></ExtendedData>
      <MultiGeometry><LineString><coordinates>-116.260820085264,53.4823136060685 -116.259569202791,53.4825241291432 -116.249664356909,53.4825421309359</coordinates></LineString></MultiGeometry>
  </Placemark>
  <Placemark>
	<Style><LineStyle><color>ff0000ff</color></LineStyle><PolyStyle><fill>0</fill></PolyStyle></Style>
	<ExtendedData><SchemaData schemaUrl="#TOU_Edson_Sept2026">
		<SimpleData name="OBJECTID">42590914</SimpleData>
		<SimpleData name="LIC_LI_NO">51207-12</SimpleData>
		<SimpleData name="COMP_NAME">Tourmaline Oil Corp.</SimpleData>
		<SimpleData name="SEG_LENGTH">6.67</SimpleData>
		<SimpleData name="SEG_STATUS">Operating</SimpleData>
		<SimpleData name="FROM_FAC">Pipeline</SimpleData>
		<SimpleData name="FROM_LOC">05-13-053-15W5</SimpleData>
		<SimpleData name="TO_FAC">Compressor Station</SimpleData>
		<SimpleData name="TO_LOC">11-36-053-15W5</SimpleData>
		<SimpleData name="OUT_DIAMET">168.3</SimpleData>
		<SimpleData name="PIP_MATERL">Steel</SimpleData>
		<SimpleData name="SUBSTANCE1">Natural Gas</SimpleData>
		<SimpleData name="GEOM_SRCE">Mapping</SimpleData>
		<SimpleData name="SHAPE_LEN">6433.969407232798</SimpleData>
	</SchemaData></ExtendedData>
      <MultiGeometry><LineString><coordinates>-116.088825462727,53.5755560969151 -116.077718340415,53.5755977756515 -116.076859773785,53.5760176388911 -116.076584724018,53.5761521266743 -116.076463829646,53.577864330303 -116.07705811641,53.5782985405812 -116.077125771229,53.5788498081305 -116.075597893238,53.5788592387203 -116.075371576177,53.5788607336835 -116.074610318652,53.5796533490206 -116.075584889226,53.5804481707911 -116.076019481584,53.5810788718017 -116.076145719136,53.5915271452469 -116.075278524188,53.5925550622447 -116.075547163577,53.5925506689137 -116.076405817343,53.5925369221569 -116.076335617597,53.5941103590662 -116.074947686347,53.5942238231662 -116.074702862194,53.5942438280213 -116.075466927853,53.6018184342632 -116.077919045609,53.6072822542351 -116.07807999047,53.6125961627915 -116.079302553554,53.613298657291 -116.079092121402,53.6157864343091 -116.079736540448,53.6174162480992 -116.083460860394,53.6212331129908 -116.083333387659,53.6221775207028</coordinates></LineString></MultiGeometry>
  </Placemark>
  <Placemark>
	<Style><LineStyle><color>ff0000ff</color></LineStyle><PolyStyle><fill>0</fill></PolyStyle></Style>
	<ExtendedData><SchemaData schemaUrl="#TOU_Edson_Sept2026">
		<SimpleData name="OBJECTID">42591004</SimpleData>
		<SimpleData name="LIC_LI_NO">51207-10</SimpleData>
		<SimpleData name="COMP_NAME">Tourmaline Oil Corp.</SimpleData>
		<SimpleData name="SEG_LENGTH">0.65</SimpleData>
		<SimpleData name="SEG_STATUS">Operating</SimpleData>
		<SimpleData name="FROM_FAC">Well</SimpleData>
		<SimpleData name="FROM_LOC">13-25-053-15W5</SimpleData>
		<SimpleData name="TO_FAC">Pipeline</SimpleData>
		<SimpleData name="TO_LOC">14-25-053-15W5</SimpleData>
		<SimpleData name="OUT_DIAMET">168.3</SimpleData>
		<SimpleData name="PIP_MATERL">Steel</SimpleData>
		<SimpleData name="SUBSTANCE1">Natural Gas</SimpleData>
		<SimpleData name="GEOM_SRCE">Mapping</SimpleData>
		<SimpleData name="SHAPE_LEN">676.7719884739165</SimpleData>
	</SchemaData></ExtendedData>
      <MultiGeometry><LineString><coordinates>-116.086850160842,53.6129139492954 -116.085735409067,53.6135120736508 -116.079519412254,53.6135331479749 -116.079537992109,53.6132430449592 -116.078074307728,53.612408606048</coordinates></LineString></MultiGeometry>
  </Placemark>
  <Placemark>
	<Style><LineStyle><color>ff0000ff</color></LineStyle><PolyStyle><fill>0</fill></PolyStyle></Style>
	<ExtendedData><SchemaData schemaUrl="#TOU_Edson_Sept2026">
		<SimpleData name="OBJECTID">42593763</SimpleData>
		<SimpleData name="LIC_LI_NO">52422-5</SimpleData>
		<SimpleData name="COMP_NAME">Tourmaline Oil Corp.</SimpleData>
		<SimpleData name="SEG_LENGTH">5.72</SimpleData>
		<SimpleData name="SEG_STATUS">Operating</SimpleData>
		<SimpleData name="FROM_FAC">Well</SimpleData>
		<SimpleData name="FROM_LOC">03-07-055-14W5</SimpleData>
		<SimpleData name="TO_FAC">Pipeline</SimpleData>
		<SimpleData name="TO_LOC">16-03-055-15W5</SimpleData>
		<SimpleData name="OUT_DIAMET">114.3</SimpleData>
		<SimpleData name="PIP_MATERL">Steel</SimpleData>
		<SimpleData name="SUBSTANCE1">Natural Gas</SimpleData>
		<SimpleData name="GEOM_SRCE">Mapping</SimpleData>
		<SimpleData name="SHAPE_LEN">5779.072130759959</SimpleData>
	</SchemaData></ExtendedData>
      <MultiGeometry><LineString><coordinates>-116.073609607104,53.7307545648513 -116.074408577701,53.7303119023649 -116.106726122224,53.7303061666254 -116.106847138767,53.7239731204023 -116.1084647881,53.7240294765311 -116.111139511079,53.7217542547955 -116.116375472866,53.7201181473748 -116.120231628665,53.7200356645591 -116.121858385118,53.7227688968387 -116.133417714853,53.722754709856 -116.135212678148,53.7222228085653 -116.136766542604,53.7228874941073 -116.138549848462,53.7259840110794 -116.138326983627,53.7269043287224</coordinates></LineString></MultiGeometry>
  </Placemark>
  <Placemark>
	<Style><LineStyle><color>ff0000ff</color></LineStyle><PolyStyle><fill>0</fill></PolyStyle></Style>
	<ExtendedData><SchemaData schemaUrl="#TOU_Edson_Sept2026">
		<SimpleData name="OBJECTID">42593823</SimpleData>
		<SimpleData name="LIC_LI_NO">51207-7</SimpleData>
		<SimpleData name="COMP_NAME">Tourmaline Oil Corp.</SimpleData>
		<SimpleData name="SEG_LENGTH">0.81</SimpleData>
		<SimpleData name="SEG_STATUS">Operating</SimpleData>
		<SimpleData name="FROM_FAC">Well</SimpleData>
		<SimpleData name="FROM_LOC">16-25-053-15W5</SimpleData>
		<SimpleData name="TO_FAC">Pipeline</SimpleData>
		<SimpleData name="TO_LOC">14-25-053-15W5</SimpleData>
		<SimpleData name="OUT_DIAMET">168.3</SimpleData>
		<SimpleData name="PIP_MATERL">Steel</SimpleData>
		<SimpleData name="SUBSTANCE1">Natural Gas</SimpleData>
		<SimpleData name="GEOM_SRCE">Mapping</SimpleData>
		<SimpleData name="SHAPE_LEN">736.9386506216908</SimpleData>
	</SchemaData></ExtendedData>
      <MultiGeometry><LineString><coordinates>-116.06863509459,53.6133735118131 -116.06969550368,53.6138379587106 -116.076251914375,53.613873893917 -116.077082675452,53.6134414314763 -116.078099769576,53.6132491259961 -116.07807999047,53.6125961627915</coordinates></LineString></MultiGeometry>
  </Placemark>
  <Placemark>
	<Style><LineStyle><color>ff0000ff</color></LineStyle><PolyStyle><fill>0</fill></PolyStyle></Style>
	<ExtendedData><SchemaData schemaUrl="#TOU_Edson_Sept2026">
		<SimpleData name="OBJECTID">42594100</SimpleData>
		<SimpleData name="LIC_LI_NO">47831-27</SimpleData>
		<SimpleData name="COMP_NAME">Tourmaline Oil Corp.</SimpleData>
		<SimpleData name="SEG_LENGTH">3.66</SimpleData>
		<SimpleData name="SEG_STATUS">Operating</SimpleData>
		<SimpleData name="FROM_FAC">Gas Processing Plant</SimpleData>
		<SimpleData name="FROM_LOC">07-20-053-15W5</SimpleData>
		<SimpleData name="TO_FAC">Pipeline</SimpleData>
		<SimpleData name="TO_LOC">06-22-053-15W5</SimpleData>
		<SimpleData name="OUT_DIAMET">168.3</SimpleData>
		<SimpleData name="PIP_MATERL">Steel</SimpleData>
		<SimpleData name="SUBSTANCE1">Natural Gas</SimpleData>
		<SimpleData name="GEOM_SRCE">Mapping</SimpleData>
		<SimpleData name="SHAPE_LEN">3792.625441599353</SimpleData>
	</SchemaData></ExtendedData>
      <MultiGeometry><LineString><coordinates>-116.172483010329,53.5909735247626 -116.171064853464,53.590606639665 -116.170194266478,53.5905999267295 -116.170212214818,53.5893965035696 -116.170464141051,53.5892493450595 -116.170462699255,53.5886776521667 -116.162682700498,53.5887056616775 -116.162451527144,53.5885892207152 -116.162429008177,53.5882368597161 -116.159478331726,53.5882230235736 -116.159474640548,53.5880884611462 -116.159175278777,53.5880922518608 -116.159191571521,53.5919547082713 -116.151178275793,53.5919239822335 -116.150535525817,53.592340922019 -116.149518033739,53.5923398929934 -116.148834521809,53.5919248918371 -116.135026861632,53.5919485809803 -116.134730732897,53.5917460130511 -116.127029051961,53.5917982551999</coordinates></LineString></MultiGeometry>
  </Placemark>
  <Placemark>
	<Style><LineStyle><color>ff0000ff</color></LineStyle><PolyStyle><fill>0</fill></PolyStyle></Style>
	<ExtendedData><SchemaData schemaUrl="#TOU_Edson_Sept2026">
		<SimpleData name="OBJECTID">42595010</SimpleData>
		<SimpleData name="LIC_LI_NO">51207-9</SimpleData>
		<SimpleData name="COMP_NAME">Tourmaline Oil Corp.</SimpleData>
		<SimpleData name="SEG_LENGTH">3.24</SimpleData>
		<SimpleData name="SEG_STATUS">Operating</SimpleData>
		<SimpleData name="FROM_FAC">Well</SimpleData>
		<SimpleData name="FROM_LOC">16-01-054-15W5</SimpleData>
		<SimpleData name="TO_FAC">Pipeline</SimpleData>
		<SimpleData name="TO_LOC">16-25-053-15W5</SimpleData>
		<SimpleData name="OUT_DIAMET">168.3</SimpleData>
		<SimpleData name="PIP_MATERL">Steel</SimpleData>
		<SimpleData name="SUBSTANCE1">Natural Gas</SimpleData>
		<SimpleData name="GEOM_SRCE">Mapping</SimpleData>
		<SimpleData name="SHAPE_LEN">3239.1972816310745</SimpleData>
	</SchemaData></ExtendedData>
      <MultiGeometry><LineString><coordinates>-116.068693660255,53.6422171496315 -116.068619633685,53.6211555145779 -116.068635655138,53.6130918756736</coordinates></LineString></MultiGeometry>
  </Placemark>
  <Placemark>
	<Style><LineStyle><color>ff0000ff</color></LineStyle><PolyStyle><fill>0</fill></PolyStyle></Style>
	<ExtendedData><SchemaData schemaUrl="#TOU_Edson_Sept2026">
		<SimpleData name="OBJECTID">42597096</SimpleData>
		<SimpleData name="LIC_LI_NO">44829-4</SimpleData>
		<SimpleData name="COMP_NAME">Tourmaline Oil Corp.</SimpleData>
		<SimpleData name="SEG_LENGTH">0.94</SimpleData>
		<SimpleData name="SEG_STATUS">Operating</SimpleData>
		<SimpleData name="FROM_FAC">Well</SimpleData>
		<SimpleData name="FROM_LOC">13-10-052-15W5</SimpleData>
		<SimpleData name="TO_FAC">Pipeline</SimpleData>
		<SimpleData name="TO_LOC">11-10-052-15W5</SimpleData>
		<SimpleData name="OUT_DIAMET">114.3</SimpleData>
		<SimpleData name="PIP_MATERL">Steel</SimpleData>
		<SimpleData name="SUBSTANCE1">Natural Gas</SimpleData>
		<SimpleData name="GEOM_SRCE">Mapping</SimpleData>
		<SimpleData name="SHAPE_LEN">944.5851726025129</SimpleData>
	</SchemaData></ExtendedData>
      <MultiGeometry><LineString><coordinates>-116.137255088677,53.4823494825993 -116.138724251883,53.4814446972066 -116.13872297897,53.4801580045666 -116.138382739361,53.4798445191414 -116.137948802773,53.4797496748605 -116.1375849231,53.4797927299371 -116.136397460787,53.480061369042 -116.135801873262,53.4801264173275 -116.135435347151,53.4800705148009 -116.133859172137,53.4794520254711 -116.132685859188,53.4777607438986 -116.1323135623,53.4774871358844 -116.131787994858,53.477201684683</coordinates></LineString></MultiGeometry>
  </Placemark>
  <Placemark>
	<Style><LineStyle><color>ff0000ff</color></LineStyle><PolyStyle><fill>0</fill></PolyStyle></Style>
	<ExtendedData><SchemaData schemaUrl="#TOU_Edson_Sept2026">
		<SimpleData name="OBJECTID">42598048</SimpleData>
		<SimpleData name="LIC_LI_NO">53686-4</SimpleData>
		<SimpleData name="COMP_NAME">Tourmaline Oil Corp.</SimpleData>
		<SimpleData name="SEG_LENGTH">0.05</SimpleData>
		<SimpleData name="SEG_STATUS">Discontinued</SimpleData>
		<SimpleData name="FROM_FAC">Blind End</SimpleData>
		<SimpleData name="FROM_LOC">01-34-051-18W5</SimpleData>
		<SimpleData name="TO_FAC">Blind End</SimpleData>
		<SimpleData name="TO_LOC">16-27-051-18W5</SimpleData>
		<SimpleData name="OUT_DIAMET">114.3</SimpleData>
		<SimpleData name="PIP_MATERL">Steel</SimpleData>
		<SimpleData name="SUBSTANCE1">Natural Gas</SimpleData>
		<SimpleData name="GEOM_SRCE">Mapping</SimpleData>
		<SimpleData name="SHAPE_LEN">62.860104064091885</SimpleData>
	</SchemaData></ExtendedData>
      <MultiGeometry><LineString><coordinates>-116.556761460537,53.4397228359386 -116.556744910875,53.4391577357311</coordinates></LineString></MultiGeometry>
  </Placemark>
  <Placemark>
	<Style><LineStyle><color>ff0000ff</color></LineStyle><PolyStyle><fill>0</fill></PolyStyle></Style>
	<ExtendedData><SchemaData schemaUrl="#TOU_Edson_Sept2026">
		<SimpleData name="OBJECTID">42598685</SimpleData>
		<SimpleData name="LIC_LI_NO">51207-11</SimpleData>
		<SimpleData name="COMP_NAME">Tourmaline Oil Corp.</SimpleData>
		<SimpleData name="SEG_LENGTH">2.64</SimpleData>
		<SimpleData name="SEG_STATUS">Operating</SimpleData>
		<SimpleData name="FROM_FAC">Well</SimpleData>
		<SimpleData name="FROM_LOC">01-30-053-14W5</SimpleData>
		<SimpleData name="TO_FAC">Pipeline</SimpleData>
		<SimpleData name="TO_LOC">16-25-053-15W5</SimpleData>
		<SimpleData name="OUT_DIAMET">168.3</SimpleData>
		<SimpleData name="PIP_MATERL">Steel</SimpleData>
		<SimpleData name="SUBSTANCE1">Natural Gas</SimpleData>
		<SimpleData name="GEOM_SRCE">Mapping</SimpleData>
		<SimpleData name="SHAPE_LEN">2632.9057535201487</SimpleData>
	</SchemaData></ExtendedData>
      <MultiGeometry><LineString><coordinates>-116.043782024563,53.6010752748603 -116.043835541696,53.6032458187053 -116.058597789424,53.6030832412566 -116.064790055442,53.6071042404831 -116.066037798304,53.607118197827 -116.068022685213,53.6087279970267 -116.067914472357,53.6126201878067 -116.068635655138,53.6130918756736</coordinates></LineString></MultiGeometry>
  </Placemark>
  <Placemark>
	<Style><LineStyle><color>ff0000ff</color></LineStyle><PolyStyle><fill>0</fill></PolyStyle></Style>
	<ExtendedData><SchemaData schemaUrl="#TOU_Edson_Sept2026">
		<SimpleData name="OBJECTID">42599822</SimpleData>
		<SimpleData name="LIC_LI_NO">35558-1</SimpleData>
		<SimpleData name="COMP_NAME">Tourmaline Oil Corp.</SimpleData>
		<SimpleData name="SEG_LENGTH">0.7</SimpleData>
		<SimpleData name="SEG_STATUS">Operating</SimpleData>
		<SimpleData name="FROM_FAC">Well</SimpleData>
		<SimpleData name="FROM_LOC">02-24-054-16W5</SimpleData>
		<SimpleData name="TO_FAC">Battery</SimpleData>
		<SimpleData name="TO_LOC">07-24-054-16W5</SimpleData>
		<SimpleData name="OUT_DIAMET">114.3</SimpleData>
		<SimpleData name="PIP_MATERL">Steel</SimpleData>
		<SimpleData name="SUBSTANCE1">Natural Gas</SimpleData>
		<SimpleData name="GEOM_SRCE">Mapping</SimpleData>
		<SimpleData name="SHAPE_LEN">594.0867033545048</SimpleData>
	</SchemaData></ExtendedData>
      <MultiGeometry><LineString><coordinates>-116.221114452688,53.6787989092954 -116.221518038796,53.6786443811258 -116.222092697371,53.6768734263608 -116.221872220258,53.6763659164606 -116.223479755459,53.6753906642872 -116.223466329239,53.6747821745018 -116.224256359802,53.6741897093254</coordinates></LineString></MultiGeometry>
  </Placemark>
  <Placemark>
	<Style><LineStyle><color>ff0000ff</color></LineStyle><PolyStyle><fill>0</fill></PolyStyle></Style>
	<ExtendedData><SchemaData schemaUrl="#TOU_Edson_Sept2026">
		<SimpleData name="OBJECTID">42601221</SimpleData>
		<SimpleData name="LIC_LI_NO">55018-1</SimpleData>
		<SimpleData name="COMP_NAME">Tourmaline Oil Corp.</SimpleData>
		<SimpleData name="SEG_LENGTH">0.8</SimpleData>
		<SimpleData name="SEG_STATUS">Operating</SimpleData>
		<SimpleData name="FROM_FAC">Well</SimpleData>
		<SimpleData name="FROM_LOC">03-26-050-17W5</SimpleData>
		<SimpleData name="TO_FAC">Pipeline</SimpleData>
		<SimpleData name="TO_LOC">10-23-050-17W5</SimpleData>
		<SimpleData name="OUT_DIAMET">168.3</SimpleData>
		<SimpleData name="PIP_MATERL">Steel</SimpleData>
		<SimpleData name="SUBSTANCE1">Natural Gas</SimpleData>
		<SimpleData name="GEOM_SRCE">Mapping</SimpleData>
		<SimpleData name="SHAPE_LEN">800.847531005007</SimpleData>
	</SchemaData></ExtendedData>
      <MultiGeometry><LineString><coordinates>-116.378394011508,53.339236146983 -116.378397664058,53.3391028542689 -116.377989511814,53.3387744426118 -116.378019282881,53.3384647671274 -116.378035856798,53.3380587368376 -116.377976970434,53.3377876471538 -116.377808020685,53.3371525489381 -116.377618458194,53.3368216119439 -116.377295915396,53.3363732366833 -116.374727112773,53.3332940937887 -116.374653570395,53.3332089428838 -116.374633223554,53.3325591738808</coordinates></LineString></MultiGeometry>
  </Placemark>
  <Placemark>
	<Style><LineStyle><color>ff0000ff</color></LineStyle><PolyStyle><fill>0</fill></PolyStyle></Style>
	<ExtendedData><SchemaData schemaUrl="#TOU_Edson_Sept2026">
		<SimpleData name="OBJECTID">42602344</SimpleData>
		<SimpleData name="LIC_LI_NO">42413-1</SimpleData>
		<SimpleData name="COMP_NAME">Tourmaline Oil Corp.</SimpleData>
		<SimpleData name="SEG_LENGTH">2.1</SimpleData>
		<SimpleData name="SEG_STATUS">Operating</SimpleData>
		<SimpleData name="FROM_FAC">Well</SimpleData>
		<SimpleData name="FROM_LOC">07-17-053-15W5</SimpleData>
		<SimpleData name="TO_FAC">Gas Processing Plant</SimpleData>
		<SimpleData name="TO_LOC">07-20-053-15W5</SimpleData>
		<SimpleData name="OUT_DIAMET">219.1</SimpleData>
		<SimpleData name="PIP_MATERL">Steel</SimpleData>
		<SimpleData name="SUBSTANCE1">Natural Gas</SimpleData>
		<SimpleData name="GEOM_SRCE">Mapping</SimpleData>
		<SimpleData name="SHAPE_LEN">2109.0401798354396</SimpleData>
	</SchemaData></ExtendedData>
      <MultiGeometry><LineString><coordinates>-116.175131937286,53.5768020547005 -116.176018896068,53.5767806585591 -116.178226487014,53.5767930178123 -116.178348930981,53.5768710375146 -116.177743312867,53.5789960444368 -116.176993595999,53.5793173899398 -116.176719919756,53.58002410305 -116.177582407532,53.580451992057 -116.176762158541,53.5843933472084 -116.175992769466,53.5848775675271 -116.175961023004,53.5901688223368 -116.172105968539,53.5907611691195 -116.171192442981,53.591054704105</coordinates></LineString></MultiGeometry>
  </Placemark>
  <Placemark>
	<Style><LineStyle><color>ff0000ff</color></LineStyle><PolyStyle><fill>0</fill></PolyStyle></Style>
	<ExtendedData><SchemaData schemaUrl="#TOU_Edson_Sept2026">
		<SimpleData name="OBJECTID">42603152</SimpleData>
		<SimpleData name="LIC_LI_NO">35997-1</SimpleData>
		<SimpleData name="COMP_NAME">Tourmaline Oil Corp.</SimpleData>
		<SimpleData name="SEG_LENGTH">5.2</SimpleData>
		<SimpleData name="SEG_STATUS">Discontinued</SimpleData>
		<SimpleData name="FROM_FAC">Blind End</SimpleData>
		<SimpleData name="FROM_LOC">14-11-054-16W5</SimpleData>
		<SimpleData name="TO_FAC">Blind End</SimpleData>
		<SimpleData name="TO_LOC">02-24-054-16W5</SimpleData>
		<SimpleData name="OUT_DIAMET">114.3</SimpleData>
		<SimpleData name="PIP_MATERL">Steel</SimpleData>
		<SimpleData name="SUBSTANCE1">Natural Gas</SimpleData>
		<SimpleData name="GEOM_SRCE">Mapping</SimpleData>
		<SimpleData name="SHAPE_LEN">5574.9908254830325</SimpleData>
	</SchemaData></ExtendedData>
      <MultiGeometry><LineString><coordinates>-116.251440038764,53.6560489016069 -116.263725690542,53.6560943137815 -116.26372756353,53.6584748367398 -116.263737365048,53.6729713659922 -116.24497962743,53.674859546581 -116.235855634922,53.672359951081 -116.225263951547,53.6720481536312 -116.225202676563,53.6735590621591 -116.22409155488,53.6741399142425</coordinates></LineString></MultiGeometry>
  </Placemark>
  <Placemark>
	<Style><LineStyle><color>ff0000ff</color></LineStyle><PolyStyle><fill>0</fill></PolyStyle></Style>
	<ExtendedData><SchemaData schemaUrl="#TOU_Edson_Sept2026">
		<SimpleData name="OBJECTID">42604490</SimpleData>
		<SimpleData name="LIC_LI_NO">16835-3</SimpleData>
		<SimpleData name="COMP_NAME">Tourmaline Oil Corp.</SimpleData>
		<SimpleData name="SEG_LENGTH">1.57</SimpleData>
		<SimpleData name="SEG_STATUS">Abandoned</SimpleData>
		<SimpleData name="FROM_FAC">Well</SimpleData>
		<SimpleData name="FROM_LOC">15-09-053-19W5</SimpleData>
		<SimpleData name="TO_FAC">Pipeline</SimpleData>
		<SimpleData name="TO_LOC">10-16-053-19W5</SimpleData>
		<SimpleData name="OUT_DIAMET">88.9</SimpleData>
		<SimpleData name="PIP_MATERL">Steel</SimpleData>
		<SimpleData name="SUBSTANCE1">Natural Gas</SimpleData>
		<SimpleData name="GEOM_SRCE">Mapping</SimpleData>
		<SimpleData name="SHAPE_LEN">1607.7763241181792</SimpleData>
	</SchemaData></ExtendedData>
      <MultiGeometry><LineString><coordinates>-116.736121056577,53.5804154940194 -116.736286022298,53.5802846320155 -116.744011101651,53.5741554301248 -116.744176951314,53.5721462274631 -116.739494225079,53.5684644559527</coordinates></LineString></MultiGeometry>
  </Placemark>
  <Placemark>
	<Style><LineStyle><color>ff0000ff</color></LineStyle><PolyStyle><fill>0</fill></PolyStyle></Style>
	<ExtendedData><SchemaData schemaUrl="#TOU_Edson_Sept2026">
		<SimpleData name="OBJECTID">42609298</SimpleData>
		<SimpleData name="LIC_LI_NO">54811-4</SimpleData>
		<SimpleData name="COMP_NAME">Tourmaline Oil Corp.</SimpleData>
		<SimpleData name="SEG_LENGTH">1.19</SimpleData>
		<SimpleData name="SEG_STATUS">Operating</SimpleData>
		<SimpleData name="FROM_FAC">Pipeline</SimpleData>
		<SimpleData name="FROM_LOC">16-26-053-15W5</SimpleData>
		<SimpleData name="TO_FAC">Pipeline</SimpleData>
		<SimpleData name="TO_LOC">01-26-053-15W5</SimpleData>
		<SimpleData name="OUT_DIAMET">114.3</SimpleData>
		<SimpleData name="PIP_MATERL">Steel</SimpleData>
		<SimpleData name="SUBSTANCE1">Natural Gas</SimpleData>
		<SimpleData name="GEOM_SRCE">Mapping</SimpleData>
		<SimpleData name="SHAPE_LEN">1132.76610662392</SimpleData>
	</SchemaData></ExtendedData>
      <MultiGeometry><LineString><coordinates>-116.094282020206,53.6007849092749 -116.094164481939,53.6066861288294 -116.094097145124,53.6084295663709 -116.094917237808,53.6109220717983</coordinates></LineString></MultiGeometry>
  </Placemark>
  <Placemark>
	<Style><LineStyle><color>ff0000ff</color></LineStyle><PolyStyle><fill>0</fill></PolyStyle></Style>
	<ExtendedData><SchemaData schemaUrl="#TOU_Edson_Sept2026">
		<SimpleData name="OBJECTID">42609349</SimpleData>
		<SimpleData name="LIC_LI_NO">54804-2</SimpleData>
		<SimpleData name="COMP_NAME">Tourmaline Oil Corp.</SimpleData>
		<SimpleData name="SEG_LENGTH">0.95</SimpleData>
		<SimpleData name="SEG_STATUS">Operating</SimpleData>
		<SimpleData name="FROM_FAC">Well</SimpleData>
		<SimpleData name="FROM_LOC">13-26-053-15W5</SimpleData>
		<SimpleData name="TO_FAC">Pipeline</SimpleData>
		<SimpleData name="TO_LOC">16-26-053-15W5</SimpleData>
		<SimpleData name="OUT_DIAMET">114.3</SimpleData>
		<SimpleData name="PIP_MATERL">Steel</SimpleData>
		<SimpleData name="SUBSTANCE1">Natural Gas</SimpleData>
		<SimpleData name="GEOM_SRCE">Mapping</SimpleData>
		<SimpleData name="SHAPE_LEN">924.2383688697998</SimpleData>
	</SchemaData></ExtendedData>
      <MultiGeometry><LineString><coordinates>-116.108485356825,53.6111974780012 -116.095344607711,53.6111607645613 -116.095299582352,53.6106656674723</coordinates></LineString></MultiGeometry>
  </Placemark>
  <Placemark>
	<Style><LineStyle><color>ff0000ff</color></LineStyle><PolyStyle><fill>0</fill></PolyStyle></Style>
	<ExtendedData><SchemaData schemaUrl="#TOU_Edson_Sept2026">
		<SimpleData name="OBJECTID">42609351</SimpleData>
		<SimpleData name="LIC_LI_NO">47831-26</SimpleData>
		<SimpleData name="COMP_NAME">Tourmaline Oil Corp.</SimpleData>
		<SimpleData name="SEG_LENGTH">3.22</SimpleData>
		<SimpleData name="SEG_STATUS">Operating</SimpleData>
		<SimpleData name="FROM_FAC">Pipeline</SimpleData>
		<SimpleData name="FROM_LOC">06-22-053-15W5</SimpleData>
		<SimpleData name="TO_FAC">Well</SimpleData>
		<SimpleData name="TO_LOC">01-26-053-15W5</SimpleData>
		<SimpleData name="OUT_DIAMET">168.3</SimpleData>
		<SimpleData name="PIP_MATERL">Steel</SimpleData>
		<SimpleData name="SUBSTANCE1">Natural Gas</SimpleData>
		<SimpleData name="GEOM_SRCE">Mapping</SimpleData>
		<SimpleData name="SHAPE_LEN">3224.3897254163458</SimpleData>
	</SchemaData></ExtendedData>
      <MultiGeometry><LineString><coordinates>-116.127029051961,53.5917982551999 -116.115475344782,53.5917882708559 -116.114953773945,53.5921991679014 -116.110432269252,53.592197373232 -116.110429356914,53.5931669485465 -116.10859476444,53.5941637099114 -116.108621359064,53.5951795410405 -116.108515760306,53.595310231643 -116.10856606147,53.5979256247476 -116.108387503341,53.5980461811191 -116.108325493535,53.5998871492825 -116.104785507885,53.599888006473 -116.10217329687,53.6015517570124 -116.09568516712,53.6015356773246 -116.094924606688,53.60093731722 -116.093226349728,53.6009384505171 -116.092681129843,53.6003343706081</coordinates></LineString></MultiGeometry>
  </Placemark>
  <Placemark>
	<Style><LineStyle><color>ff0000ff</color></LineStyle><PolyStyle><fill>0</fill></PolyStyle></Style>
	<ExtendedData><SchemaData schemaUrl="#TOU_Edson_Sept2026">
		<SimpleData name="OBJECTID">42609352</SimpleData>
		<SimpleData name="LIC_LI_NO">54811-3</SimpleData>
		<SimpleData name="COMP_NAME">Tourmaline Oil Corp.</SimpleData>
		<SimpleData name="SEG_LENGTH">0.42</SimpleData>
		<SimpleData name="SEG_STATUS">Operating</SimpleData>
		<SimpleData name="FROM_FAC">Battery</SimpleData>
		<SimpleData name="FROM_LOC">13-24-053-15W5</SimpleData>
		<SimpleData name="TO_FAC">Pipeline</SimpleData>
		<SimpleData name="TO_LOC">16-23-053-15W5</SimpleData>
		<SimpleData name="OUT_DIAMET">114.3</SimpleData>
		<SimpleData name="PIP_MATERL">Steel</SimpleData>
		<SimpleData name="SUBSTANCE1">Natural Gas</SimpleData>
		<SimpleData name="GEOM_SRCE">Mapping</SimpleData>
		<SimpleData name="SHAPE_LEN">419.35828241573154</SimpleData>
	</SchemaData></ExtendedData>
      <MultiGeometry><LineString><coordinates>-116.088606583717,53.5985480866571 -116.094944914902,53.5985986310179</coordinates></LineString></MultiGeometry>
  </Placemark>
  <Placemark>
	<Style><LineStyle><color>ff0000ff</color></LineStyle><PolyStyle><fill>0</fill></PolyStyle></Style>
	<ExtendedData><SchemaData schemaUrl="#TOU_Edson_Sept2026">
		<SimpleData name="OBJECTID">42609353</SimpleData>
		<SimpleData name="LIC_LI_NO">54811-6</SimpleData>
		<SimpleData name="COMP_NAME">Tourmaline Oil Corp.</SimpleData>
		<SimpleData name="SEG_LENGTH">0.07</SimpleData>
		<SimpleData name="SEG_STATUS">Operating</SimpleData>
		<SimpleData name="FROM_FAC">Pipeline</SimpleData>
		<SimpleData name="FROM_LOC">01-26-053-15W5</SimpleData>
		<SimpleData name="TO_FAC">Pipeline</SimpleData>
		<SimpleData name="TO_LOC">01-26-053-15W5</SimpleData>
		<SimpleData name="OUT_DIAMET">114.3</SimpleData>
		<SimpleData name="PIP_MATERL">Steel</SimpleData>
		<SimpleData name="SUBSTANCE1">Natural Gas</SimpleData>
		<SimpleData name="GEOM_SRCE">Mapping</SimpleData>
		<SimpleData name="SHAPE_LEN">108.9564305107558</SimpleData>
	</SchemaData></ExtendedData>
      <MultiGeometry><LineString><coordinates>-116.094275979934,53.6006479246035 -116.09349803261,53.6006600588532 -116.09308707313,53.6002047377083</coordinates></LineString></MultiGeometry>
  </Placemark>
  <Placemark>
	<Style><LineStyle><color>ff0000ff</color></LineStyle><PolyStyle><fill>0</fill></PolyStyle></Style>
	<ExtendedData><SchemaData schemaUrl="#TOU_Edson_Sept2026">
		<SimpleData name="OBJECTID">42609502</SimpleData>
		<SimpleData name="LIC_LI_NO">54811-2</SimpleData>
		<SimpleData name="COMP_NAME">Tourmaline Oil Corp.</SimpleData>
		<SimpleData name="SEG_LENGTH">0.2</SimpleData>
		<SimpleData name="SEG_STATUS">Operating</SimpleData>
		<SimpleData name="FROM_FAC">Well</SimpleData>
		<SimpleData name="FROM_LOC">16-23-053-15W5</SimpleData>
		<SimpleData name="TO_FAC">Pipeline</SimpleData>
		<SimpleData name="TO_LOC">01-26-053-15W5</SimpleData>
		<SimpleData name="OUT_DIAMET">114.3</SimpleData>
		<SimpleData name="PIP_MATERL">Steel</SimpleData>
		<SimpleData name="SUBSTANCE1">Natural Gas</SimpleData>
		<SimpleData name="GEOM_SRCE">Mapping</SimpleData>
		<SimpleData name="SHAPE_LEN">261.9888153562168</SimpleData>
	</SchemaData></ExtendedData>
      <MultiGeometry><LineString><coordinates>-116.094944914902,53.5985986310179 -116.09493829881,53.5989860623863 -116.0949532872,53.5993610069443 -116.094932247758,53.5996172186997 -116.09495834202,53.5997493508844 -116.09429509249,53.6001285212883 -116.094282020206,53.6007849092749</coordinates></LineString></MultiGeometry>
  </Placemark>
  <Placemark>
	<Style><LineStyle><color>ff0000ff</color></LineStyle><PolyStyle><fill>0</fill></PolyStyle></Style>
	<ExtendedData><SchemaData schemaUrl="#TOU_Edson_Sept2026">
		<SimpleData name="OBJECTID">42609544</SimpleData>
		<SimpleData name="LIC_LI_NO">54811-1</SimpleData>
		<SimpleData name="COMP_NAME">Tourmaline Oil Corp.</SimpleData>
		<SimpleData name="SEG_LENGTH">1.2</SimpleData>
		<SimpleData name="SEG_STATUS">Operating</SimpleData>
		<SimpleData name="FROM_FAC">Well</SimpleData>
		<SimpleData name="FROM_LOC">12-23-053-15W5</SimpleData>
		<SimpleData name="TO_FAC">Pipeline</SimpleData>
		<SimpleData name="TO_LOC">06-22-053-15W5</SimpleData>
		<SimpleData name="OUT_DIAMET">114.3</SimpleData>
		<SimpleData name="PIP_MATERL">Steel</SimpleData>
		<SimpleData name="SUBSTANCE1">Natural Gas</SimpleData>
		<SimpleData name="GEOM_SRCE">Mapping</SimpleData>
		<SimpleData name="SHAPE_LEN">1202.0314982891446</SimpleData>
	</SchemaData></ExtendedData>
      <MultiGeometry><LineString><coordinates>-116.109764511077,53.5927219796909 -116.110306022717,53.5919232592425 -116.127025055357,53.5919352824312</coordinates></LineString></MultiGeometry>
  </Placemark>
  <Placemark>
	<Style><LineStyle><color>ff0000ff</color></LineStyle><PolyStyle><fill>0</fill></PolyStyle></Style>
	<ExtendedData><SchemaData schemaUrl="#TOU_Edson_Sept2026">
		<SimpleData name="OBJECTID">42614015</SimpleData>
		<SimpleData name="LIC_LI_NO">54804-3</SimpleData>
		<SimpleData name="COMP_NAME">Tourmaline Oil Corp.</SimpleData>
		<SimpleData name="SEG_LENGTH">1.07</SimpleData>
		<SimpleData name="SEG_STATUS">Operating</SimpleData>
		<SimpleData name="FROM_FAC">Pipeline</SimpleData>
		<SimpleData name="FROM_LOC">14-25-053-15W5</SimpleData>
		<SimpleData name="TO_FAC">Compressor Station</SimpleData>
		<SimpleData name="TO_LOC">11-36-053-15W5</SimpleData>
		<SimpleData name="OUT_DIAMET">168.3</SimpleData>
		<SimpleData name="PIP_MATERL">Steel</SimpleData>
		<SimpleData name="SUBSTANCE1">Natural Gas</SimpleData>
		<SimpleData name="GEOM_SRCE">Mapping</SimpleData>
		<SimpleData name="SHAPE_LEN">1020.705546540348</SimpleData>
	</SchemaData></ExtendedData>
      <MultiGeometry><LineString><coordinates>-116.078031095169,53.6137014927894 -116.079520021312,53.6174674114415 -116.083225349975,53.6212648375082 -116.083101707656,53.6221808261774</coordinates></LineString></MultiGeometry>
  </Placemark>
  <Placemark>
	<Style><LineStyle><color>ff0000ff</color></LineStyle><PolyStyle><fill>0</fill></PolyStyle></Style>
	<ExtendedData><SchemaData schemaUrl="#TOU_Edson_Sept2026">
		<SimpleData name="OBJECTID">42614962</SimpleData>
		<SimpleData name="LIC_LI_NO">54811-5</SimpleData>
		<SimpleData name="COMP_NAME">Tourmaline Oil Corp.</SimpleData>
		<SimpleData name="SEG_LENGTH">0.07</SimpleData>
		<SimpleData name="SEG_STATUS">Operating</SimpleData>
		<SimpleData name="FROM_FAC">Pipeline</SimpleData>
		<SimpleData name="FROM_LOC">01-26-053-15W5</SimpleData>
		<SimpleData name="TO_FAC">Pipeline</SimpleData>
		<SimpleData name="TO_LOC">01-26-053-15W5</SimpleData>
		<SimpleData name="OUT_DIAMET">114.3</SimpleData>
		<SimpleData name="PIP_MATERL">Steel</SimpleData>
		<SimpleData name="SUBSTANCE1">Natural Gas</SimpleData>
		<SimpleData name="GEOM_SRCE">Mapping</SimpleData>
		<SimpleData name="SHAPE_LEN">127.73413574645221</SimpleData>
	</SchemaData></ExtendedData>
      <MultiGeometry><LineString><coordinates>-116.092884102385,53.6002695536749 -116.093362192067,53.6007992546479 -116.094282020206,53.6007849092749</coordinates></LineString></MultiGeometry>
  </Placemark>
  <Placemark>
	<Style><LineStyle><color>ff0000ff</color></LineStyle><PolyStyle><fill>0</fill></PolyStyle></Style>
	<ExtendedData><SchemaData schemaUrl="#TOU_Edson_Sept2026">
		<SimpleData name="OBJECTID">42616362</SimpleData>
		<SimpleData name="LIC_LI_NO">55137-7</SimpleData>
		<SimpleData name="COMP_NAME">Tourmaline Oil Corp.</SimpleData>
		<SimpleData name="SEG_LENGTH">1</SimpleData>
		<SimpleData name="SEG_STATUS">Operating</SimpleData>
		<SimpleData name="FROM_FAC">Battery</SimpleData>
		<SimpleData name="FROM_LOC">04-21-051-18W5</SimpleData>
		<SimpleData name="TO_FAC">Pipeline</SimpleData>
		<SimpleData name="TO_LOC">12-21-051-18W5</SimpleData>
		<SimpleData name="OUT_DIAMET">168.3</SimpleData>
		<SimpleData name="PIP_MATERL">Steel</SimpleData>
		<SimpleData name="SUBSTANCE1">Natural Gas</SimpleData>
		<SimpleData name="GEOM_SRCE">Mapping</SimpleData>
		<SimpleData name="SHAPE_LEN">1168.5092731009024</SimpleData>
	</SchemaData></ExtendedData>
      <MultiGeometry><LineString><coordinates>-116.600176971743,53.4137852495733 -116.59902072409,53.4143794979572 -116.599055494282,53.4156647221909 -116.598598682993,53.4160364578565 -116.598548936089,53.4163935901476 -116.598311742227,53.4170824664502 -116.597380629452,53.4187163234852 -116.59821877468,53.4187479644565 -116.598767965119,53.4187263267288 -116.599255258939,53.4186483747116 -116.600366812712,53.4183192021852 -116.601113520224,53.4181449092538 -116.602055184611,53.4180679937188 -116.60291748913,53.4181064199169 -116.6035689869,53.4182619563913 -116.604043652205,53.4184841474616 -116.60428239117,53.4184737972444 -116.604588265727,53.418341118511 -116.604897780258,53.4186226681709 -116.605118661614,53.4186680755361</coordinates></LineString></MultiGeometry>
  </Placemark>
  <Placemark>
	<Style><LineStyle><color>ff0000ff</color></LineStyle><PolyStyle><fill>0</fill></PolyStyle></Style>
	<ExtendedData><SchemaData schemaUrl="#TOU_Edson_Sept2026">
		<SimpleData name="OBJECTID">42616709</SimpleData>
		<SimpleData name="LIC_LI_NO">49495-45</SimpleData>
		<SimpleData name="COMP_NAME">Tourmaline Oil Corp.</SimpleData>
		<SimpleData name="SEG_LENGTH">2.86</SimpleData>
		<SimpleData name="SEG_STATUS">Operating</SimpleData>
		<SimpleData name="FROM_FAC">Pipeline</SimpleData>
		<SimpleData name="FROM_LOC">12-21-051-18W5</SimpleData>
		<SimpleData name="TO_FAC">Pipeline</SimpleData>
		<SimpleData name="TO_LOC">04-17-051-18W5</SimpleData>
		<SimpleData name="OUT_DIAMET">219.1</SimpleData>
		<SimpleData name="PIP_MATERL">Steel</SimpleData>
		<SimpleData name="SUBSTANCE1">Natural Gas</SimpleData>
		<SimpleData name="GEOM_SRCE">Mapping</SimpleData>
		<SimpleData name="SHAPE_LEN">3015.814627968173</SimpleData>
	</SchemaData></ExtendedData>
      <MultiGeometry><LineString><coordinates>-116.604919883306,53.4190804368212 -116.605258274182,53.4189394399594 -116.605350940793,53.4186738777989 -116.607814456374,53.4176274516743 -116.624355241702,53.410702486023 -116.624855279921,53.4104961372833 -116.62495901737,53.4104429895927 -116.625032463628,53.41040208529 -116.625110706889,53.4103585095004 -116.62650033326,53.4097761808311 -116.626462769308,53.3993460165032 -116.62646075798,53.3986341353439</coordinates></LineString></MultiGeometry>
  </Placemark>
  <Placemark>
	<Style><LineStyle><color>ff0000ff</color></LineStyle><PolyStyle><fill>0</fill></PolyStyle></Style>
	<ExtendedData><SchemaData schemaUrl="#TOU_Edson_Sept2026">
		<SimpleData name="OBJECTID">42616754</SimpleData>
		<SimpleData name="LIC_LI_NO">55773-1</SimpleData>
		<SimpleData name="COMP_NAME">Tourmaline Oil Corp.</SimpleData>
		<SimpleData name="SEG_LENGTH">0.69</SimpleData>
		<SimpleData name="SEG_STATUS">Operating</SimpleData>
		<SimpleData name="FROM_FAC">Well</SimpleData>
		<SimpleData name="FROM_LOC">09-06-051-18W5</SimpleData>
		<SimpleData name="TO_FAC">Pipeline</SimpleData>
		<SimpleData name="TO_LOC">11-05-051-18W5</SimpleData>
		<SimpleData name="OUT_DIAMET">168.3</SimpleData>
		<SimpleData name="PIP_MATERL">Steel</SimpleData>
		<SimpleData name="SUBSTANCE1">Natural Gas</SimpleData>
		<SimpleData name="GEOM_SRCE">Mapping</SimpleData>
		<SimpleData name="SHAPE_LEN">636.1615209770885</SimpleData>
	</SchemaData></ExtendedData>
      <MultiGeometry><LineString><coordinates>-116.631056360209,53.3765897772728 -116.629359930423,53.3765901084544 -116.626936578518,53.375795977981 -116.622723277715,53.3766864671819 -116.622659575483,53.3767841691679 -116.622234138754,53.3766776019309</coordinates></LineString></MultiGeometry>
  </Placemark>
  <Placemark>
	<Style><LineStyle><color>ff0000ff</color></LineStyle><PolyStyle><fill>0</fill></PolyStyle></Style>
	<ExtendedData><SchemaData schemaUrl="#TOU_Edson_Sept2026">
		<SimpleData name="OBJECTID">42617029</SimpleData>
		<SimpleData name="LIC_LI_NO">52421-4</SimpleData>
		<SimpleData name="COMP_NAME">Tourmaline Oil Corp.</SimpleData>
		<SimpleData name="SEG_LENGTH">1.3</SimpleData>
		<SimpleData name="SEG_STATUS">Operating</SimpleData>
		<SimpleData name="FROM_FAC">Pipeline</SimpleData>
		<SimpleData name="FROM_LOC">16-31-052-16W5</SimpleData>
		<SimpleData name="TO_FAC">Pipeline</SimpleData>
		<SimpleData name="TO_LOC">04-31-052-16W5</SimpleData>
		<SimpleData name="OUT_DIAMET">114.3</SimpleData>
		<SimpleData name="PIP_MATERL">Steel</SimpleData>
		<SimpleData name="SUBSTANCE1">Natural Gas</SimpleData>
		<SimpleData name="GEOM_SRCE">Mapping</SimpleData>
		<SimpleData name="SHAPE_LEN">1264.0775033803043</SimpleData>
	</SchemaData></ExtendedData>
      <MultiGeometry><LineString><coordinates>-116.341171783213,53.5380103774481 -116.341458596419,53.5375784158642 -116.346470468967,53.5339900765961 -116.348576469437,53.533271546277 -116.354522886325,53.5300518459877</coordinates></LineString></MultiGeometry>
  </Placemark>
  <Placemark>
	<Style><LineStyle><color>ff0000ff</color></LineStyle><PolyStyle><fill>0</fill></PolyStyle></Style>
	<ExtendedData><SchemaData schemaUrl="#TOU_Edson_Sept2026">
		<SimpleData name="OBJECTID">42617143</SimpleData>
		<SimpleData name="LIC_LI_NO">50289-13</SimpleData>
		<SimpleData name="COMP_NAME">Tourmaline Oil Corp.</SimpleData>
		<SimpleData name="SEG_LENGTH">0.77</SimpleData>
		<SimpleData name="SEG_STATUS">Discontinued</SimpleData>
		<SimpleData name="FROM_FAC">Blind End</SimpleData>
		<SimpleData name="FROM_LOC">09-35-052-18W5</SimpleData>
		<SimpleData name="TO_FAC">Blind End</SimpleData>
		<SimpleData name="TO_LOC">14-35-052-18W5</SimpleData>
		<SimpleData name="OUT_DIAMET">168.3</SimpleData>
		<SimpleData name="PIP_MATERL">Steel</SimpleData>
		<SimpleData name="SUBSTANCE1">Natural Gas</SimpleData>
		<SimpleData name="GEOM_SRCE">Mapping</SimpleData>
		<SimpleData name="SHAPE_LEN">798.2750900977984</SimpleData>
	</SchemaData></ExtendedData>
      <MultiGeometry><LineString><coordinates>-116.537041170906,53.5341785330304 -116.538833511121,53.5341646322114 -116.540487907837,53.535016509712 -116.54240580468,53.5369358642807 -116.542475287571,53.5370302272563 -116.542820246928,53.5372449867004 -116.545772739772,53.5385206786623</coordinates></LineString></MultiGeometry>
  </Placemark>
  <Placemark>
	<Style><LineStyle><color>ff0000ff</color></LineStyle><PolyStyle><fill>0</fill></PolyStyle></Style>
	<ExtendedData><SchemaData schemaUrl="#TOU_Edson_Sept2026">
		<SimpleData name="OBJECTID">42617144</SimpleData>
		<SimpleData name="LIC_LI_NO">50289-6</SimpleData>
		<SimpleData name="COMP_NAME">Tourmaline Oil Corp.</SimpleData>
		<SimpleData name="SEG_LENGTH">7</SimpleData>
		<SimpleData name="SEG_STATUS">Operating</SimpleData>
		<SimpleData name="FROM_FAC">Pipeline</SimpleData>
		<SimpleData name="FROM_LOC">07-27-052-17W5</SimpleData>
		<SimpleData name="TO_FAC">Pipeline</SimpleData>
		<SimpleData name="TO_LOC">15-25-052-18W5</SimpleData>
		<SimpleData name="OUT_DIAMET">168.3</SimpleData>
		<SimpleData name="PIP_MATERL">Steel</SimpleData>
		<SimpleData name="SUBSTANCE1">Natural Gas</SimpleData>
		<SimpleData name="GEOM_SRCE">Mapping</SimpleData>
		<SimpleData name="SHAPE_LEN">7313.643664484825</SimpleData>
	</SchemaData></ExtendedData>
      <MultiGeometry><LineString><coordinates>-116.416224545676,53.5164555563043 -116.433350048015,53.5162961969573 -116.451906367176,53.5162356128793 -116.4696625641,53.5157140088266 -116.470158052353,53.5165588442916 -116.48249867384,53.5160914937322 -116.491196179489,53.5158944576048 -116.491528444753,53.5161610958134 -116.492948012871,53.5172632780376 -116.49443246181,53.5169267480146 -116.494947212637,53.5168176683235 -116.496780277975,53.5182758649726 -116.499023858126,53.5203364170232 -116.508035697768,53.5228833473654 -116.512611751758,53.5245657026823 -116.518600682315,53.5264202087972</coordinates></LineString></MultiGeometry>
  </Placemark>
  <Placemark>
	<Style><LineStyle><color>ff0000ff</color></LineStyle><PolyStyle><fill>0</fill></PolyStyle></Style>
	<ExtendedData><SchemaData schemaUrl="#TOU_Edson_Sept2026">
		<SimpleData name="OBJECTID">42618776</SimpleData>
		<SimpleData name="LIC_LI_NO">47425-2</SimpleData>
		<SimpleData name="COMP_NAME">Tourmaline Oil Corp.</SimpleData>
		<SimpleData name="SEG_LENGTH">3.2</SimpleData>
		<SimpleData name="SEG_STATUS">Operating</SimpleData>
		<SimpleData name="FROM_FAC">Pipeline</SimpleData>
		<SimpleData name="FROM_LOC">01-34-052-15W5</SimpleData>
		<SimpleData name="TO_FAC">Battery</SimpleData>
		<SimpleData name="TO_LOC">02-36-052-15W5</SimpleData>
		<SimpleData name="OUT_DIAMET">60.3</SimpleData>
		<SimpleData name="PIP_MATERL">Polyethylene</SimpleData>
		<SimpleData name="SUBSTANCE1">Fuel Gas</SimpleData>
		<SimpleData name="GEOM_SRCE">Mapping</SimpleData>
		<SimpleData name="SHAPE_LEN">3212.396083549377</SimpleData>
	</SchemaData></ExtendedData>
      <MultiGeometry><LineString><coordinates>-116.115679088078,53.5269720858588 -116.089972383173,53.526876054681 -116.073016984019,53.5268165542662 -116.072992937916,53.5293348694381 -116.071788271068,53.5299498969635</coordinates></LineString></MultiGeometry>
  </Placemark>
  <Placemark>
	<Style><LineStyle><color>ff0000ff</color></LineStyle><PolyStyle><fill>0</fill></PolyStyle></Style>
	<ExtendedData><SchemaData schemaUrl="#TOU_Edson_Sept2026">
		<SimpleData name="OBJECTID">42618777</SimpleData>
		<SimpleData name="LIC_LI_NO">42071-5</SimpleData>
		<SimpleData name="COMP_NAME">Tourmaline Oil Corp.</SimpleData>
		<SimpleData name="SEG_LENGTH">1.09</SimpleData>
		<SimpleData name="SEG_STATUS">Abandoned</SimpleData>
		<SimpleData name="FROM_FAC">Blind End</SimpleData>
		<SimpleData name="FROM_LOC">16-34-052-15W5</SimpleData>
		<SimpleData name="TO_FAC">Blind End</SimpleData>
		<SimpleData name="TO_LOC">02-03-053-15W5</SimpleData>
		<SimpleData name="OUT_DIAMET">114.3</SimpleData>
		<SimpleData name="PIP_MATERL">Steel</SimpleData>
		<SimpleData name="SUBSTANCE1">Natural Gas</SimpleData>
		<SimpleData name="GEOM_SRCE">Mapping</SimpleData>
		<SimpleData name="SHAPE_LEN">1089.4896066403176</SimpleData>
	</SchemaData></ExtendedData>
      <MultiGeometry><LineString><coordinates>-116.120166196278,53.537579331976 -116.119622143305,53.5377067145619 -116.118732587493,53.5377753068333 -116.115382954851,53.5404060926296 -116.115361694424,53.5415781978361 -116.119830042208,53.5442879011072 -116.120363530994,53.5444051911076 -116.120725001386,53.5446180534664</coordinates></LineString></MultiGeometry>
  </Placemark>
  <Placemark>
	<Style><LineStyle><color>ff0000ff</color></LineStyle><PolyStyle><fill>0</fill></PolyStyle></Style>
	<ExtendedData><SchemaData schemaUrl="#TOU_Edson_Sept2026">
		<SimpleData name="OBJECTID">42619061</SimpleData>
		<SimpleData name="LIC_LI_NO">42071-4</SimpleData>
		<SimpleData name="COMP_NAME">Tourmaline Oil Corp.</SimpleData>
		<SimpleData name="SEG_LENGTH">1.01</SimpleData>
		<SimpleData name="SEG_STATUS">Operating</SimpleData>
		<SimpleData name="FROM_FAC">Well</SimpleData>
		<SimpleData name="FROM_LOC">05-02-053-15W5</SimpleData>
		<SimpleData name="TO_FAC">Pipeline</SimpleData>
		<SimpleData name="TO_LOC">07-03-053-15W5</SimpleData>
		<SimpleData name="OUT_DIAMET">114.3</SimpleData>
		<SimpleData name="PIP_MATERL">Steel</SimpleData>
		<SimpleData name="SUBSTANCE1">Natural Gas</SimpleData>
		<SimpleData name="GEOM_SRCE">Mapping</SimpleData>
		<SimpleData name="SHAPE_LEN">988.6132000849302</SimpleData>
	</SchemaData></ExtendedData>
      <MultiGeometry><LineString><coordinates>-116.123762453296,53.5465508252274 -116.120366759539,53.5445274481125 -116.113694099659,53.5445286330975 -116.113715508309,53.5459958795903 -116.11338783164,53.5465492223715</coordinates></LineString></MultiGeometry>
  </Placemark>
  <Placemark>
	<Style><LineStyle><color>ff0000ff</color></LineStyle><PolyStyle><fill>0</fill></PolyStyle></Style>
	<ExtendedData><SchemaData schemaUrl="#TOU_Edson_Sept2026">
		<SimpleData name="OBJECTID">42619251</SimpleData>
		<SimpleData name="LIC_LI_NO">42071-14</SimpleData>
		<SimpleData name="COMP_NAME">Tourmaline Oil Corp.</SimpleData>
		<SimpleData name="SEG_LENGTH">0.58</SimpleData>
		<SimpleData name="SEG_STATUS">Discontinued</SimpleData>
		<SimpleData name="FROM_FAC">Blind End</SimpleData>
		<SimpleData name="FROM_LOC">12-03-053-15W5</SimpleData>
		<SimpleData name="TO_FAC">Blind End</SimpleData>
		<SimpleData name="TO_LOC">06-03-053-15W5</SimpleData>
		<SimpleData name="OUT_DIAMET">114.3</SimpleData>
		<SimpleData name="PIP_MATERL">Steel</SimpleData>
		<SimpleData name="SUBSTANCE1">Natural Gas</SimpleData>
		<SimpleData name="GEOM_SRCE">Mapping</SimpleData>
		<SimpleData name="SHAPE_LEN">584.5762249403247</SimpleData>
	</SchemaData></ExtendedData>
      <MultiGeometry><LineString><coordinates>-116.137152730142,53.5516680401152 -116.13614936497,53.5517670789633 -116.132749620709,53.5506042156482 -116.132330205387,53.5483019327623</coordinates></LineString></MultiGeometry>
  </Placemark>
  <Placemark>
	<Style><LineStyle><color>ff0000ff</color></LineStyle><PolyStyle><fill>0</fill></PolyStyle></Style>
	<ExtendedData><SchemaData schemaUrl="#TOU_Edson_Sept2026">
		<SimpleData name="OBJECTID">42620317</SimpleData>
		<SimpleData name="LIC_LI_NO">55137-5</SimpleData>
		<SimpleData name="COMP_NAME">Tourmaline Oil Corp.</SimpleData>
		<SimpleData name="SEG_LENGTH">4.39</SimpleData>
		<SimpleData name="SEG_STATUS">Operating</SimpleData>
		<SimpleData name="FROM_FAC">Well</SimpleData>
		<SimpleData name="FROM_LOC">16-16-051-18W5</SimpleData>
		<SimpleData name="TO_FAC">Gas Processing Plant</SimpleData>
		<SimpleData name="TO_LOC">01-34-051-18W5</SimpleData>
		<SimpleData name="OUT_DIAMET">273.1</SimpleData>
		<SimpleData name="PIP_MATERL">Steel</SimpleData>
		<SimpleData name="SUBSTANCE1">Natural Gas</SimpleData>
		<SimpleData name="GEOM_SRCE">Mapping</SimpleData>
		<SimpleData name="SHAPE_LEN">4363.26479316562</SimpleData>
	</SchemaData></ExtendedData>
      <MultiGeometry><LineString><coordinates>-116.583618569555,53.4087558630209 -116.583294799658,53.4092005837677 -116.582835391341,53.4095259650103 -116.581922894353,53.4095004949913 -116.581715436523,53.4096478947842 -116.581761880322,53.4128781619185 -116.581785000262,53.4144859387049 -116.581780763807,53.4157598397712 -116.581775485306,53.4167082337788</coordinates></LineString><LineString><coordinates>-116.581775473628,53.4167103335688 -116.581763487408,53.4188639890017 -116.581751303557,53.4210536494693 -116.581751822784,53.4216345073714 -116.581592711384,53.4217163815906 -116.581580667671,53.4250196285532 -116.581042337864,53.4252319244505 -116.580065906879,53.4251708537452 -116.56673730926,53.4329908109463 -116.564584599987,53.4329989425095 -116.563792649725,53.4334191480472 -116.563639441155,53.4343774303173 -116.563269025339,53.4345510337789 -116.562794561257,53.4351743206242 -116.559994518804,53.4368234915444 -116.558858509296,53.4373590912559 -116.557679724709,53.4380532659055 -116.558450074082,53.4385470808529 -116.557535807414,53.439075741526 -116.557534181463,53.4394278601137 -116.557873695233,53.4394262526687</coordinates></LineString></MultiGeometry>
  </Placemark>
  <Placemark>
	<Style><LineStyle><color>ff0000ff</color></LineStyle><PolyStyle><fill>0</fill></PolyStyle></Style>
	<ExtendedData><SchemaData schemaUrl="#TOU_Edson_Sept2026">
		<SimpleData name="OBJECTID">42620366</SimpleData>
		<SimpleData name="LIC_LI_NO">52422-1</SimpleData>
		<SimpleData name="COMP_NAME">Tourmaline Oil Corp.</SimpleData>
		<SimpleData name="SEG_LENGTH">2.21</SimpleData>
		<SimpleData name="SEG_STATUS">Operating</SimpleData>
		<SimpleData name="FROM_FAC">Well</SimpleData>
		<SimpleData name="FROM_LOC">16-03-055-15W5</SimpleData>
		<SimpleData name="TO_FAC">Pipeline</SimpleData>
		<SimpleData name="TO_LOC">15-33-054-15W5</SimpleData>
		<SimpleData name="OUT_DIAMET">114.3</SimpleData>
		<SimpleData name="PIP_MATERL">Steel</SimpleData>
		<SimpleData name="SUBSTANCE1">Natural Gas</SimpleData>
		<SimpleData name="GEOM_SRCE">Mapping</SimpleData>
		<SimpleData name="SHAPE_LEN">2116.1203625388694</SimpleData>
	</SchemaData></ExtendedData>
      <MultiGeometry><LineString><coordinates>-116.138555700088,53.7269238077888 -116.138786453928,53.725970887091 -116.137014825271,53.7228946792649 -116.138707770492,53.7206855883612 -116.140060287459,53.7193290308142 -116.140028695507,53.7161056797177 -116.146506598836,53.7161174538356 -116.146518267053,53.7128621345481 -116.145759426895,53.7126701625657</coordinates></LineString></MultiGeometry>
  </Placemark>
  <Placemark>
	<Style><LineStyle><color>ff0000ff</color></LineStyle><PolyStyle><fill>0</fill></PolyStyle></Style>
	<ExtendedData><SchemaData schemaUrl="#TOU_Edson_Sept2026">
		<SimpleData name="OBJECTID">42620453</SimpleData>
		<SimpleData name="LIC_LI_NO">55137-9</SimpleData>
		<SimpleData name="COMP_NAME">Tourmaline Oil Corp.</SimpleData>
		<SimpleData name="SEG_LENGTH">1.54</SimpleData>
		<SimpleData name="SEG_STATUS">Operating</SimpleData>
		<SimpleData name="FROM_FAC">Well</SimpleData>
		<SimpleData name="FROM_LOC">04-34-051-18W5</SimpleData>
		<SimpleData name="TO_FAC">Gas Processing Plant</SimpleData>
		<SimpleData name="TO_LOC">01-34-051-18W5</SimpleData>
		<SimpleData name="OUT_DIAMET">168.3</SimpleData>
		<SimpleData name="PIP_MATERL">Steel</SimpleData>
		<SimpleData name="SUBSTANCE1">Natural Gas</SimpleData>
		<SimpleData name="GEOM_SRCE">Mapping</SimpleData>
		<SimpleData name="SHAPE_LEN">1588.049402681921</SimpleData>
	</SchemaData></ExtendedData>
      <MultiGeometry><LineString><coordinates>-116.578336993114,53.4402722622428 -116.578733416055,53.4396339967691 -116.57871866482,53.4391017792383 -116.574364893557,53.4390997629603 -116.563586803472,53.4391053243128 -116.557937845724,53.4391128751869 -116.557469349151,53.4393783503525 -116.557014831261,53.4393723791474</coordinates></LineString></MultiGeometry>
  </Placemark>
  <Placemark>
	<Style><LineStyle><color>ff0000ff</color></LineStyle><PolyStyle><fill>0</fill></PolyStyle></Style>
	<ExtendedData><SchemaData schemaUrl="#TOU_Edson_Sept2026">
		<SimpleData name="OBJECTID">42621295</SimpleData>
		<SimpleData name="LIC_LI_NO">34897-5</SimpleData>
		<SimpleData name="COMP_NAME">Tourmaline Oil Corp.</SimpleData>
		<SimpleData name="SEG_LENGTH">1.9</SimpleData>
		<SimpleData name="SEG_STATUS">Operating</SimpleData>
		<SimpleData name="FROM_FAC">Well</SimpleData>
		<SimpleData name="FROM_LOC">13-25-052-15W5</SimpleData>
		<SimpleData name="TO_FAC">Pipeline</SimpleData>
		<SimpleData name="TO_LOC">01-34-052-15W5</SimpleData>
		<SimpleData name="OUT_DIAMET">168.3</SimpleData>
		<SimpleData name="PIP_MATERL">Steel</SimpleData>
		<SimpleData name="SUBSTANCE1">Natural Gas</SimpleData>
		<SimpleData name="GEOM_SRCE">Mapping</SimpleData>
		<SimpleData name="SHAPE_LEN">1892.012764659199</SimpleData>
	</SchemaData></ExtendedData>
      <MultiGeometry><LineString><coordinates>-116.08873423881,53.5258103179507 -116.090079533322,53.5257857608195 -116.091998560246,53.525813075594 -116.092007096936,53.5270200671902 -116.11526607505,53.5271255812858</coordinates></LineString></MultiGeometry>
  </Placemark>
  <Placemark>
	<Style><LineStyle><color>ff0000ff</color></LineStyle><PolyStyle><fill>0</fill></PolyStyle></Style>
	<ExtendedData><SchemaData schemaUrl="#TOU_Edson_Sept2026">
		<SimpleData name="OBJECTID">42621296</SimpleData>
		<SimpleData name="LIC_LI_NO">42071-16</SimpleData>
		<SimpleData name="COMP_NAME">Tourmaline Oil Corp.</SimpleData>
		<SimpleData name="SEG_LENGTH">1.75</SimpleData>
		<SimpleData name="SEG_STATUS">Operating</SimpleData>
		<SimpleData name="FROM_FAC">Battery</SimpleData>
		<SimpleData name="FROM_LOC">10-03-053-15W5</SimpleData>
		<SimpleData name="TO_FAC">Pipeline</SimpleData>
		<SimpleData name="TO_LOC">10-10-053-15W5</SimpleData>
		<SimpleData name="OUT_DIAMET">168.3</SimpleData>
		<SimpleData name="PIP_MATERL">Steel</SimpleData>
		<SimpleData name="SUBSTANCE1">Natural Gas</SimpleData>
		<SimpleData name="GEOM_SRCE">Mapping</SimpleData>
		<SimpleData name="SHAPE_LEN">1637.6599289035178</SimpleData>
	</SchemaData></ExtendedData>
      <MultiGeometry><LineString><coordinates>-116.123865921251,53.5497645401967 -116.124415930055,53.555756606509 -116.125210324634,53.5635660516266 -116.124742798241,53.5644134230288 -116.124752925847,53.564419352639</coordinates></LineString></MultiGeometry>
  </Placemark>
  <Placemark>
	<Style><LineStyle><color>ff0000ff</color></LineStyle><PolyStyle><fill>0</fill></PolyStyle></Style>
	<ExtendedData><SchemaData schemaUrl="#TOU_Edson_Sept2026">
		<SimpleData name="OBJECTID">42621298</SimpleData>
		<SimpleData name="LIC_LI_NO">42071-19</SimpleData>
		<SimpleData name="COMP_NAME">Tourmaline Oil Corp.</SimpleData>
		<SimpleData name="SEG_LENGTH">0.3</SimpleData>
		<SimpleData name="SEG_STATUS">Operating</SimpleData>
		<SimpleData name="FROM_FAC">Well</SimpleData>
		<SimpleData name="FROM_LOC">01-03-053-15W5</SimpleData>
		<SimpleData name="TO_FAC">Pipeline</SimpleData>
		<SimpleData name="TO_LOC">02-03-053-15W5</SimpleData>
		<SimpleData name="OUT_DIAMET">114.3</SimpleData>
		<SimpleData name="PIP_MATERL">Steel</SimpleData>
		<SimpleData name="SUBSTANCE1">Natural Gas</SimpleData>
		<SimpleData name="GEOM_SRCE">Mapping</SimpleData>
		<SimpleData name="SHAPE_LEN">342.41560759039737</SimpleData>
	</SchemaData></ExtendedData>
      <MultiGeometry><LineString><coordinates>-116.119403014562,53.5418661303842 -116.119970275512,53.5425437404074 -116.119961940044,53.544037711779 -116.120836962013,53.5445271662783 -116.120725001386,53.5446180534664</coordinates></LineString></MultiGeometry>
  </Placemark>
  <Placemark>
	<Style><LineStyle><color>ff0000ff</color></LineStyle><PolyStyle><fill>0</fill></PolyStyle></Style>
	<ExtendedData><SchemaData schemaUrl="#TOU_Edson_Sept2026">
		<SimpleData name="OBJECTID">42621371</SimpleData>
		<SimpleData name="LIC_LI_NO">56338-2</SimpleData>
		<SimpleData name="COMP_NAME">Tourmaline Oil Corp.</SimpleData>
		<SimpleData name="SEG_LENGTH">0.19</SimpleData>
		<SimpleData name="SEG_STATUS">Operating</SimpleData>
		<SimpleData name="FROM_FAC">Well</SimpleData>
		<SimpleData name="FROM_LOC">13-31-051-15W5</SimpleData>
		<SimpleData name="TO_FAC">Pipeline</SimpleData>
		<SimpleData name="TO_LOC">16-36-051-16W5</SimpleData>
		<SimpleData name="OUT_DIAMET">219.1</SimpleData>
		<SimpleData name="PIP_MATERL">Steel</SimpleData>
		<SimpleData name="SUBSTANCE1">Natural Gas</SimpleData>
		<SimpleData name="GEOM_SRCE">Mapping</SimpleData>
		<SimpleData name="SHAPE_LEN">206.46071556616621</SimpleData>
	</SchemaData></ExtendedData>
      <MultiGeometry><LineString><coordinates>-116.211484405943,53.4534499025276 -116.211485657296,53.4525558645565 -116.212737685122,53.4525562448961 -116.21306856159,53.4526412745194</coordinates></LineString></MultiGeometry>
  </Placemark>
  <Placemark>
	<Style><LineStyle><color>ff0000ff</color></LineStyle><PolyStyle><fill>0</fill></PolyStyle></Style>
	<ExtendedData><SchemaData schemaUrl="#TOU_Edson_Sept2026">
		<SimpleData name="OBJECTID">42621439</SimpleData>
		<SimpleData name="LIC_LI_NO">47540-1</SimpleData>
		<SimpleData name="COMP_NAME">Tourmaline Oil Corp.</SimpleData>
		<SimpleData name="SEG_LENGTH">3.2</SimpleData>
		<SimpleData name="SEG_STATUS">Discontinued</SimpleData>
		<SimpleData name="FROM_FAC">Blind End</SimpleData>
		<SimpleData name="FROM_LOC">02-36-052-15W5</SimpleData>
		<SimpleData name="TO_FAC">Blind End</SimpleData>
		<SimpleData name="TO_LOC">01-34-052-15W5</SimpleData>
		<SimpleData name="OUT_DIAMET">114.3</SimpleData>
		<SimpleData name="PIP_MATERL">Steel</SimpleData>
		<SimpleData name="SUBSTANCE1">Sour Natural Gas</SimpleData>
		<SimpleData name="GEOM_SRCE">Mapping</SimpleData>
		<SimpleData name="SHAPE_LEN">3216.289597651567</SimpleData>
	</SchemaData></ExtendedData>
      <MultiGeometry><LineString><coordinates>-116.071637749359,53.5298462854697 -116.072763563888,53.5292715129467 -116.072788323254,53.5266786997117 -116.089953803318,53.5267389553981 -116.115488124215,53.5268010442228</coordinates></LineString></MultiGeometry>
  </Placemark>
  <Placemark>
	<Style><LineStyle><color>ff0000ff</color></LineStyle><PolyStyle><fill>0</fill></PolyStyle></Style>
	<ExtendedData><SchemaData schemaUrl="#TOU_Edson_Sept2026">
		<SimpleData name="OBJECTID">42621440</SimpleData>
		<SimpleData name="LIC_LI_NO">42071-6</SimpleData>
		<SimpleData name="COMP_NAME">Tourmaline Oil Corp.</SimpleData>
		<SimpleData name="SEG_LENGTH">1.89</SimpleData>
		<SimpleData name="SEG_STATUS">Operating</SimpleData>
		<SimpleData name="FROM_FAC">Well</SimpleData>
		<SimpleData name="FROM_LOC">16-04-053-15W5</SimpleData>
		<SimpleData name="TO_FAC">Pipeline</SimpleData>
		<SimpleData name="TO_LOC">07-03-053-15W5</SimpleData>
		<SimpleData name="OUT_DIAMET">114.3</SimpleData>
		<SimpleData name="PIP_MATERL">Steel</SimpleData>
		<SimpleData name="SUBSTANCE1">Natural Gas</SimpleData>
		<SimpleData name="GEOM_SRCE">Mapping</SimpleData>
		<SimpleData name="SHAPE_LEN">1871.705896524715</SimpleData>
	</SchemaData></ExtendedData>
      <MultiGeometry><LineString><coordinates>-116.123762453296,53.5465508252274 -116.126770850097,53.5483029180269 -116.143747918413,53.5482991013276 -116.143736937407,53.5504321113255 -116.145134412358,53.551450224814 -116.145076751297,53.5522141937158</coordinates></LineString></MultiGeometry>
  </Placemark>
  <Placemark>
	<Style><LineStyle><color>ff0000ff</color></LineStyle><PolyStyle><fill>0</fill></PolyStyle></Style>
	<ExtendedData><SchemaData schemaUrl="#TOU_Edson_Sept2026">
		<SimpleData name="OBJECTID">42621523</SimpleData>
		<SimpleData name="LIC_LI_NO">47831-12</SimpleData>
		<SimpleData name="COMP_NAME">Tourmaline Oil Corp.</SimpleData>
		<SimpleData name="SEG_LENGTH">0.43</SimpleData>
		<SimpleData name="SEG_STATUS">Operating</SimpleData>
		<SimpleData name="FROM_FAC">Well</SimpleData>
		<SimpleData name="FROM_LOC">02-03-054-16W5</SimpleData>
		<SimpleData name="TO_FAC">Pipeline</SimpleData>
		<SimpleData name="TO_LOC">01-03-054-16W5</SimpleData>
		<SimpleData name="OUT_DIAMET">88.9</SimpleData>
		<SimpleData name="PIP_MATERL">Steel</SimpleData>
		<SimpleData name="SUBSTANCE1">Natural Gas</SimpleData>
		<SimpleData name="GEOM_SRCE">Mapping</SimpleData>
		<SimpleData name="SHAPE_LEN">458.76110039895804</SimpleData>
	</SchemaData></ExtendedData>
      <MultiGeometry><LineString><coordinates>-116.273389058497,53.6298414694494 -116.272122169841,53.6302572237033 -116.268105236267,53.6307903034862 -116.266911653732,53.6311979659856</coordinates></LineString></MultiGeometry>
  </Placemark>
  <Placemark>
	<Style><LineStyle><color>ff0000ff</color></LineStyle><PolyStyle><fill>0</fill></PolyStyle></Style>
	<ExtendedData><SchemaData schemaUrl="#TOU_Edson_Sept2026">
		<SimpleData name="OBJECTID">42621567</SimpleData>
		<SimpleData name="LIC_LI_NO">42071-2</SimpleData>
		<SimpleData name="COMP_NAME">Tourmaline Oil Corp.</SimpleData>
		<SimpleData name="SEG_LENGTH">0.22</SimpleData>
		<SimpleData name="SEG_STATUS">Operating</SimpleData>
		<SimpleData name="FROM_FAC">Pipeline</SimpleData>
		<SimpleData name="FROM_LOC">07-03-053-15W5</SimpleData>
		<SimpleData name="TO_FAC">Battery</SimpleData>
		<SimpleData name="TO_LOC">10-03-053-15W5</SimpleData>
		<SimpleData name="OUT_DIAMET">168.3</SimpleData>
		<SimpleData name="PIP_MATERL">Steel</SimpleData>
		<SimpleData name="SUBSTANCE1">Natural Gas</SimpleData>
		<SimpleData name="GEOM_SRCE">Mapping</SimpleData>
		<SimpleData name="SHAPE_LEN">328.003005626498</SimpleData>
	</SchemaData></ExtendedData>
      <MultiGeometry><LineString><coordinates>-116.123558537524,53.5468209602844 -116.123865921251,53.5497645401967</coordinates></LineString></MultiGeometry>
  </Placemark>
  <Placemark>
	<Style><LineStyle><color>ff0000ff</color></LineStyle><PolyStyle><fill>0</fill></PolyStyle></Style>
	<ExtendedData><SchemaData schemaUrl="#TOU_Edson_Sept2026">
		<SimpleData name="OBJECTID">42621762</SimpleData>
		<SimpleData name="LIC_LI_NO">42071-11</SimpleData>
		<SimpleData name="COMP_NAME">Tourmaline Oil Corp.</SimpleData>
		<SimpleData name="SEG_LENGTH">1.6</SimpleData>
		<SimpleData name="SEG_STATUS">Operating</SimpleData>
		<SimpleData name="FROM_FAC">Well</SimpleData>
		<SimpleData name="FROM_LOC">14-02-053-15W5</SimpleData>
		<SimpleData name="TO_FAC">Pipeline</SimpleData>
		<SimpleData name="TO_LOC">10-03-053-15W5</SimpleData>
		<SimpleData name="OUT_DIAMET">114.3</SimpleData>
		<SimpleData name="PIP_MATERL">Steel</SimpleData>
		<SimpleData name="SUBSTANCE1">Natural Gas</SimpleData>
		<SimpleData name="GEOM_SRCE">Mapping</SimpleData>
		<SimpleData name="SHAPE_LEN">1541.8475150164431</SimpleData>
	</SchemaData></ExtendedData>
      <MultiGeometry><LineString><coordinates>-116.107753073562,53.5526274895827 -116.108493187439,53.5526400677644 -116.10850876243,53.5532359471675 -116.11098315032,53.5546641777131 -116.117518206264,53.554525550364 -116.118260691694,53.554214119592 -116.118797131446,53.5535159000602 -116.12162653713,53.55313307895 -116.124563741547,53.5531249314319 -116.124393085897,53.5514016931759 -116.124782406758,53.5511145283654</coordinates></LineString></MultiGeometry>
  </Placemark>
  <Placemark>
	<Style><LineStyle><color>ff0000ff</color></LineStyle><PolyStyle><fill>0</fill></PolyStyle></Style>
	<ExtendedData><SchemaData schemaUrl="#TOU_Edson_Sept2026">
		<SimpleData name="OBJECTID">42621764</SimpleData>
		<SimpleData name="LIC_LI_NO">42071-8</SimpleData>
		<SimpleData name="COMP_NAME">Tourmaline Oil Corp.</SimpleData>
		<SimpleData name="SEG_LENGTH">0.7</SimpleData>
		<SimpleData name="SEG_STATUS">Operating</SimpleData>
		<SimpleData name="FROM_FAC">Well</SimpleData>
		<SimpleData name="FROM_LOC">14-03-053-15W5</SimpleData>
		<SimpleData name="TO_FAC">Pipeline</SimpleData>
		<SimpleData name="TO_LOC">10-03-053-15W5</SimpleData>
		<SimpleData name="OUT_DIAMET">114.3</SimpleData>
		<SimpleData name="PIP_MATERL">Steel</SimpleData>
		<SimpleData name="SUBSTANCE1">Natural Gas</SimpleData>
		<SimpleData name="GEOM_SRCE">Mapping</SimpleData>
		<SimpleData name="SHAPE_LEN">696.45906544862</SimpleData>
	</SchemaData></ExtendedData>
      <MultiGeometry><LineString><coordinates>-116.132419622792,53.5552455183586 -116.131534274689,53.5551969873377 -116.126062261696,53.5517892093044 -116.124782406758,53.5511145283654</coordinates></LineString></MultiGeometry>
  </Placemark>
  <Placemark>
	<Style><LineStyle><color>ff0000ff</color></LineStyle><PolyStyle><fill>0</fill></PolyStyle></Style>
	<ExtendedData><SchemaData schemaUrl="#TOU_Edson_Sept2026">
		<SimpleData name="OBJECTID">42621830</SimpleData>
		<SimpleData name="LIC_LI_NO">47831-11</SimpleData>
		<SimpleData name="COMP_NAME">Tourmaline Oil Corp.</SimpleData>
		<SimpleData name="SEG_LENGTH">0.87</SimpleData>
		<SimpleData name="SEG_STATUS">Operating</SimpleData>
		<SimpleData name="FROM_FAC">Well</SimpleData>
		<SimpleData name="FROM_LOC">05-11-054-16W5</SimpleData>
		<SimpleData name="TO_FAC">Pipeline</SimpleData>
		<SimpleData name="TO_LOC">01-10-054-16W5</SimpleData>
		<SimpleData name="OUT_DIAMET">168.3</SimpleData>
		<SimpleData name="PIP_MATERL">Steel</SimpleData>
		<SimpleData name="SUBSTANCE1">Natural Gas</SimpleData>
		<SimpleData name="GEOM_SRCE">Mapping</SimpleData>
		<SimpleData name="SHAPE_LEN">851.5474382784154</SimpleData>
	</SchemaData></ExtendedData>
      <MultiGeometry><LineString><coordinates>-116.257032261614,53.6479178874933 -116.257664712405,53.647456888503 -116.260428322782,53.6459748079335 -116.262487774352,53.6459396524734 -116.263902673925,53.6447945977686 -116.265357933905,53.6434876529677 -116.266323153915,53.6432083691702</coordinates></LineString></MultiGeometry>
  </Placemark>
  <Placemark>
	<Style><LineStyle><color>ff0000ff</color></LineStyle><PolyStyle><fill>0</fill></PolyStyle></Style>
	<ExtendedData><SchemaData schemaUrl="#TOU_Edson_Sept2026">
		<SimpleData name="OBJECTID">42621831</SimpleData>
		<SimpleData name="LIC_LI_NO">47831-9</SimpleData>
		<SimpleData name="COMP_NAME">Tourmaline Oil Corp.</SimpleData>
		<SimpleData name="SEG_LENGTH">0.37</SimpleData>
		<SimpleData name="SEG_STATUS">Operating</SimpleData>
		<SimpleData name="FROM_FAC">Well</SimpleData>
		<SimpleData name="FROM_LOC">01-03-054-16W5</SimpleData>
		<SimpleData name="TO_FAC">Pipeline</SimpleData>
		<SimpleData name="TO_LOC">01-03-054-16W5</SimpleData>
		<SimpleData name="OUT_DIAMET">168.3</SimpleData>
		<SimpleData name="PIP_MATERL">Steel</SimpleData>
		<SimpleData name="SUBSTANCE1">Natural Gas</SimpleData>
		<SimpleData name="GEOM_SRCE">Mapping</SimpleData>
		<SimpleData name="SHAPE_LEN">374.82805877465626</SimpleData>
	</SchemaData></ExtendedData>
      <MultiGeometry><LineString><coordinates>-116.267262772838,53.6316767407716 -116.266892885231,53.6311723598834 -116.264915180353,53.629214928991 -116.264748522206,53.6292222009942 -116.264739601037,53.6287848845402</coordinates></LineString></MultiGeometry>
  </Placemark>
  <Placemark>
	<Style><LineStyle><color>ff0000ff</color></LineStyle><PolyStyle><fill>0</fill></PolyStyle></Style>
	<ExtendedData><SchemaData schemaUrl="#TOU_Edson_Sept2026">
		<SimpleData name="OBJECTID">42622409</SimpleData>
		<SimpleData name="LIC_LI_NO">53686-5</SimpleData>
		<SimpleData name="COMP_NAME">Tourmaline Oil Corp.</SimpleData>
		<SimpleData name="SEG_LENGTH">5.68</SimpleData>
		<SimpleData name="SEG_STATUS">Operating</SimpleData>
		<SimpleData name="FROM_FAC">Well</SimpleData>
		<SimpleData name="FROM_LOC">04-20-051-18W5</SimpleData>
		<SimpleData name="TO_FAC">Battery</SimpleData>
		<SimpleData name="TO_LOC">01-34-051-18W5</SimpleData>
		<SimpleData name="OUT_DIAMET">219.1</SimpleData>
		<SimpleData name="PIP_MATERL">Steel</SimpleData>
		<SimpleData name="SUBSTANCE1">Natural Gas</SimpleData>
		<SimpleData name="GEOM_SRCE">Mapping</SimpleData>
		<SimpleData name="SHAPE_LEN">5714.877672505951</SimpleData>
	</SchemaData></ExtendedData>
      <MultiGeometry><LineString><coordinates>-116.626158253902,53.4111101257753 -116.625175540998,53.4106253894266 -116.62487648645,53.4103024187046 -116.624736740931,53.4103784524483 -116.607682019548,53.4175155761427 -116.605144744198,53.4185933297064 -116.60505232103,53.4188581910476 -116.60405946974,53.4192718744228 -116.603598443557,53.4192323127176 -116.594590200769,53.4230145082461 -116.593018168785,53.4238843799748 -116.581918215927,53.4285964314114 -116.578658851395,53.4299333645627 -116.565470603861,53.4354431618838 -116.564764253163,53.4355757203566 -116.559454929559,53.4377773224268 -116.557483662907,53.4389137223738 -116.557306586998,53.439018439132 -116.557304199276,53.4395347481115</coordinates></LineString></MultiGeometry>
  </Placemark>
  <Placemark>
	<Style><LineStyle><color>ff0000ff</color></LineStyle><PolyStyle><fill>0</fill></PolyStyle></Style>
	<ExtendedData><SchemaData schemaUrl="#TOU_Edson_Sept2026">
		<SimpleData name="OBJECTID">42622887</SimpleData>
		<SimpleData name="LIC_LI_NO">40477-5</SimpleData>
		<SimpleData name="COMP_NAME">Tourmaline Oil Corp.</SimpleData>
		<SimpleData name="SEG_LENGTH">1.75</SimpleData>
		<SimpleData name="SEG_STATUS">Operating</SimpleData>
		<SimpleData name="FROM_FAC">Well</SimpleData>
		<SimpleData name="FROM_LOC">01-12-052-16W5</SimpleData>
		<SimpleData name="TO_FAC">Pipeline</SimpleData>
		<SimpleData name="TO_LOC">16-36-051-16W5</SimpleData>
		<SimpleData name="OUT_DIAMET">114.3</SimpleData>
		<SimpleData name="PIP_MATERL">Steel</SimpleData>
		<SimpleData name="SUBSTANCE1">Natural Gas</SimpleData>
		<SimpleData name="GEOM_SRCE">Mapping</SimpleData>
		<SimpleData name="SHAPE_LEN">1832.2036425532876</SimpleData>
	</SchemaData></ExtendedData>
      <MultiGeometry><LineString><coordinates>-116.214040389607,53.4688528281556 -116.21324560516,53.4684455601915 -116.213221813279,53.462712926609 -116.21307162215,53.4538589667298 -116.213071295164,53.452596678027</coordinates></LineString></MultiGeometry>
  </Placemark>
  <Placemark>
	<Style><LineStyle><color>ff0000ff</color></LineStyle><PolyStyle><fill>0</fill></PolyStyle></Style>
	<ExtendedData><SchemaData schemaUrl="#TOU_Edson_Sept2026">
		<SimpleData name="OBJECTID">42623107</SimpleData>
		<SimpleData name="LIC_LI_NO">50289-15</SimpleData>
		<SimpleData name="COMP_NAME">Tourmaline Oil Corp.</SimpleData>
		<SimpleData name="SEG_LENGTH">20.54</SimpleData>
		<SimpleData name="SEG_STATUS">Operating</SimpleData>
		<SimpleData name="FROM_FAC">Pipeline</SimpleData>
		<SimpleData name="FROM_LOC">15-25-052-18W5</SimpleData>
		<SimpleData name="TO_FAC">Gas Processing Plant</SimpleData>
		<SimpleData name="TO_LOC">12-31-050-17W5</SimpleData>
		<SimpleData name="OUT_DIAMET">168.3</SimpleData>
		<SimpleData name="PIP_MATERL">Steel</SimpleData>
		<SimpleData name="SUBSTANCE1">Natural Gas</SimpleData>
		<SimpleData name="GEOM_SRCE">Mapping</SimpleData>
		<SimpleData name="SHAPE_LEN">20542.91867927824</SimpleData>
	</SchemaData></ExtendedData>
      <MultiGeometry><LineString><coordinates>-116.4845407475,53.3599297154568 -116.485128447817,53.36019296975 -116.485821575314,53.3595863379642 -116.486026633744,53.359512236191 -116.486862345436,53.3588788286268 -116.48892876883,53.3588810106163 -116.488935949064,53.3665978316157 -116.494616178065,53.3665584112065 -116.498978605494,53.3667459551804 -116.501931084863,53.3669944302168 -116.507689961368,53.3670177467877 -116.507694403537,53.3796099433741 -116.507697176636,53.3875640606098 -116.507700053042,53.39576688357 -116.507707539601,53.4212114594205 -116.507710585788,53.4379635049794 -116.507719590501,53.4607166100928 -116.507734089309,53.4736924003445 -116.507742526287,53.4787959021341 -116.508566790747,53.4792101681343 -116.508586829466,53.4893719518682 -116.512798545641,53.4924780427826 -116.51150581515,53.492763253857 -116.512444312077,53.4934304112866 -116.51357137167,53.4931817566669 -116.514338973996,53.4974123537717 -116.514934411502,53.4984069246582 -116.515005797922,53.4988027419069 -116.51559212741,53.4990917187551 -116.516924238247,53.5064690813545 -116.517794321278,53.5112718414941 -116.517413953027,53.5167194728064 -116.518474034233,53.5181848480584 -116.518488015612,53.5209231512394 -116.518716914431,53.5210655465211 -116.518718052596,53.5213192570777 -116.518490135636,53.5214394423436 -116.518505947781,53.5260078953766</coordinates></LineString></MultiGeometry>
  </Placemark>
  <Placemark>
	<Style><LineStyle><color>ff0000ff</color></LineStyle><PolyStyle><fill>0</fill></PolyStyle></Style>
	<ExtendedData><SchemaData schemaUrl="#TOU_Edson_Sept2026">
		<SimpleData name="OBJECTID">42623128</SimpleData>
		<SimpleData name="LIC_LI_NO">56338-1</SimpleData>
		<SimpleData name="COMP_NAME">Tourmaline Oil Corp.</SimpleData>
		<SimpleData name="SEG_LENGTH">0.1</SimpleData>
		<SimpleData name="SEG_STATUS">Operating</SimpleData>
		<SimpleData name="FROM_FAC">Well</SimpleData>
		<SimpleData name="FROM_LOC">13-32-051-15W5</SimpleData>
		<SimpleData name="TO_FAC">Pipeline</SimpleData>
		<SimpleData name="TO_LOC">04-05-052-15W5</SimpleData>
		<SimpleData name="OUT_DIAMET">219.1</SimpleData>
		<SimpleData name="PIP_MATERL">Steel</SimpleData>
		<SimpleData name="SUBSTANCE1">Natural Gas</SimpleData>
		<SimpleData name="GEOM_SRCE">Mapping</SimpleData>
		<SimpleData name="SHAPE_LEN">86.30583384847634</SimpleData>
	</SchemaData></ExtendedData>
      <MultiGeometry><LineString><coordinates>-116.186907780767,53.4532991914462 -116.186903655703,53.4538356490363 -116.186901815055,53.454075215515</coordinates></LineString></MultiGeometry>
  </Placemark>
  <Placemark>
	<Style><LineStyle><color>ff0000ff</color></LineStyle><PolyStyle><fill>0</fill></PolyStyle></Style>
	<ExtendedData><SchemaData schemaUrl="#TOU_Edson_Sept2026">
		<SimpleData name="OBJECTID">42623237</SimpleData>
		<SimpleData name="LIC_LI_NO">40477-8</SimpleData>
		<SimpleData name="COMP_NAME">Tourmaline Oil Corp.</SimpleData>
		<SimpleData name="SEG_LENGTH">0.32</SimpleData>
		<SimpleData name="SEG_STATUS">Operating</SimpleData>
		<SimpleData name="FROM_FAC">Battery</SimpleData>
		<SimpleData name="FROM_LOC">02-36-052-15W5</SimpleData>
		<SimpleData name="TO_FAC">Pipeline</SimpleData>
		<SimpleData name="TO_LOC">02-36-052-15W5</SimpleData>
		<SimpleData name="OUT_DIAMET">114.3</SimpleData>
		<SimpleData name="PIP_MATERL">Steel</SimpleData>
		<SimpleData name="SUBSTANCE1">Natural Gas</SimpleData>
		<SimpleData name="GEOM_SRCE">Mapping</SimpleData>
		<SimpleData name="SHAPE_LEN">360.34025452923663</SimpleData>
	</SchemaData></ExtendedData>
      <MultiGeometry><LineString><coordinates>-116.071488103508,53.5297422278629 -116.072534177283,53.529208165972 -116.072554772958,53.5272065703168 -116.072063327124,53.5269087947187</coordinates></LineString></MultiGeometry>
  </Placemark>
  <Placemark>
	<Style><LineStyle><color>ff0000ff</color></LineStyle><PolyStyle><fill>0</fill></PolyStyle></Style>
	<ExtendedData><SchemaData schemaUrl="#TOU_Edson_Sept2026">
		<SimpleData name="OBJECTID">42623905</SimpleData>
		<SimpleData name="LIC_LI_NO">49495-63</SimpleData>
		<SimpleData name="COMP_NAME">Tourmaline Oil Corp.</SimpleData>
		<SimpleData name="SEG_LENGTH">1.28</SimpleData>
		<SimpleData name="SEG_STATUS">Operating</SimpleData>
		<SimpleData name="FROM_FAC">Battery</SimpleData>
		<SimpleData name="FROM_LOC">07-27-049-19W5</SimpleData>
		<SimpleData name="TO_FAC">Pipeline</SimpleData>
		<SimpleData name="TO_LOC">12-27-049-19W5</SimpleData>
		<SimpleData name="OUT_DIAMET">168.3</SimpleData>
		<SimpleData name="PIP_MATERL">Steel</SimpleData>
		<SimpleData name="SUBSTANCE1">Natural Gas</SimpleData>
		<SimpleData name="GEOM_SRCE">Mapping</SimpleData>
		<SimpleData name="SHAPE_LEN">1271.2724691675887</SimpleData>
	</SchemaData></ExtendedData>
      <MultiGeometry><LineString><coordinates>-116.693640652056,53.2542430277227 -116.693781070413,53.254160314351 -116.694103776704,53.2541130009729 -116.694543544256,53.253754599198 -116.698527864494,53.2537860806315 -116.70347246221,53.2572902997751 -116.702615152324,53.2575980241489 -116.703793207479,53.2587896766166 -116.704719216027,53.2584918329783 -116.705418773665,53.2589197514861 -116.705815213674,53.2591622480071 -116.705972285898,53.2592583262568</coordinates></LineString></MultiGeometry>
  </Placemark>
  <Placemark>
	<Style><LineStyle><color>ff0000ff</color></LineStyle><PolyStyle><fill>0</fill></PolyStyle></Style>
	<ExtendedData><SchemaData schemaUrl="#TOU_Edson_Sept2026">
		<SimpleData name="OBJECTID">42624903</SimpleData>
		<SimpleData name="LIC_LI_NO">55137-1</SimpleData>
		<SimpleData name="COMP_NAME">Tourmaline Oil Corp.</SimpleData>
		<SimpleData name="SEG_LENGTH">11.21</SimpleData>
		<SimpleData name="SEG_STATUS">Operating</SimpleData>
		<SimpleData name="FROM_FAC">Battery</SimpleData>
		<SimpleData name="FROM_LOC">01-34-051-18W5</SimpleData>
		<SimpleData name="TO_FAC">Pipeline</SimpleData>
		<SimpleData name="TO_LOC">14-35-052-18W5</SimpleData>
		<SimpleData name="OUT_DIAMET">273.1</SimpleData>
		<SimpleData name="PIP_MATERL">Steel</SimpleData>
		<SimpleData name="SUBSTANCE1">Natural Gas</SimpleData>
		<SimpleData name="GEOM_SRCE">Mapping</SimpleData>
		<SimpleData name="SHAPE_LEN">11232.316758721992</SimpleData>
	</SchemaData></ExtendedData>
      <MultiGeometry><LineString><coordinates>-116.557025275973,53.4538863925919 -116.55702518704,53.4537149537838 -116.557021486879,53.4464825867435 -116.557025070259,53.4404021655216 -116.558088907321,53.4398723072188</coordinates></LineString><LineString><coordinates>-116.557023009524,53.483020647279 -116.557017099508,53.4818545742083 -116.557243207261,53.4818543160124 -116.557234165718,53.4793021978872 -116.55722328712,53.4740792622006 -116.556996951194,53.4739445980437 -116.556993718157,53.4723890101494 -116.55698684874,53.4683545608587 -116.556969147438,53.4641780202355 -116.557041418699,53.4639050439406 -116.557175853378,53.4634032140217 -116.557173120703,53.4625902916963 -116.55713202188,53.4593004182927 -116.557040085599,53.4570901389285 -116.557024568101,53.4538870270063</coordinates></LineString><LineString><coordinates>-116.556443570114,53.4889047199885 -116.554872085204,53.4902538402328 -116.552141007314,53.492594789554 -116.55206325094,53.4931915943487 -116.552172674725,53.4933116702125 -116.552134368764,53.4936016961404 -116.551995963532,53.4937081838096 -116.55176938057,53.4954473928967 -116.551689165506,53.4960329615764 -116.551896179569,53.4961783229871 -116.551218442009,53.501125044297 -116.55132166113,53.5012551675405 -116.551282218801,53.5015430098782 -116.551144935564,53.5016614543324 -116.550829309794,53.5039648316565 -116.54987435663,53.5110622201999 -116.549977910823,53.5111922782183 -116.549939173671,53.5114801535111 -116.549802168014,53.5115987016116 -116.549721531641,53.5121246885678</coordinates></LineString><LineString><coordinates>-116.556441554295,53.4889101251664 -116.556849763133,53.4885488522018 -116.55702337424,53.4883995468657 -116.557019372245,53.4845933727732 -116.557020196899,53.4830095745597</coordinates></LineString><LineString><coordinates>-116.549729969516,53.5121295122633 -116.549657215859,53.5126704458983 -116.54909659885,53.5167706512852 -116.548513597621,53.521048844457 -116.548616933523,53.5211789818443 -116.548577671755,53.5214668346904 -116.548440419959,53.5215852870266 -116.547758924747,53.5265805500116 -116.547170164418,53.5308907132667 -116.547273526372,53.5310208695423 -116.547234195433,53.5313087099729 -116.547096898722,53.5314271492048 -116.546772760516,53.5337996897641 -116.546256680182,53.5375706235748 -116.546874877405,53.5380556967336 -116.546765296415,53.5389253478214</coordinates></LineString></MultiGeometry>
  </Placemark>
  <Placemark>
	<Style><LineStyle><color>ff0000ff</color></LineStyle><PolyStyle><fill>0</fill></PolyStyle></Style>
	<ExtendedData><SchemaData schemaUrl="#TOU_Edson_Sept2026">
		<SimpleData name="OBJECTID">42624975</SimpleData>
		<SimpleData name="LIC_LI_NO">55137-2</SimpleData>
		<SimpleData name="COMP_NAME">Tourmaline Oil Corp.</SimpleData>
		<SimpleData name="SEG_LENGTH">1.95</SimpleData>
		<SimpleData name="SEG_STATUS">Operating</SimpleData>
		<SimpleData name="FROM_FAC">Pipeline</SimpleData>
		<SimpleData name="FROM_LOC">14-35-052-18W5</SimpleData>
		<SimpleData name="TO_FAC">Pipeline</SimpleData>
		<SimpleData name="TO_LOC">15-02-053-18W5</SimpleData>
		<SimpleData name="OUT_DIAMET">273.1</SimpleData>
		<SimpleData name="PIP_MATERL">Steel</SimpleData>
		<SimpleData name="SUBSTANCE1">Natural Gas</SimpleData>
		<SimpleData name="GEOM_SRCE">Mapping</SimpleData>
		<SimpleData name="SHAPE_LEN">1906.5291591388602</SimpleData>
	</SchemaData></ExtendedData>
      <MultiGeometry><LineString><coordinates>-116.546765296415,53.5389253478214 -116.546715441713,53.5392906080375 -116.546258837936,53.5395209954008 -116.546208231344,53.5398782263947 -116.546375458124,53.540687437203 -116.54646144666,53.540837073022 -116.546450564468,53.5409942416033 -116.546440870748,53.541134228613 -116.546046619035,53.5455345880116 -116.546988680476,53.5464670021355 -116.546993265478,53.5482725589521 -116.546879343828,53.5483914129431 -116.546902419751,53.5501048777941 -116.544263149684,53.5523222771414 -116.543841665542,53.5526563864673 -116.541711353067,53.5520734897891 -116.540197186061,53.5527151205106</coordinates></LineString></MultiGeometry>
  </Placemark>
  <Placemark>
	<Style><LineStyle><color>ff0000ff</color></LineStyle><PolyStyle><fill>0</fill></PolyStyle></Style>
	<ExtendedData><SchemaData schemaUrl="#TOU_Edson_Sept2026">
		<SimpleData name="OBJECTID">42625056</SimpleData>
		<SimpleData name="LIC_LI_NO">42071-1</SimpleData>
		<SimpleData name="COMP_NAME">Tourmaline Oil Corp.</SimpleData>
		<SimpleData name="SEG_LENGTH">0.41</SimpleData>
		<SimpleData name="SEG_STATUS">Operating</SimpleData>
		<SimpleData name="FROM_FAC">Well</SimpleData>
		<SimpleData name="FROM_LOC">03-03-053-15W5</SimpleData>
		<SimpleData name="TO_FAC">Pipeline</SimpleData>
		<SimpleData name="TO_LOC">07-03-053-15W5</SimpleData>
		<SimpleData name="OUT_DIAMET">168.3</SimpleData>
		<SimpleData name="PIP_MATERL">Steel</SimpleData>
		<SimpleData name="SUBSTANCE1">Natural Gas</SimpleData>
		<SimpleData name="GEOM_SRCE">Mapping</SimpleData>
		<SimpleData name="SHAPE_LEN">435.2294966465924</SimpleData>
	</SchemaData></ExtendedData>
      <MultiGeometry><LineString><coordinates>-116.128629508438,53.5447150868753 -116.127933720131,53.5453428978557 -116.124071819605,53.5461741284091 -116.123558537524,53.5468209602844</coordinates></LineString></MultiGeometry>
  </Placemark>
  <Placemark>
	<Style><LineStyle><color>ff0000ff</color></LineStyle><PolyStyle><fill>0</fill></PolyStyle></Style>
	<ExtendedData><SchemaData schemaUrl="#TOU_Edson_Sept2026">
		<SimpleData name="OBJECTID">42625082</SimpleData>
		<SimpleData name="LIC_LI_NO">42071-9</SimpleData>
		<SimpleData name="COMP_NAME">Tourmaline Oil Corp.</SimpleData>
		<SimpleData name="SEG_LENGTH">0.64</SimpleData>
		<SimpleData name="SEG_STATUS">Operating</SimpleData>
		<SimpleData name="FROM_FAC">Well</SimpleData>
		<SimpleData name="FROM_LOC">10-03-053-15W5</SimpleData>
		<SimpleData name="TO_FAC">Pipeline</SimpleData>
		<SimpleData name="TO_LOC">07-03-053-15W5</SimpleData>
		<SimpleData name="OUT_DIAMET">114.3</SimpleData>
		<SimpleData name="PIP_MATERL">Steel</SimpleData>
		<SimpleData name="SUBSTANCE1">Natural Gas</SimpleData>
		<SimpleData name="GEOM_SRCE">Mapping</SimpleData>
		<SimpleData name="SHAPE_LEN">648.4159040774873</SimpleData>
	</SchemaData></ExtendedData>
      <MultiGeometry><LineString><coordinates>-116.125880202833,53.5510782841246 -116.12532815126,53.5507725102665 -116.124782406758,53.5511145283654 -116.124353578889,53.5508727205407 -116.123997739137,53.5470469427651 -116.123898540875,53.546579358507 -116.124077770046,53.5463479265696</coordinates></LineString></MultiGeometry>
  </Placemark>
  <Placemark>
	<Style><LineStyle><color>ff0000ff</color></LineStyle><PolyStyle><fill>0</fill></PolyStyle></Style>
	<ExtendedData><SchemaData schemaUrl="#TOU_Edson_Sept2026">
		<SimpleData name="OBJECTID">42625183</SimpleData>
		<SimpleData name="LIC_LI_NO">47831-22</SimpleData>
		<SimpleData name="COMP_NAME">Tourmaline Oil Corp.</SimpleData>
		<SimpleData name="SEG_LENGTH">8.76</SimpleData>
		<SimpleData name="SEG_STATUS">Operating</SimpleData>
		<SimpleData name="FROM_FAC">Well</SimpleData>
		<SimpleData name="FROM_LOC">02-02-054-16W5</SimpleData>
		<SimpleData name="TO_FAC">Gas Processing Plant</SimpleData>
		<SimpleData name="TO_LOC">07-20-053-15W5</SimpleData>
		<SimpleData name="OUT_DIAMET">219.1</SimpleData>
		<SimpleData name="PIP_MATERL">Steel</SimpleData>
		<SimpleData name="SUBSTANCE1">Natural Gas</SimpleData>
		<SimpleData name="GEOM_SRCE">Mapping</SimpleData>
		<SimpleData name="SHAPE_LEN">8734.905990838346</SimpleData>
	</SchemaData></ExtendedData>
      <MultiGeometry><LineString><coordinates>-116.245776297442,53.629001421545 -116.245484202142,53.627075206812 -116.24459451338,53.6248524041497 -116.244303609247,53.6234215564638 -116.243306275364,53.623042834394 -116.242921155923,53.6225254860176 -116.241870272568,53.6214160094985 -116.225136097027,53.6214104810932 -116.225088647116,53.6135893525158 -116.212582000795,53.6136175949123 -116.210770668399,53.6135581370171 -116.209978498947,53.6130595422897 -116.209073712199,53.6135931057708 -116.200846727927,53.613647649167 -116.200339443896,53.6133797329862 -116.200324124925,53.6065182186839 -116.200260456829,53.6050876971842 -116.195617518775,53.6031393925447 -116.194965871885,53.602963033476 -116.1957888275,53.6019856098913 -116.196017568215,53.6004468323438 -116.195915926536,53.5925755104217 -116.195329527878,53.5922748835807 -116.175194054889,53.5922644066958 -116.172939183813,53.5917306030391 -116.172673694816,53.5909259635512</coordinates></LineString></MultiGeometry>
  </Placemark>
  <Placemark>
	<Style><LineStyle><color>ff0000ff</color></LineStyle><PolyStyle><fill>0</fill></PolyStyle></Style>
	<ExtendedData><SchemaData schemaUrl="#TOU_Edson_Sept2026">
		<SimpleData name="OBJECTID">42625210</SimpleData>
		<SimpleData name="LIC_LI_NO">47831-20</SimpleData>
		<SimpleData name="COMP_NAME">Tourmaline Oil Corp.</SimpleData>
		<SimpleData name="SEG_LENGTH">0.33</SimpleData>
		<SimpleData name="SEG_STATUS">Operating</SimpleData>
		<SimpleData name="FROM_FAC">Well</SimpleData>
		<SimpleData name="FROM_LOC">01-03-054-16W5</SimpleData>
		<SimpleData name="TO_FAC">Pipeline</SimpleData>
		<SimpleData name="TO_LOC">01-03-054-16W5</SimpleData>
		<SimpleData name="OUT_DIAMET">168.3</SimpleData>
		<SimpleData name="PIP_MATERL">Steel</SimpleData>
		<SimpleData name="SUBSTANCE1">Natural Gas</SimpleData>
		<SimpleData name="GEOM_SRCE">Mapping</SimpleData>
		<SimpleData name="SHAPE_LEN">355.4887199149054</SimpleData>
	</SchemaData></ExtendedData>
      <MultiGeometry><LineString><coordinates>-116.264784114356,53.6287848637643 -116.264894356506,53.6288517251701 -116.264977927675,53.6290134693399 -116.267089472548,53.6311013631948 -116.267303293145,53.6313933836608 -116.267240392211,53.6315683386452</coordinates></LineString></MultiGeometry>
  </Placemark>
  <Placemark>
	<Style><LineStyle><color>ff0000ff</color></LineStyle><PolyStyle><fill>0</fill></PolyStyle></Style>
	<ExtendedData><SchemaData schemaUrl="#TOU_Edson_Sept2026">
		<SimpleData name="OBJECTID">42625349</SimpleData>
		<SimpleData name="LIC_LI_NO">47831-14</SimpleData>
		<SimpleData name="COMP_NAME">Tourmaline Oil Corp.</SimpleData>
		<SimpleData name="SEG_LENGTH">0.47</SimpleData>
		<SimpleData name="SEG_STATUS">Operating</SimpleData>
		<SimpleData name="FROM_FAC">Well</SimpleData>
		<SimpleData name="FROM_LOC">08-03-054-16W5</SimpleData>
		<SimpleData name="TO_FAC">Pipeline</SimpleData>
		<SimpleData name="TO_LOC">01-03-054-16W5</SimpleData>
		<SimpleData name="OUT_DIAMET">114.3</SimpleData>
		<SimpleData name="PIP_MATERL">Steel</SimpleData>
		<SimpleData name="SUBSTANCE1">Natural Gas</SimpleData>
		<SimpleData name="GEOM_SRCE">Mapping</SimpleData>
		<SimpleData name="SHAPE_LEN">461.62383491910686</SimpleData>
	</SchemaData></ExtendedData>
      <MultiGeometry><LineString><coordinates>-116.262375089682,53.6340338231505 -116.263630813177,53.6334230385713 -116.265272045981,53.6315283738669 -116.267020778378,53.6313468496879</coordinates></LineString></MultiGeometry>
  </Placemark>
  <Placemark>
	<Style><LineStyle><color>ff0000ff</color></LineStyle><PolyStyle><fill>0</fill></PolyStyle></Style>
	<ExtendedData><SchemaData schemaUrl="#TOU_Edson_Sept2026">
		<SimpleData name="OBJECTID">42625536</SimpleData>
		<SimpleData name="LIC_LI_NO">47831-18</SimpleData>
		<SimpleData name="COMP_NAME">Tourmaline Oil Corp.</SimpleData>
		<SimpleData name="SEG_LENGTH">0.29</SimpleData>
		<SimpleData name="SEG_STATUS">Operating</SimpleData>
		<SimpleData name="FROM_FAC">Well</SimpleData>
		<SimpleData name="FROM_LOC">01-03-054-16W5</SimpleData>
		<SimpleData name="TO_FAC">Pipeline</SimpleData>
		<SimpleData name="TO_LOC">01-03-054-16W5</SimpleData>
		<SimpleData name="OUT_DIAMET">168.3</SimpleData>
		<SimpleData name="PIP_MATERL">Steel</SimpleData>
		<SimpleData name="SUBSTANCE1">Natural Gas</SimpleData>
		<SimpleData name="GEOM_SRCE">Mapping</SimpleData>
		<SimpleData name="SHAPE_LEN">279.6700984987865</SimpleData>
	</SchemaData></ExtendedData>
      <MultiGeometry><LineString><coordinates>-116.26349887312,53.6320789278907 -116.264896207036,53.6319631199689 -116.267156972857,53.6319410646039 -116.267368774939,53.6318240801561 -116.267262772838,53.6316767407716</coordinates></LineString></MultiGeometry>
  </Placemark>
  <Placemark>
	<Style><LineStyle><color>ff0000ff</color></LineStyle><PolyStyle><fill>0</fill></PolyStyle></Style>
	<ExtendedData><SchemaData schemaUrl="#TOU_Edson_Sept2026">
		<SimpleData name="OBJECTID">42625620</SimpleData>
		<SimpleData name="LIC_LI_NO">55137-4</SimpleData>
		<SimpleData name="COMP_NAME">Tourmaline Oil Corp.</SimpleData>
		<SimpleData name="SEG_LENGTH">3.36</SimpleData>
		<SimpleData name="SEG_STATUS">Operating</SimpleData>
		<SimpleData name="FROM_FAC">Well</SimpleData>
		<SimpleData name="FROM_LOC">16-04-051-18W5</SimpleData>
		<SimpleData name="TO_FAC">Pipeline</SimpleData>
		<SimpleData name="TO_LOC">16-16-051-18W5</SimpleData>
		<SimpleData name="OUT_DIAMET">273.1</SimpleData>
		<SimpleData name="PIP_MATERL">Steel</SimpleData>
		<SimpleData name="SUBSTANCE1">Natural Gas</SimpleData>
		<SimpleData name="GEOM_SRCE">Mapping</SimpleData>
		<SimpleData name="SHAPE_LEN">3368.102873145367</SimpleData>
	</SchemaData></ExtendedData>
      <MultiGeometry><LineString><coordinates>-116.583779516213,53.4086967756604 -116.581780304768,53.4074982853009 -116.581803024958,53.4035297603826 -116.581586290226,53.4033445104213 -116.581616436789,53.3953701559457 -116.581592347566,53.3926640874979 -116.581614360782,53.3798896311938 -116.582606839271,53.3791585692736</coordinates></LineString></MultiGeometry>
  </Placemark>
  <Placemark>
	<Style><LineStyle><color>ff0000ff</color></LineStyle><PolyStyle><fill>0</fill></PolyStyle></Style>
	<ExtendedData><SchemaData schemaUrl="#TOU_Edson_Sept2026">
		<SimpleData name="OBJECTID">42626974</SimpleData>
		<SimpleData name="LIC_LI_NO">55018-8</SimpleData>
		<SimpleData name="COMP_NAME">Tourmaline Oil Corp.</SimpleData>
		<SimpleData name="SEG_LENGTH">2</SimpleData>
		<SimpleData name="SEG_STATUS">Operating</SimpleData>
		<SimpleData name="FROM_FAC">Well</SimpleData>
		<SimpleData name="FROM_LOC">13-18-050-17W5</SimpleData>
		<SimpleData name="TO_FAC">Pipeline</SimpleData>
		<SimpleData name="TO_LOC">04-20-050-17W5</SimpleData>
		<SimpleData name="OUT_DIAMET">168.3</SimpleData>
		<SimpleData name="PIP_MATERL">Steel</SimpleData>
		<SimpleData name="SUBSTANCE1">Natural Gas</SimpleData>
		<SimpleData name="GEOM_SRCE">Mapping</SimpleData>
		<SimpleData name="SHAPE_LEN">1974.8549349876562</SimpleData>
	</SchemaData></ExtendedData>
      <MultiGeometry><LineString><coordinates>-116.48579645213,53.3227867779946 -116.484449706839,53.3226298864479 -116.479130015779,53.3226335925457 -116.472532025663,53.3264395431543 -116.463115406951,53.3264633594206 -116.463142967264,53.3244424281535 -116.46278125253,53.3238763646616</coordinates></LineString></MultiGeometry>
  </Placemark>
  <Placemark>
	<Style><LineStyle><color>ff0000ff</color></LineStyle><PolyStyle><fill>0</fill></PolyStyle></Style>
	<ExtendedData><SchemaData schemaUrl="#TOU_Edson_Sept2026">
		<SimpleData name="OBJECTID">42626975</SimpleData>
		<SimpleData name="LIC_LI_NO">55018-5</SimpleData>
		<SimpleData name="COMP_NAME">Tourmaline Oil Corp.</SimpleData>
		<SimpleData name="SEG_LENGTH">3.4</SimpleData>
		<SimpleData name="SEG_STATUS">Operating</SimpleData>
		<SimpleData name="FROM_FAC">Well</SimpleData>
		<SimpleData name="FROM_LOC">04-08-050-17W5</SimpleData>
		<SimpleData name="TO_FAC">Pipeline</SimpleData>
		<SimpleData name="TO_LOC">04-20-050-17W5</SimpleData>
		<SimpleData name="OUT_DIAMET">219.1</SimpleData>
		<SimpleData name="PIP_MATERL">Steel</SimpleData>
		<SimpleData name="SUBSTANCE1">Natural Gas</SimpleData>
		<SimpleData name="GEOM_SRCE">Mapping</SimpleData>
		<SimpleData name="SHAPE_LEN">3408.5479818522163</SimpleData>
	</SchemaData></ExtendedData>
      <MultiGeometry><LineString><coordinates>-116.461991600158,53.2956953046832 -116.460674074368,53.2962125084838 -116.458492397123,53.2976368975435 -116.457666559713,53.2983766060865 -116.456962506007,53.2996774104913 -116.458554391657,53.3007479734762 -116.460496493606,53.3051985648774 -116.460487166398,53.3221231074171 -116.461543536664,53.3238213789433 -116.46278125253,53.3238763646616</coordinates></LineString></MultiGeometry>
  </Placemark>
  <Placemark>
	<Style><LineStyle><color>ff0000ff</color></LineStyle><PolyStyle><fill>0</fill></PolyStyle></Style>
	<ExtendedData><SchemaData schemaUrl="#TOU_Edson_Sept2026">
		<SimpleData name="OBJECTID">42627479</SimpleData>
		<SimpleData name="LIC_LI_NO">55018-10</SimpleData>
		<SimpleData name="COMP_NAME">Tourmaline Oil Corp.</SimpleData>
		<SimpleData name="SEG_LENGTH">2.47</SimpleData>
		<SimpleData name="SEG_STATUS">Operating</SimpleData>
		<SimpleData name="FROM_FAC">Well</SimpleData>
		<SimpleData name="FROM_LOC">03-21-050-17W5</SimpleData>
		<SimpleData name="TO_FAC">Pipeline</SimpleData>
		<SimpleData name="TO_LOC">03-29-050-17W5</SimpleData>
		<SimpleData name="OUT_DIAMET">168.3</SimpleData>
		<SimpleData name="PIP_MATERL">Steel</SimpleData>
		<SimpleData name="SUBSTANCE1">Natural Gas</SimpleData>
		<SimpleData name="GEOM_SRCE">Mapping</SimpleData>
		<SimpleData name="SHAPE_LEN">2486.1048571314923</SimpleData>
	</SchemaData></ExtendedData>
      <MultiGeometry><LineString><coordinates>-116.430511400464,53.323342166011 -116.430151359291,53.3234945805618 -116.430215886176,53.3240389906026 -116.430217577704,53.3288953191999 -116.431083550943,53.3298457732131 -116.431886446279,53.3306760980738 -116.435467970028,53.3321012044263 -116.442732194776,53.3349831857013 -116.452243594734,53.3388009944415</coordinates></LineString></MultiGeometry>
  </Placemark>
  <Placemark>
	<Style><LineStyle><color>ff0000ff</color></LineStyle><PolyStyle><fill>0</fill></PolyStyle></Style>
	<ExtendedData><SchemaData schemaUrl="#TOU_Edson_Sept2026">
		<SimpleData name="OBJECTID">42627515</SimpleData>
		<SimpleData name="LIC_LI_NO">47831-10</SimpleData>
		<SimpleData name="COMP_NAME">Tourmaline Oil Corp.</SimpleData>
		<SimpleData name="SEG_LENGTH">1.71</SimpleData>
		<SimpleData name="SEG_STATUS">Operating</SimpleData>
		<SimpleData name="FROM_FAC">Well</SimpleData>
		<SimpleData name="FROM_LOC">01-10-054-16W5</SimpleData>
		<SimpleData name="TO_FAC">Pipeline</SimpleData>
		<SimpleData name="TO_LOC">01-03-054-16W5</SimpleData>
		<SimpleData name="OUT_DIAMET">168.3</SimpleData>
		<SimpleData name="PIP_MATERL">Steel</SimpleData>
		<SimpleData name="SUBSTANCE1">Natural Gas</SimpleData>
		<SimpleData name="GEOM_SRCE">Mapping</SimpleData>
		<SimpleData name="SHAPE_LEN">1696.4065074368732</SimpleData>
	</SchemaData></ExtendedData>
      <MultiGeometry><LineString><coordinates>-116.266323153915,53.6432083691702 -116.266317652632,53.6415132388862 -116.270041647389,53.639617151242 -116.272765397721,53.6360902085014 -116.27143697357,53.6320602007247 -116.270288796381,53.6318962198138 -116.269963017852,53.6316228364449 -116.267432486154,53.6316209219998 -116.267262772838,53.6316767407716</coordinates></LineString></MultiGeometry>
  </Placemark>
  <Placemark>
	<Style><LineStyle><color>ff0000ff</color></LineStyle><PolyStyle><fill>0</fill></PolyStyle></Style>
	<ExtendedData><SchemaData schemaUrl="#TOU_Edson_Sept2026">
		<SimpleData name="OBJECTID">42627516</SimpleData>
		<SimpleData name="LIC_LI_NO">47831-7</SimpleData>
		<SimpleData name="COMP_NAME">Tourmaline Oil Corp.</SimpleData>
		<SimpleData name="SEG_LENGTH">1.25</SimpleData>
		<SimpleData name="SEG_STATUS">Operating</SimpleData>
		<SimpleData name="FROM_FAC">Pipeline</SimpleData>
		<SimpleData name="FROM_LOC">01-03-054-16W5</SimpleData>
		<SimpleData name="TO_FAC">Pipeline</SimpleData>
		<SimpleData name="TO_LOC">02-02-054-16W5</SimpleData>
		<SimpleData name="OUT_DIAMET">168.3</SimpleData>
		<SimpleData name="PIP_MATERL">Steel</SimpleData>
		<SimpleData name="SUBSTANCE1">Natural Gas</SimpleData>
		<SimpleData name="GEOM_SRCE">Mapping</SimpleData>
		<SimpleData name="SHAPE_LEN">1257.8521112534743</SimpleData>
	</SchemaData></ExtendedData>
      <MultiGeometry><LineString><coordinates>-116.245776297442,53.629001421545 -116.249105163729,53.6287913207895 -116.264784114356,53.6287848637643</coordinates></LineString></MultiGeometry>
  </Placemark>
  <Placemark>
	<Style><LineStyle><color>ff0000ff</color></LineStyle><PolyStyle><fill>0</fill></PolyStyle></Style>
	<ExtendedData><SchemaData schemaUrl="#TOU_Edson_Sept2026">
		<SimpleData name="OBJECTID">42628033</SimpleData>
		<SimpleData name="LIC_LI_NO">49495-48</SimpleData>
		<SimpleData name="COMP_NAME">Tourmaline Oil Corp.</SimpleData>
		<SimpleData name="SEG_LENGTH">0.24</SimpleData>
		<SimpleData name="SEG_STATUS">Operating</SimpleData>
		<SimpleData name="FROM_FAC">Pipeline</SimpleData>
		<SimpleData name="FROM_LOC">13-36-050-19W5</SimpleData>
		<SimpleData name="TO_FAC">Pipeline</SimpleData>
		<SimpleData name="TO_LOC">14-36-050-19W5</SimpleData>
		<SimpleData name="OUT_DIAMET">219.1</SimpleData>
		<SimpleData name="PIP_MATERL">Steel</SimpleData>
		<SimpleData name="SUBSTANCE1">Natural Gas</SimpleData>
		<SimpleData name="GEOM_SRCE">Mapping</SimpleData>
		<SimpleData name="SHAPE_LEN">244.3463801004332</SimpleData>
	</SchemaData></ExtendedData>
      <MultiGeometry><LineString><coordinates>-116.653306272442,53.3661399527086 -116.650444955905,53.3647624655584</coordinates></LineString></MultiGeometry>
  </Placemark>
  <Placemark>
	<Style><LineStyle><color>ff0000ff</color></LineStyle><PolyStyle><fill>0</fill></PolyStyle></Style>
	<ExtendedData><SchemaData schemaUrl="#TOU_Edson_Sept2026">
		<SimpleData name="OBJECTID">42628098</SimpleData>
		<SimpleData name="LIC_LI_NO">55324-1</SimpleData>
		<SimpleData name="COMP_NAME">Tourmaline Oil Corp.</SimpleData>
		<SimpleData name="SEG_LENGTH">0.39</SimpleData>
		<SimpleData name="SEG_STATUS">Operating</SimpleData>
		<SimpleData name="FROM_FAC">Well</SimpleData>
		<SimpleData name="FROM_LOC">13-17-052-19W5</SimpleData>
		<SimpleData name="TO_FAC">Pipeline</SimpleData>
		<SimpleData name="TO_LOC">16-18-052-19W5</SimpleData>
		<SimpleData name="OUT_DIAMET">114.3</SimpleData>
		<SimpleData name="PIP_MATERL">Steel</SimpleData>
		<SimpleData name="SUBSTANCE1">Natural Gas</SimpleData>
		<SimpleData name="GEOM_SRCE">Mapping</SimpleData>
		<SimpleData name="SHAPE_LEN">379.9346014015319</SimpleData>
	</SchemaData></ExtendedData>
      <MultiGeometry><LineString><coordinates>-116.776991604651,53.4955956495235 -116.778048555228,53.4955936289801 -116.77801723816,53.4959435080707 -116.778969374208,53.4967309317397 -116.779498710981,53.4970245049823 -116.780394651119,53.4970180112458 -116.780878605004,53.4974252978389</coordinates></LineString></MultiGeometry>
  </Placemark>
  <Placemark>
	<Style><LineStyle><color>ff0000ff</color></LineStyle><PolyStyle><fill>0</fill></PolyStyle></Style>
	<ExtendedData><SchemaData schemaUrl="#TOU_Edson_Sept2026">
		<SimpleData name="OBJECTID">42628845</SimpleData>
		<SimpleData name="LIC_LI_NO">53686-1</SimpleData>
		<SimpleData name="COMP_NAME">Tourmaline Oil Corp.</SimpleData>
		<SimpleData name="SEG_LENGTH">1.81</SimpleData>
		<SimpleData name="SEG_STATUS">Operating</SimpleData>
		<SimpleData name="FROM_FAC">Well</SimpleData>
		<SimpleData name="FROM_LOC">01-35-051-18W5</SimpleData>
		<SimpleData name="TO_FAC">Gas Processing Plant</SimpleData>
		<SimpleData name="TO_LOC">01-34-051-18W5</SimpleData>
		<SimpleData name="OUT_DIAMET">168.3</SimpleData>
		<SimpleData name="PIP_MATERL">Steel</SimpleData>
		<SimpleData name="SUBSTANCE1">Natural Gas</SimpleData>
		<SimpleData name="GEOM_SRCE">Mapping</SimpleData>
		<SimpleData name="SHAPE_LEN">1800.7283176245203</SimpleData>
	</SchemaData></ExtendedData>
      <MultiGeometry><LineString><coordinates>-116.533015583861,53.4401304447304 -116.533637352785,53.4393311998017 -116.536243805599,53.440117737883 -116.538282918412,53.4405374776034 -116.539106441762,53.4406563482038 -116.539948851293,53.4406311023018 -116.541699671375,53.4404071033248 -116.54425302567,53.4403076542089 -116.545951270952,53.440419499734 -116.546940334944,53.440451573493 -116.54785292356,53.4403790325371 -116.548422351246,53.440266824649 -116.549035085813,53.4400440464407 -116.551225112898,53.4392477472386 -116.552008530963,53.4390753894263 -116.5527028101,53.4391071693568 -116.555205229021,53.439519545378 -116.555606221692,53.4397081137904 -116.557990035147,53.439679564163</coordinates></LineString></MultiGeometry>
  </Placemark>
  <Placemark>
	<Style><LineStyle><color>ff0000ff</color></LineStyle><PolyStyle><fill>0</fill></PolyStyle></Style>
	<ExtendedData><SchemaData schemaUrl="#TOU_Edson_Sept2026">
		<SimpleData name="OBJECTID">42630107</SimpleData>
		<SimpleData name="LIC_LI_NO">55018-6</SimpleData>
		<SimpleData name="COMP_NAME">Tourmaline Oil Corp.</SimpleData>
		<SimpleData name="SEG_LENGTH">2.94</SimpleData>
		<SimpleData name="SEG_STATUS">Operating</SimpleData>
		<SimpleData name="FROM_FAC">Well</SimpleData>
		<SimpleData name="FROM_LOC">01-09-050-17W5</SimpleData>
		<SimpleData name="TO_FAC">Pipeline</SimpleData>
		<SimpleData name="TO_LOC">05-08-050-17W5</SimpleData>
		<SimpleData name="OUT_DIAMET">219.1</SimpleData>
		<SimpleData name="PIP_MATERL">Steel</SimpleData>
		<SimpleData name="SUBSTANCE1">Natural Gas</SimpleData>
		<SimpleData name="GEOM_SRCE">Mapping</SimpleData>
		<SimpleData name="SHAPE_LEN">2952.5918241119452</SimpleData>
	</SchemaData></ExtendedData>
      <MultiGeometry><LineString><coordinates>-116.417092774585,53.294858779032 -116.418322146899,53.2951190294779 -116.42192140968,53.2987554451987 -116.457863614153,53.2982020538519</coordinates></LineString></MultiGeometry>
  </Placemark>
  <Placemark>
	<Style><LineStyle><color>ff0000ff</color></LineStyle><PolyStyle><fill>0</fill></PolyStyle></Style>
	<ExtendedData><SchemaData schemaUrl="#TOU_Edson_Sept2026">
		<SimpleData name="OBJECTID">42631140</SimpleData>
		<SimpleData name="LIC_LI_NO">61815-1</SimpleData>
		<SimpleData name="COMP_NAME">Tourmaline Oil Corp.</SimpleData>
		<SimpleData name="SEG_LENGTH">0.17</SimpleData>
		<SimpleData name="SEG_STATUS">Operating</SimpleData>
		<SimpleData name="FROM_FAC">Pipeline</SimpleData>
		<SimpleData name="FROM_LOC">05-22-052-15W5</SimpleData>
		<SimpleData name="TO_FAC">Pipeline</SimpleData>
		<SimpleData name="TO_LOC">08-21-052-15W5</SimpleData>
		<SimpleData name="OUT_DIAMET">114.3</SimpleData>
		<SimpleData name="PIP_MATERL">Steel</SimpleData>
		<SimpleData name="SUBSTANCE1">Natural Gas</SimpleData>
		<SimpleData name="GEOM_SRCE">Mapping</SimpleData>
		<SimpleData name="SHAPE_LEN">177.53814401282716</SimpleData>
	</SchemaData></ExtendedData>
      <MultiGeometry><LineString><coordinates>-116.137294154612,53.5027508660826 -116.137535446589,53.5028124124846 -116.138388300831,53.5030299448254 -116.139773927004,53.5033524840734</coordinates></LineString></MultiGeometry>
  </Placemark>
  <Placemark>
	<Style><LineStyle><color>ff0000ff</color></LineStyle><PolyStyle><fill>0</fill></PolyStyle></Style>
	<ExtendedData><SchemaData schemaUrl="#TOU_Edson_Sept2026">
		<SimpleData name="OBJECTID">42633218</SimpleData>
		<SimpleData name="LIC_LI_NO">56963-1</SimpleData>
		<SimpleData name="COMP_NAME">Tourmaline Oil Corp.</SimpleData>
		<SimpleData name="SEG_LENGTH">1.73</SimpleData>
		<SimpleData name="SEG_STATUS">Operating</SimpleData>
		<SimpleData name="FROM_FAC">Gas Processing Plant</SimpleData>
		<SimpleData name="FROM_LOC">10-03-052-17W5</SimpleData>
		<SimpleData name="TO_FAC">Meter Station</SimpleData>
		<SimpleData name="TO_LOC">10-04-052-17W5</SimpleData>
		<SimpleData name="OUT_DIAMET">273.1</SimpleData>
		<SimpleData name="PIP_MATERL">Steel</SimpleData>
		<SimpleData name="SUBSTANCE1">Natural Gas</SimpleData>
		<SimpleData name="GEOM_SRCE">Mapping</SimpleData>
		<SimpleData name="SHAPE_LEN">1737.3479265704748</SimpleData>
	</SchemaData></ExtendedData>
      <MultiGeometry><LineString><coordinates>-116.419450816273,53.4643981134652 -116.419439580145,53.4647573470903 -116.421160477345,53.4647096000798 -116.42283884291,53.4647367296166 -116.423893089557,53.4648018981905 -116.424018943529,53.4648003981272 -116.424230875867,53.4647845263312 -116.425095414496,53.4646682158714 -116.429837426845,53.4645348459807 -116.437338807727,53.4650367496917 -116.437695142451,53.4649538818684 -116.438418367103,53.4647528201564 -116.442569750627,53.4647027660864 -116.444070051238,53.4647250537035 -116.444776710057,53.464890284179</coordinates></LineString></MultiGeometry>
  </Placemark>
  <Placemark>
	<Style><LineStyle><color>ff0000ff</color></LineStyle><PolyStyle><fill>0</fill></PolyStyle></Style>
	<ExtendedData><SchemaData schemaUrl="#TOU_Edson_Sept2026">
		<SimpleData name="OBJECTID">42634092</SimpleData>
		<SimpleData name="LIC_LI_NO">49426-3</SimpleData>
		<SimpleData name="COMP_NAME">Tourmaline Oil Corp.</SimpleData>
		<SimpleData name="SEG_LENGTH">1.57</SimpleData>
		<SimpleData name="SEG_STATUS">Operating</SimpleData>
		<SimpleData name="FROM_FAC">Battery</SimpleData>
		<SimpleData name="FROM_LOC">15-30-051-18W5</SimpleData>
		<SimpleData name="TO_FAC">Pipeline</SimpleData>
		<SimpleData name="TO_LOC">03-32-051-18W5</SimpleData>
		<SimpleData name="OUT_DIAMET">168.3</SimpleData>
		<SimpleData name="PIP_MATERL">Steel</SimpleData>
		<SimpleData name="SUBSTANCE1">Natural Gas</SimpleData>
		<SimpleData name="GEOM_SRCE">Mapping</SimpleData>
		<SimpleData name="SHAPE_LEN">1592.3737733909218</SimpleData>
	</SchemaData></ExtendedData>
      <MultiGeometry><LineString><coordinates>-116.64005975389,53.4368750747145 -116.638448082846,53.4366279990396 -116.637532959184,53.4364895091636 -116.628610691458,53.4399366658312 -116.625000321907,53.4397383601931 -116.622232002561,53.4387670260118 -116.619697946772,53.4386427776076 -116.619588301104,53.4392835676056 -116.619548106885,53.4394517363364</coordinates></LineString></MultiGeometry>
  </Placemark>
  <Placemark>
	<Style><LineStyle><color>ff0000ff</color></LineStyle><PolyStyle><fill>0</fill></PolyStyle></Style>
	<ExtendedData><SchemaData schemaUrl="#TOU_Edson_Sept2026">
		<SimpleData name="OBJECTID">42634126</SimpleData>
		<SimpleData name="LIC_LI_NO">52422-8</SimpleData>
		<SimpleData name="COMP_NAME">Tourmaline Oil Corp.</SimpleData>
		<SimpleData name="SEG_LENGTH">0.5</SimpleData>
		<SimpleData name="SEG_STATUS">Operating</SimpleData>
		<SimpleData name="FROM_FAC">Pipeline</SimpleData>
		<SimpleData name="FROM_LOC">16-02-054-15W5</SimpleData>
		<SimpleData name="TO_FAC">Pipeline</SimpleData>
		<SimpleData name="TO_LOC">01-11-054-15W5</SimpleData>
		<SimpleData name="OUT_DIAMET">168.3</SimpleData>
		<SimpleData name="PIP_MATERL">Steel</SimpleData>
		<SimpleData name="SUBSTANCE1">Natural Gas</SimpleData>
		<SimpleData name="GEOM_SRCE">Mapping</SimpleData>
		<SimpleData name="SHAPE_LEN">374.56079118744105</SimpleData>
	</SchemaData></ExtendedData>
      <MultiGeometry><LineString><coordinates>-116.092050454123,53.6421647600161 -116.094178976256,53.6452860995721</coordinates></LineString></MultiGeometry>
  </Placemark>
  <Placemark>
	<Style><LineStyle><color>ff0000ff</color></LineStyle><PolyStyle><fill>0</fill></PolyStyle></Style>
	<ExtendedData><SchemaData schemaUrl="#TOU_Edson_Sept2026">
		<SimpleData name="OBJECTID">42634370</SimpleData>
		<SimpleData name="LIC_LI_NO">52422-9</SimpleData>
		<SimpleData name="COMP_NAME">Tourmaline Oil Corp.</SimpleData>
		<SimpleData name="SEG_LENGTH">1.2</SimpleData>
		<SimpleData name="SEG_STATUS">Operating</SimpleData>
		<SimpleData name="FROM_FAC">Pipeline</SimpleData>
		<SimpleData name="FROM_LOC">04-01-054-15W5</SimpleData>
		<SimpleData name="TO_FAC">Pipeline</SimpleData>
		<SimpleData name="TO_LOC">16-02-054-15W5</SimpleData>
		<SimpleData name="OUT_DIAMET">168.3</SimpleData>
		<SimpleData name="PIP_MATERL">Steel</SimpleData>
		<SimpleData name="SUBSTANCE1">Natural Gas</SimpleData>
		<SimpleData name="GEOM_SRCE">Mapping</SimpleData>
		<SimpleData name="SHAPE_LEN">1251.905550010346</SimpleData>
	</SchemaData></ExtendedData>
      <MultiGeometry><LineString><coordinates>-116.084929636427,53.6317360298583 -116.0920492935,53.6421670089536</coordinates></LineString></MultiGeometry>
  </Placemark>
  <Placemark>
	<Style><LineStyle><color>ff0000ff</color></LineStyle><PolyStyle><fill>0</fill></PolyStyle></Style>
	<ExtendedData><SchemaData schemaUrl="#TOU_Edson_Sept2026">
		<SimpleData name="OBJECTID">42634376</SimpleData>
		<SimpleData name="LIC_LI_NO">49426-4</SimpleData>
		<SimpleData name="COMP_NAME">Tourmaline Oil Corp.</SimpleData>
		<SimpleData name="SEG_LENGTH">1.87</SimpleData>
		<SimpleData name="SEG_STATUS">Operating</SimpleData>
		<SimpleData name="FROM_FAC">Well</SimpleData>
		<SimpleData name="FROM_LOC">02-30-051-18W5</SimpleData>
		<SimpleData name="TO_FAC">Pipeline</SimpleData>
		<SimpleData name="TO_LOC">15-30-051-18W5</SimpleData>
		<SimpleData name="OUT_DIAMET">168.3</SimpleData>
		<SimpleData name="PIP_MATERL">Steel</SimpleData>
		<SimpleData name="SUBSTANCE1">Natural Gas</SimpleData>
		<SimpleData name="GEOM_SRCE">Mapping</SimpleData>
		<SimpleData name="SHAPE_LEN">1851.5537418887081</SimpleData>
	</SchemaData></ExtendedData>
      <MultiGeometry><LineString><coordinates>-116.641926690206,53.4260993747496 -116.640657791121,53.4285170785709 -116.640797495317,53.4288465858865 -116.64125370204,53.4293297047663 -116.641384161673,53.4296134536952 -116.641272358251,53.430589404054 -116.64100706868,53.4308393295052 -116.640422164819,53.4310151219674 -116.639931527468,53.4313109729128 -116.638056596147,53.4320082049185 -116.636621419801,53.4322991471347 -116.634328800618,53.4323626678702 -116.633920152504,53.4324213016935 -116.63346503454,53.4326059925971 -116.633317646155,53.4326771328604 -116.634089443613,53.433320941851 -116.634582016832,53.4335670242019 -116.635242597468,53.4337780861194 -116.637279864243,53.4344324762947 -116.637739340833,53.4346926820716 -116.637922438149,53.4349776174985 -116.638071831574,53.4358897462998 -116.638217530228,53.4363831636291 -116.638219085212,53.4367343589452 -116.640002692904,53.4370077946116</coordinates></LineString></MultiGeometry>
  </Placemark>
  <Placemark>
	<Style><LineStyle><color>ff0000ff</color></LineStyle><PolyStyle><fill>0</fill></PolyStyle></Style>
	<ExtendedData><SchemaData schemaUrl="#TOU_Edson_Sept2026">
		<SimpleData name="OBJECTID">42634596</SimpleData>
		<SimpleData name="LIC_LI_NO">52422-10</SimpleData>
		<SimpleData name="COMP_NAME">Tourmaline Oil Corp.</SimpleData>
		<SimpleData name="SEG_LENGTH">0.8</SimpleData>
		<SimpleData name="SEG_STATUS">Operating</SimpleData>
		<SimpleData name="FROM_FAC">Pipeline</SimpleData>
		<SimpleData name="FROM_LOC">01-11-054-15W5</SimpleData>
		<SimpleData name="TO_FAC">Pipeline</SimpleData>
		<SimpleData name="TO_LOC">10-11-054-15W5</SimpleData>
		<SimpleData name="OUT_DIAMET">168.3</SimpleData>
		<SimpleData name="PIP_MATERL">Steel</SimpleData>
		<SimpleData name="SUBSTANCE1">Natural Gas</SimpleData>
		<SimpleData name="GEOM_SRCE">Mapping</SimpleData>
		<SimpleData name="SHAPE_LEN">867.8703220863979</SimpleData>
	</SchemaData></ExtendedData>
      <MultiGeometry><LineString><coordinates>-116.094178976256,53.6452860995721 -116.095191157494,53.6467683438576 -116.095624781468,53.6475291856669 -116.096651980741,53.6492634982381 -116.10033619091,53.6520736055562</coordinates></LineString></MultiGeometry>
  </Placemark>
  <Placemark>
	<Style><LineStyle><color>ff0000ff</color></LineStyle><PolyStyle><fill>0</fill></PolyStyle></Style>
	<ExtendedData><SchemaData schemaUrl="#TOU_Edson_Sept2026">
		<SimpleData name="OBJECTID">42635331</SimpleData>
		<SimpleData name="LIC_LI_NO">49495-75</SimpleData>
		<SimpleData name="COMP_NAME">Tourmaline Oil Corp.</SimpleData>
		<SimpleData name="SEG_LENGTH">3.29</SimpleData>
		<SimpleData name="SEG_STATUS">Operating</SimpleData>
		<SimpleData name="FROM_FAC">Battery</SimpleData>
		<SimpleData name="FROM_LOC">14-29-051-18W5</SimpleData>
		<SimpleData name="TO_FAC">Pipeline</SimpleData>
		<SimpleData name="TO_LOC">02-28-051-18W5</SimpleData>
		<SimpleData name="OUT_DIAMET">219.1</SimpleData>
		<SimpleData name="PIP_MATERL">Steel</SimpleData>
		<SimpleData name="SUBSTANCE1">Natural Gas</SimpleData>
		<SimpleData name="GEOM_SRCE">Mapping</SimpleData>
		<SimpleData name="SHAPE_LEN">3312.0644207798405</SimpleData>
	</SchemaData></ExtendedData>
      <MultiGeometry><LineString><coordinates>-116.619361118965,53.4392642086329 -116.619334761496,53.4393744853096 -116.619054067614,53.4394947172493 -116.618930596874,53.4398143033172 -116.618649063965,53.4399682647907 -116.616440713044,53.4403189681595 -116.616323879955,53.4402775366333 -116.615782123974,53.4400566543178 -116.613818185777,53.4395749453521 -116.611997848668,53.4391731333722 -116.611073904449,53.4388958444122 -116.610738683728,53.4386996176375 -116.610583472813,53.4384507808093 -116.610377455881,53.4377611494225 -116.610119350137,53.4373871966815 -116.6096854396,53.4371204980751 -116.608446509211,53.4364550312453 -116.608005104928,53.4363234302062 -116.607395156037,53.4363316414029 -116.605503578933,53.4372009596962 -116.604502122681,53.4372840459703 -116.601786529052,53.4367817671018 -116.600897854488,53.4367936829475 -116.59942454915,53.4370889194733 -116.598520985009,53.4371496386003 -116.596558430218,53.4377717523384 -116.59604187198,53.4377590897359 -116.59442327762,53.4372721693265 -116.593988907146,53.4368330972041 -116.593094556127,53.435577077497 -116.591963943697,53.4344687272467 -116.591578231369,53.4336910284234 -116.591398474887,53.4329935735586 -116.591486822398,53.4324203024942 -116.591327968815,53.4318587316647 -116.591115077076,53.4315667069343 -116.590783505311,53.4313250578669 -116.590349802285,53.430949191316 -116.588993528564,53.4289890720982 -116.587832884556,53.4278846489553 -116.587262542386,53.4273672890284 -116.586870545443,53.4270104576507 -116.587548333308,53.4267026136731</coordinates></LineString></MultiGeometry>
  </Placemark>
  <Placemark>
	<Style><LineStyle><color>ff0000ff</color></LineStyle><PolyStyle><fill>0</fill></PolyStyle></Style>
	<ExtendedData><SchemaData schemaUrl="#TOU_Edson_Sept2026">
		<SimpleData name="OBJECTID">42635428</SimpleData>
		<SimpleData name="LIC_LI_NO">49495-84</SimpleData>
		<SimpleData name="COMP_NAME">Tourmaline Oil Corp.</SimpleData>
		<SimpleData name="SEG_LENGTH">1.9</SimpleData>
		<SimpleData name="SEG_STATUS">Operating</SimpleData>
		<SimpleData name="FROM_FAC">Battery</SimpleData>
		<SimpleData name="FROM_LOC">01-31-051-18W5</SimpleData>
		<SimpleData name="TO_FAC">Pipeline</SimpleData>
		<SimpleData name="TO_LOC">14-29-051-18W5</SimpleData>
		<SimpleData name="OUT_DIAMET">168.3</SimpleData>
		<SimpleData name="PIP_MATERL">Steel</SimpleData>
		<SimpleData name="SUBSTANCE1">Natural Gas</SimpleData>
		<SimpleData name="GEOM_SRCE">Mapping</SimpleData>
		<SimpleData name="SHAPE_LEN">1907.267114750776</SimpleData>
	</SchemaData></ExtendedData>
      <MultiGeometry><LineString><coordinates>-116.635530381752,53.4403926339758 -116.636631727969,53.4397910790463 -116.637390476499,53.4394855370612 -116.637482502612,53.4393632775929 -116.637514622773,53.4382267360904 -116.637662331857,53.4377154948867 -116.637807011821,53.4373327875875 -116.638078774653,53.4369388203234 -116.637944074971,53.4366930812536 -116.63757360346,53.4366370155581 -116.628668708253,53.4400774534007 -116.624928253665,53.4398720032844 -116.622160953907,53.4389010290754 -116.619445539042,53.4387700327939 -116.619361118965,53.4392642086329</coordinates></LineString></MultiGeometry>
  </Placemark>
  <Placemark>
	<Style><LineStyle><color>ff0000ff</color></LineStyle><PolyStyle><fill>0</fill></PolyStyle></Style>
	<ExtendedData><SchemaData schemaUrl="#TOU_Edson_Sept2026">
		<SimpleData name="OBJECTID">42638424</SimpleData>
		<SimpleData name="LIC_LI_NO">31063-10</SimpleData>
		<SimpleData name="COMP_NAME">Tourmaline Oil Corp.</SimpleData>
		<SimpleData name="SEG_LENGTH">0.77</SimpleData>
		<SimpleData name="SEG_STATUS">Discontinued</SimpleData>
		<SimpleData name="FROM_FAC">Blind End</SimpleData>
		<SimpleData name="FROM_LOC">01-06-053-16W5</SimpleData>
		<SimpleData name="TO_FAC">Blind End</SimpleData>
		<SimpleData name="TO_LOC">16-31-052-16W5</SimpleData>
		<SimpleData name="OUT_DIAMET">114.3</SimpleData>
		<SimpleData name="PIP_MATERL">Steel</SimpleData>
		<SimpleData name="SUBSTANCE1">Natural Gas</SimpleData>
		<SimpleData name="GEOM_SRCE">Mapping</SimpleData>
		<SimpleData name="SHAPE_LEN">755.9553236905331</SimpleData>
	</SchemaData></ExtendedData>
      <MultiGeometry><LineString><coordinates>-116.341554793409,53.5444573636622 -116.340639753291,53.544129587515 -116.340257174286,53.5437269297694 -116.336330219564,53.5423101741374 -116.336344041043,53.5393464191597</coordinates></LineString></MultiGeometry>
  </Placemark>
  <Placemark>
	<Style><LineStyle><color>ff0000ff</color></LineStyle><PolyStyle><fill>0</fill></PolyStyle></Style>
	<ExtendedData><SchemaData schemaUrl="#TOU_Edson_Sept2026">
		<SimpleData name="OBJECTID">42639051</SimpleData>
		<SimpleData name="LIC_LI_NO">55637-1</SimpleData>
		<SimpleData name="COMP_NAME">Tourmaline Oil Corp.</SimpleData>
		<SimpleData name="SEG_LENGTH">0.18</SimpleData>
		<SimpleData name="SEG_STATUS">Operating</SimpleData>
		<SimpleData name="FROM_FAC">Well</SimpleData>
		<SimpleData name="FROM_LOC">14-26-051-18W5</SimpleData>
		<SimpleData name="TO_FAC">Pipeline</SimpleData>
		<SimpleData name="TO_LOC">03-35-051-18W5</SimpleData>
		<SimpleData name="OUT_DIAMET">168.3</SimpleData>
		<SimpleData name="PIP_MATERL">Steel</SimpleData>
		<SimpleData name="SUBSTANCE1">Natural Gas</SimpleData>
		<SimpleData name="GEOM_SRCE">Mapping</SimpleData>
		<SimpleData name="SHAPE_LEN">193.77082056179643</SimpleData>
	</SchemaData></ExtendedData>
      <MultiGeometry><LineString><coordinates>-116.54442551029,53.4385734870463 -116.544488687007,53.4403153108172</coordinates></LineString></MultiGeometry>
  </Placemark>
  <Placemark>
	<Style><LineStyle><color>ff0000ff</color></LineStyle><PolyStyle><fill>0</fill></PolyStyle></Style>
	<ExtendedData><SchemaData schemaUrl="#TOU_Edson_Sept2026">
		<SimpleData name="OBJECTID">42640458</SimpleData>
		<SimpleData name="LIC_LI_NO">47831-34</SimpleData>
		<SimpleData name="COMP_NAME">Tourmaline Oil Corp.</SimpleData>
		<SimpleData name="SEG_LENGTH">2.75</SimpleData>
		<SimpleData name="SEG_STATUS">Abandoned</SimpleData>
		<SimpleData name="FROM_FAC">Blind End</SimpleData>
		<SimpleData name="FROM_LOC">11-06-054-14W5</SimpleData>
		<SimpleData name="TO_FAC">Blind End</SimpleData>
		<SimpleData name="TO_LOC">06-12-054-15W5</SimpleData>
		<SimpleData name="OUT_DIAMET">88.9</SimpleData>
		<SimpleData name="PIP_MATERL">Steel</SimpleData>
		<SimpleData name="SUBSTANCE1">Natural Gas</SimpleData>
		<SimpleData name="GEOM_SRCE">Mapping</SimpleData>
		<SimpleData name="SHAPE_LEN">2451.1446764684056</SimpleData>
	</SchemaData></ExtendedData>
      <MultiGeometry><LineString><coordinates>-116.057531322095,53.6383997432001 -116.06061067682,53.6427692006619 -116.060630220568,53.6468926175928 -116.065448312136,53.646887067498 -116.077644559984,53.6468992523593 -116.077689987788,53.6498930522668</coordinates></LineString><LineString><coordinates>-116.077689987788,53.6498930522668 -116.077817288047,53.6498933674756</coordinates></LineString></MultiGeometry>
  </Placemark>
  <Placemark>
	<Style><LineStyle><color>ff0000ff</color></LineStyle><PolyStyle><fill>0</fill></PolyStyle></Style>
	<ExtendedData><SchemaData schemaUrl="#TOU_Edson_Sept2026">
		<SimpleData name="OBJECTID">42640785</SimpleData>
		<SimpleData name="LIC_LI_NO">13465-7</SimpleData>
		<SimpleData name="COMP_NAME">Tourmaline Oil Corp.</SimpleData>
		<SimpleData name="SEG_LENGTH">2.75</SimpleData>
		<SimpleData name="SEG_STATUS">Abandoned</SimpleData>
		<SimpleData name="FROM_FAC">Blind End</SimpleData>
		<SimpleData name="FROM_LOC">06-12-054-15W5</SimpleData>
		<SimpleData name="TO_FAC">Blind End</SimpleData>
		<SimpleData name="TO_LOC">11-06-054-14W5</SimpleData>
		<SimpleData name="OUT_DIAMET">60.3</SimpleData>
		<SimpleData name="PIP_MATERL">Steel</SimpleData>
		<SimpleData name="SUBSTANCE1">Fuel Gas</SimpleData>
		<SimpleData name="GEOM_SRCE">Mapping</SimpleData>
		<SimpleData name="SHAPE_LEN">2451.3082653261836</SimpleData>
	</SchemaData></ExtendedData>
      <MultiGeometry><LineString><coordinates>-116.078155332173,53.64975717253 -116.078091348769,53.6466254970873 -116.065504310416,53.6466198521744 -116.060811289488,53.6466186769717 -116.060841497136,53.6427419682892 -116.057744006323,53.6383468125217</coordinates></LineString></MultiGeometry>
  </Placemark>
  <Placemark>
	<Style><LineStyle><color>ff0000ff</color></LineStyle><PolyStyle><fill>0</fill></PolyStyle></Style>
	<ExtendedData><SchemaData schemaUrl="#TOU_Edson_Sept2026">
		<SimpleData name="OBJECTID">42642755</SimpleData>
		<SimpleData name="LIC_LI_NO">53686-7</SimpleData>
		<SimpleData name="COMP_NAME">Tourmaline Oil Corp.</SimpleData>
		<SimpleData name="SEG_LENGTH">3.51</SimpleData>
		<SimpleData name="SEG_STATUS">Operating</SimpleData>
		<SimpleData name="FROM_FAC">Well</SimpleData>
		<SimpleData name="FROM_LOC">16-31-050-18W5</SimpleData>
		<SimpleData name="TO_FAC">Pipeline</SimpleData>
		<SimpleData name="TO_LOC">11-08-051-18W5</SimpleData>
		<SimpleData name="OUT_DIAMET">219.1</SimpleData>
		<SimpleData name="PIP_MATERL">Steel</SimpleData>
		<SimpleData name="SUBSTANCE1">Natural Gas</SimpleData>
		<SimpleData name="GEOM_SRCE">Mapping</SimpleData>
		<SimpleData name="SHAPE_LEN">3503.4398107258658</SimpleData>
	</SchemaData></ExtendedData>
      <MultiGeometry><LineString><coordinates>-116.615915408809,53.3661357835135 -116.615449017886,53.3664661290454 -116.613689267652,53.3671939108407 -116.612683627946,53.3673017340929 -116.612552710172,53.3675952057352 -116.616996489033,53.3702735929993 -116.623537341805,53.3743512931707 -116.623643594537,53.3745807405715 -116.615772538949,53.3862877672591 -116.620954555108,53.3902555688444 -116.62356355195,53.3902405145581</coordinates></LineString></MultiGeometry>
  </Placemark>
  <Placemark>
	<Style><LineStyle><color>ff0000ff</color></LineStyle><PolyStyle><fill>0</fill></PolyStyle></Style>
	<ExtendedData><SchemaData schemaUrl="#TOU_Edson_Sept2026">
		<SimpleData name="OBJECTID">42642777</SimpleData>
		<SimpleData name="LIC_LI_NO">31649-2</SimpleData>
		<SimpleData name="COMP_NAME">Tourmaline Oil Corp.</SimpleData>
		<SimpleData name="SEG_LENGTH">0.23</SimpleData>
		<SimpleData name="SEG_STATUS">Discontinued</SimpleData>
		<SimpleData name="FROM_FAC">Blind End</SimpleData>
		<SimpleData name="FROM_LOC">05-13-053-15W5</SimpleData>
		<SimpleData name="TO_FAC">Blind End</SimpleData>
		<SimpleData name="TO_LOC">08-14-053-15W5</SimpleData>
		<SimpleData name="OUT_DIAMET">60.3</SimpleData>
		<SimpleData name="PIP_MATERL">Steel</SimpleData>
		<SimpleData name="SUBSTANCE1">Fuel Gas</SimpleData>
		<SimpleData name="GEOM_SRCE">Mapping</SimpleData>
		<SimpleData name="SHAPE_LEN">195.43644532941275</SimpleData>
	</SchemaData></ExtendedData>
      <MultiGeometry><LineString><coordinates>-116.088104764138,53.5740830413609 -116.09105721566,53.574080363138</coordinates></LineString></MultiGeometry>
  </Placemark>
  <Placemark>
	<Style><LineStyle><color>ff0000ff</color></LineStyle><PolyStyle><fill>0</fill></PolyStyle></Style>
	<ExtendedData><SchemaData schemaUrl="#TOU_Edson_Sept2026">
		<SimpleData name="OBJECTID">42643512</SimpleData>
		<SimpleData name="LIC_LI_NO">47831-23</SimpleData>
		<SimpleData name="COMP_NAME">Tourmaline Oil Corp.</SimpleData>
		<SimpleData name="SEG_LENGTH">3.13</SimpleData>
		<SimpleData name="SEG_STATUS">Operating</SimpleData>
		<SimpleData name="FROM_FAC">Pipeline</SimpleData>
		<SimpleData name="FROM_LOC">01-33-053-16W5</SimpleData>
		<SimpleData name="TO_FAC">Pipeline</SimpleData>
		<SimpleData name="TO_LOC">01-03-054-16W5</SimpleData>
		<SimpleData name="OUT_DIAMET">168.3</SimpleData>
		<SimpleData name="PIP_MATERL">Steel</SimpleData>
		<SimpleData name="SUBSTANCE1">Natural Gas</SimpleData>
		<SimpleData name="GEOM_SRCE">Mapping</SimpleData>
		<SimpleData name="SHAPE_LEN">3130.116928878176</SimpleData>
	</SchemaData></ExtendedData>
      <MultiGeometry><LineString><coordinates>-116.264784114356,53.6287848637643 -116.264812078911,53.6282721495894 -116.264863052914,53.621157934602 -116.268727285466,53.6211419167254 -116.268809693316,53.6202090725949 -116.268895851634,53.6193194046761 -116.268799527082,53.6179683615337 -116.267936231721,53.6156964209913 -116.268120399829,53.6155576025463 -116.270334412831,53.6154221408055 -116.273088948428,53.6156334207735 -116.273904186616,53.616068521937 -116.274144032306,53.6163894699366 -116.274630539202,53.6165626279513 -116.276182005156,53.6152898178514 -116.277307425324,53.6151866252163 -116.278931721292,53.6151816613867 -116.279706161593,53.6153096011759 -116.281606366117,53.6154750192472 -116.28425233582,53.61550857108 -116.287299927914,53.6155494873023</coordinates></LineString></MultiGeometry>
  </Placemark>
  <Placemark>
	<Style><LineStyle><color>ff0000ff</color></LineStyle><PolyStyle><fill>0</fill></PolyStyle></Style>
	<ExtendedData><SchemaData schemaUrl="#TOU_Edson_Sept2026">
		<SimpleData name="OBJECTID">42644097</SimpleData>
		<SimpleData name="LIC_LI_NO">47831-16</SimpleData>
		<SimpleData name="COMP_NAME">Tourmaline Oil Corp.</SimpleData>
		<SimpleData name="SEG_LENGTH">0.57</SimpleData>
		<SimpleData name="SEG_STATUS">Operating</SimpleData>
		<SimpleData name="FROM_FAC">Well</SimpleData>
		<SimpleData name="FROM_LOC">14-28-053-16W5</SimpleData>
		<SimpleData name="TO_FAC">Gas Processing Plant</SimpleData>
		<SimpleData name="TO_LOC">10-28-053-16W5</SimpleData>
		<SimpleData name="OUT_DIAMET">168.3</SimpleData>
		<SimpleData name="PIP_MATERL">Steel</SimpleData>
		<SimpleData name="SUBSTANCE1">Natural Gas</SimpleData>
		<SimpleData name="GEOM_SRCE">Mapping</SimpleData>
		<SimpleData name="SHAPE_LEN">566.4259988511792</SimpleData>
	</SchemaData></ExtendedData>
      <MultiGeometry><LineString><coordinates>-116.299187963787,53.6112297605833 -116.298347410176,53.6113118149884 -116.298064801086,53.611401481122 -116.297638465144,53.6114200437199 -116.297201192213,53.6113137239597 -116.295100942757,53.6099580591972 -116.293604741159,53.6092888127367 -116.292968839041,53.6084676321994</coordinates></LineString></MultiGeometry>
  </Placemark>
  <Placemark>
	<Style><LineStyle><color>ff0000ff</color></LineStyle><PolyStyle><fill>0</fill></PolyStyle></Style>
	<ExtendedData><SchemaData schemaUrl="#TOU_Edson_Sept2026">
		<SimpleData name="OBJECTID">42644324</SimpleData>
		<SimpleData name="LIC_LI_NO">49495-83</SimpleData>
		<SimpleData name="COMP_NAME">Tourmaline Oil Corp.</SimpleData>
		<SimpleData name="SEG_LENGTH">2.38</SimpleData>
		<SimpleData name="SEG_STATUS">Operating</SimpleData>
		<SimpleData name="FROM_FAC">Gas Processing Plant</SimpleData>
		<SimpleData name="FROM_LOC">01-34-051-18W5</SimpleData>
		<SimpleData name="TO_FAC">Pipeline</SimpleData>
		<SimpleData name="TO_LOC">02-28-051-18W5</SimpleData>
		<SimpleData name="OUT_DIAMET">219.1</SimpleData>
		<SimpleData name="PIP_MATERL">Steel</SimpleData>
		<SimpleData name="SUBSTANCE1">Natural Gas</SimpleData>
		<SimpleData name="GEOM_SRCE">Mapping</SimpleData>
		<SimpleData name="SHAPE_LEN">2445.5315112410535</SimpleData>
	</SchemaData></ExtendedData>
      <MultiGeometry><LineString><coordinates>-116.558133234688,53.4393401697278 -116.558153478223,53.4389085254048 -116.558561257667,53.4386734501819 -116.558609823286,53.4384549884091 -116.559601009998,53.4378835735017 -116.561949860124,53.4369096384484 -116.564851626901,53.4357063154916 -116.56557314116,53.4355675518258 -116.571469689872,53.4331044412935 -116.578495418201,53.4301688986477 -116.585704875361,53.4271572920143 -116.587386960849,53.4264432566167</coordinates></LineString></MultiGeometry>
  </Placemark>
  <Placemark>
	<Style><LineStyle><color>ff0000ff</color></LineStyle><PolyStyle><fill>0</fill></PolyStyle></Style>
	<ExtendedData><SchemaData schemaUrl="#TOU_Edson_Sept2026">
		<SimpleData name="OBJECTID">42645328</SimpleData>
		<SimpleData name="LIC_LI_NO">50289-20</SimpleData>
		<SimpleData name="COMP_NAME">Tourmaline Oil Corp.</SimpleData>
		<SimpleData name="SEG_LENGTH">0.48</SimpleData>
		<SimpleData name="SEG_STATUS">Operating</SimpleData>
		<SimpleData name="FROM_FAC">Pipeline</SimpleData>
		<SimpleData name="FROM_LOC">11-02-053-18W5</SimpleData>
		<SimpleData name="TO_FAC">Pipeline</SimpleData>
		<SimpleData name="TO_LOC">15-02-053-18W5</SimpleData>
		<SimpleData name="OUT_DIAMET">273.1</SimpleData>
		<SimpleData name="PIP_MATERL">Steel</SimpleData>
		<SimpleData name="SUBSTANCE1">Natural Gas</SimpleData>
		<SimpleData name="GEOM_SRCE">Mapping</SimpleData>
		<SimpleData name="SHAPE_LEN">635.6280631588969</SimpleData>
	</SchemaData></ExtendedData>
      <MultiGeometry><LineString><coordinates>-116.547178890653,53.5494164385738 -116.543692284694,53.5523139250683 -116.541661512738,53.5517582587381 -116.540540373043,53.5522333506926</coordinates></LineString></MultiGeometry>
  </Placemark>
  <Placemark>
	<Style><LineStyle><color>ff0000ff</color></LineStyle><PolyStyle><fill>0</fill></PolyStyle></Style>
	<ExtendedData><SchemaData schemaUrl="#TOU_Edson_Sept2026">
		<SimpleData name="OBJECTID">42645502</SimpleData>
		<SimpleData name="LIC_LI_NO">42009-3</SimpleData>
		<SimpleData name="COMP_NAME">Tourmaline Oil Corp.</SimpleData>
		<SimpleData name="SEG_LENGTH">1.1</SimpleData>
		<SimpleData name="SEG_STATUS">Operating</SimpleData>
		<SimpleData name="FROM_FAC">Well</SimpleData>
		<SimpleData name="FROM_LOC">07-24-052-15W5</SimpleData>
		<SimpleData name="TO_FAC">Compressor Station</SimpleData>
		<SimpleData name="TO_LOC">09-24-052-15W5</SimpleData>
		<SimpleData name="OUT_DIAMET">114.3</SimpleData>
		<SimpleData name="PIP_MATERL">Steel</SimpleData>
		<SimpleData name="SUBSTANCE1">Natural Gas</SimpleData>
		<SimpleData name="GEOM_SRCE">Mapping</SimpleData>
		<SimpleData name="SHAPE_LEN">1078.5665709168209</SimpleData>
	</SchemaData></ExtendedData>
      <MultiGeometry><LineString><coordinates>-116.071258516579,53.5073698534339 -116.0709819271,53.5016537195521 -116.074369424629,53.5009761054332 -116.075999562341,53.5010496986372 -116.076513731958,53.5018687973189</coordinates></LineString></MultiGeometry>
  </Placemark>
  <Placemark>
	<Style><LineStyle><color>ff0000ff</color></LineStyle><PolyStyle><fill>0</fill></PolyStyle></Style>
	<ExtendedData><SchemaData schemaUrl="#TOU_Edson_Sept2026">
		<SimpleData name="OBJECTID">42645578</SimpleData>
		<SimpleData name="LIC_LI_NO">28988-1</SimpleData>
		<SimpleData name="COMP_NAME">Tourmaline Oil Corp.</SimpleData>
		<SimpleData name="SEG_LENGTH">5.4</SimpleData>
		<SimpleData name="SEG_STATUS">Operating</SimpleData>
		<SimpleData name="FROM_FAC">Well</SimpleData>
		<SimpleData name="FROM_LOC">07-03-052-15W5</SimpleData>
		<SimpleData name="TO_FAC">Pipeline</SimpleData>
		<SimpleData name="TO_LOC">10-21-052-15W5</SimpleData>
		<SimpleData name="OUT_DIAMET">114.3</SimpleData>
		<SimpleData name="PIP_MATERL">Steel</SimpleData>
		<SimpleData name="SUBSTANCE1">Natural Gas</SimpleData>
		<SimpleData name="GEOM_SRCE">Mapping</SimpleData>
		<SimpleData name="SHAPE_LEN">5679.250599647364</SimpleData>
	</SchemaData></ExtendedData>
      <MultiGeometry><LineString><coordinates>-116.122073892752,53.4583936667873 -116.121880313893,53.4590135718031 -116.122058159658,53.4601424518847 -116.13022438458,53.4800106952577 -116.13055385249,53.4807066747988 -116.131629526652,53.4829399495723 -116.132767979578,53.4856457442082 -116.133258572911,53.4864963429601 -116.133766368981,53.488033754722 -116.135449651025,53.4918287094928 -116.136540619005,53.4945052218336 -116.137530165393,53.4966849873598 -116.137627819451,53.4983524553261 -116.137656518828,53.5007753201711 -116.138086745373,53.5032537032866 -116.145922396559,53.5050925333669</coordinates></LineString></MultiGeometry>
  </Placemark>
  <Placemark>
	<Style><LineStyle><color>ff0000ff</color></LineStyle><PolyStyle><fill>0</fill></PolyStyle></Style>
	<ExtendedData><SchemaData schemaUrl="#TOU_Edson_Sept2026">
		<SimpleData name="OBJECTID">42645676</SimpleData>
		<SimpleData name="LIC_LI_NO">40477-7</SimpleData>
		<SimpleData name="COMP_NAME">Tourmaline Oil Corp.</SimpleData>
		<SimpleData name="SEG_LENGTH">2.7</SimpleData>
		<SimpleData name="SEG_STATUS">Operating</SimpleData>
		<SimpleData name="FROM_FAC">Pipeline</SimpleData>
		<SimpleData name="FROM_LOC">01-36-052-15W5</SimpleData>
		<SimpleData name="TO_FAC">Pipeline</SimpleData>
		<SimpleData name="TO_LOC">01-26-052-15W5</SimpleData>
		<SimpleData name="OUT_DIAMET">168.3</SimpleData>
		<SimpleData name="PIP_MATERL">Steel</SimpleData>
		<SimpleData name="SUBSTANCE1">Natural Gas</SimpleData>
		<SimpleData name="GEOM_SRCE">Mapping</SimpleData>
		<SimpleData name="SHAPE_LEN">2721.492643195419</SimpleData>
	</SchemaData></ExtendedData>
      <MultiGeometry><LineString><coordinates>-116.090825874321,53.5123322805875 -116.090667409708,53.5123329071841 -116.08341396654,53.512361414382 -116.073558642983,53.5200291900105 -116.07356200358,53.5235096337953 -116.072769829637,53.5239833285869 -116.072777531792,53.525963093469 -116.072152341185,53.526347013153 -116.072135168092,53.5269069855294 -116.06813868736,53.5268628445965 -116.067110909572,53.5273585633042</coordinates></LineString></MultiGeometry>
  </Placemark>
  <Placemark>
	<Style><LineStyle><color>ff0000ff</color></LineStyle><PolyStyle><fill>0</fill></PolyStyle></Style>
	<ExtendedData><SchemaData schemaUrl="#TOU_Edson_Sept2026">
		<SimpleData name="OBJECTID">42645678</SimpleData>
		<SimpleData name="LIC_LI_NO">49426-2</SimpleData>
		<SimpleData name="COMP_NAME">Tourmaline Oil Corp.</SimpleData>
		<SimpleData name="SEG_LENGTH">4.8</SimpleData>
		<SimpleData name="SEG_STATUS">Operating</SimpleData>
		<SimpleData name="FROM_FAC">Battery</SimpleData>
		<SimpleData name="FROM_LOC">03-32-051-18W5</SimpleData>
		<SimpleData name="TO_FAC">Pipeline</SimpleData>
		<SimpleData name="TO_LOC">12-21-051-18W5</SimpleData>
		<SimpleData name="OUT_DIAMET">168.3</SimpleData>
		<SimpleData name="PIP_MATERL">Steel</SimpleData>
		<SimpleData name="SUBSTANCE1">Natural Gas</SimpleData>
		<SimpleData name="GEOM_SRCE">Mapping</SimpleData>
		<SimpleData name="SHAPE_LEN">4810.919288661869</SimpleData>
	</SchemaData></ExtendedData>
      <MultiGeometry><LineString><coordinates>-116.619548106885,53.4394517363364 -116.619258208864,53.439575911207 -116.619138179569,53.4398865916019 -116.618762508609,53.4400920362967 -116.616406467469,53.440466194252 -116.616200455927,53.4403931369598 -116.616164748792,53.4403785787812 -116.615672622934,53.4401779315023 -116.61373477361,53.439702619939 -116.611906248357,53.4392990021232 -116.610938837356,53.4390086670129 -116.61054149454,53.4387760757884 -116.610361196374,53.4384870170962 -116.610155882823,53.4377997285266 -116.609924007885,53.4374637743865 -116.609526233877,53.4372192878795 -116.608316174443,53.4365693271387 -116.607953453596,53.4364611853428 -116.607475515729,53.4364676187818 -116.605595366094,53.4373316857591 -116.604483063126,53.4374239684669 -116.601754323551,53.4369192585373 -116.600937833111,53.4369302057538 -116.599474439784,53.4372234570719 -116.598590027726,53.4372828884873 -116.596611123596,53.4379101839885 -116.595982913752,53.4378947848195 -116.59425993246,53.4373764604229 -116.593783647493,53.4368950196765 -116.592889911821,53.4356398585735 -116.591752424584,53.4345247615524 -116.591353811549,53.4337210430977 -116.591167405738,53.4329977784876 -116.591255600536,53.43242552327 -116.591106402045,53.4318980718246 -116.590917421662,53.4316388444085 -116.590599992075,53.4314075010768 -116.590147057916,53.4310149662221 -116.588788896834,53.4290521069728 -116.587639894094,53.4279587559608 -116.587072691535,53.4274442444788 -116.586685781752,53.4271137810295 -116.586594724024,53.4269476697143 -116.593276131697,53.424111083639 -116.594934679528,53.4232048580595 -116.603713370421,53.4195190381511 -116.604173430915,53.4195585160747 -116.605178605294,53.4191360379671</coordinates></LineString></MultiGeometry>
  </Placemark>
  <Placemark>
	<Style><LineStyle><color>ff0000ff</color></LineStyle><PolyStyle><fill>0</fill></PolyStyle></Style>
	<ExtendedData><SchemaData schemaUrl="#TOU_Edson_Sept2026">
		<SimpleData name="OBJECTID">42645680</SimpleData>
		<SimpleData name="LIC_LI_NO">44829-3</SimpleData>
		<SimpleData name="COMP_NAME">Tourmaline Oil Corp.</SimpleData>
		<SimpleData name="SEG_LENGTH">2.98</SimpleData>
		<SimpleData name="SEG_STATUS">Operating</SimpleData>
		<SimpleData name="FROM_FAC">Pipeline</SimpleData>
		<SimpleData name="FROM_LOC">09-21-052-15W5</SimpleData>
		<SimpleData name="TO_FAC">Pipeline</SimpleData>
		<SimpleData name="TO_LOC">14-10-052-15W5</SimpleData>
		<SimpleData name="OUT_DIAMET">114.3</SimpleData>
		<SimpleData name="PIP_MATERL">Steel</SimpleData>
		<SimpleData name="SUBSTANCE1">Natural Gas</SimpleData>
		<SimpleData name="GEOM_SRCE">Mapping</SimpleData>
		<SimpleData name="SHAPE_LEN">2918.3322349117157</SimpleData>
	</SchemaData></ExtendedData>
      <MultiGeometry><LineString><coordinates>-116.139430952924,53.5045723415647 -116.139152972852,53.5045778617532 -116.137874701644,53.5045884367699 -116.137653358555,53.5034228652436 -116.137193500181,53.5007700885592 -116.137167843398,53.4983212327086 -116.137072723488,53.4967263499687 -116.136120322437,53.4946344691958 -116.13500487267,53.4918976865791 -116.133319251413,53.4880971841118 -116.132827494762,53.4866091342755 -116.132332748518,53.4863818361022 -116.132129686144,53.4858721991173 -116.132303771562,53.4856683051926 -116.13120702472,53.4830554573153 -116.129741691031,53.4800006524432</coordinates></LineString></MultiGeometry>
  </Placemark>
  <Placemark>
	<Style><LineStyle><color>ff0000ff</color></LineStyle><PolyStyle><fill>0</fill></PolyStyle></Style>
	<ExtendedData><SchemaData schemaUrl="#TOU_Edson_Sept2026">
		<SimpleData name="OBJECTID">42645682</SimpleData>
		<SimpleData name="LIC_LI_NO">44829-1</SimpleData>
		<SimpleData name="COMP_NAME">Tourmaline Oil Corp.</SimpleData>
		<SimpleData name="SEG_LENGTH">5.74</SimpleData>
		<SimpleData name="SEG_STATUS">Operating</SimpleData>
		<SimpleData name="FROM_FAC">Compressor Station</SimpleData>
		<SimpleData name="FROM_LOC">16-10-052-15W5</SimpleData>
		<SimpleData name="TO_FAC">Pipeline</SimpleData>
		<SimpleData name="TO_LOC">09-18-052-15W5</SimpleData>
		<SimpleData name="OUT_DIAMET">60.3</SimpleData>
		<SimpleData name="PIP_MATERL">Polyethylene</SimpleData>
		<SimpleData name="SUBSTANCE1">Natural Gas</SimpleData>
		<SimpleData name="GEOM_SRCE">Mapping</SimpleData>
		<SimpleData name="SHAPE_LEN">5739.584672393577</SimpleData>
	</SchemaData></ExtendedData>
      <MultiGeometry><LineString><coordinates>-116.193044573121,53.4932687790288 -116.1921493705,53.4945088493926 -116.178156696001,53.4950165485414 -116.175283485769,53.4951206620599 -116.174168798672,53.4951610605351 -116.172328982495,53.4951903648496 -116.171832173719,53.4949939460364 -116.170165633577,53.4949905819788 -116.169147249472,53.4949177958931 -116.166466486221,53.4947261507249 -116.164464033655,53.4941433926427 -116.163088849499,53.4933416037513 -116.161196759457,53.4929553071132 -116.144140526209,53.4894703433015 -116.142521855492,53.4879623570596 -116.14249664607,53.4879388571267 -116.142458836878,53.4879233911097 -116.140996225085,53.4873212666124 -116.138648911078,53.4872433842763 -116.134022377159,53.4866819095003 -116.133925708553,53.4863892486865 -116.133429323782,53.4855286303344 -116.132341237597,53.4829426463941 -116.130889101059,53.4798991132853 -116.130101024332,53.4798668362296 -116.121527755687,53.4798948269288 -116.120461321595,53.48013294038</coordinates></LineString></MultiGeometry>
  </Placemark>
  <Placemark>
	<Style><LineStyle><color>ff0000ff</color></LineStyle><PolyStyle><fill>0</fill></PolyStyle></Style>
	<ExtendedData><SchemaData schemaUrl="#TOU_Edson_Sept2026">
		<SimpleData name="OBJECTID">42645683</SimpleData>
		<SimpleData name="LIC_LI_NO">48560-2</SimpleData>
		<SimpleData name="COMP_NAME">Tourmaline Oil Corp.</SimpleData>
		<SimpleData name="SEG_LENGTH">2.5</SimpleData>
		<SimpleData name="SEG_STATUS">Operating</SimpleData>
		<SimpleData name="FROM_FAC">Well</SimpleData>
		<SimpleData name="FROM_LOC">16-35-050-18W5</SimpleData>
		<SimpleData name="TO_FAC">Pipeline</SimpleData>
		<SimpleData name="TO_LOC">01-36-050-18W5</SimpleData>
		<SimpleData name="OUT_DIAMET">114.3</SimpleData>
		<SimpleData name="PIP_MATERL">Steel</SimpleData>
		<SimpleData name="SUBSTANCE1">Natural Gas</SimpleData>
		<SimpleData name="GEOM_SRCE">Mapping</SimpleData>
		<SimpleData name="SHAPE_LEN">2773.768579463063</SimpleData>
	</SchemaData></ExtendedData>
      <MultiGeometry><LineString><coordinates>-116.517819693295,53.3649105456526 -116.517192772533,53.364377839679 -116.514850251038,53.3630764717236 -116.514025490707,53.3615880095864 -116.513219693813,53.3608351866611 -116.512716121621,53.3603637672818 -116.512729288228,53.360106613253 -116.512877848915,53.3549620894223 -116.512355927735,53.3547827832559 -116.494410913921,53.3550492825724 -116.493599000397,53.3555090001239 -116.493207082507,53.3533379364142</coordinates></LineString></MultiGeometry>
  </Placemark>
  <Placemark>
	<Style><LineStyle><color>ff0000ff</color></LineStyle><PolyStyle><fill>0</fill></PolyStyle></Style>
	<ExtendedData><SchemaData schemaUrl="#TOU_Edson_Sept2026">
		<SimpleData name="OBJECTID">42645719</SimpleData>
		<SimpleData name="LIC_LI_NO">42010-6</SimpleData>
		<SimpleData name="COMP_NAME">Tourmaline Oil Corp.</SimpleData>
		<SimpleData name="SEG_LENGTH">0.58</SimpleData>
		<SimpleData name="SEG_STATUS">Operating</SimpleData>
		<SimpleData name="FROM_FAC">Pipeline</SimpleData>
		<SimpleData name="FROM_LOC">10-19-052-14W5</SimpleData>
		<SimpleData name="TO_FAC">Well</SimpleData>
		<SimpleData name="TO_LOC">15-19-052-14W5</SimpleData>
		<SimpleData name="OUT_DIAMET">60.3</SimpleData>
		<SimpleData name="PIP_MATERL">Steel</SimpleData>
		<SimpleData name="SUBSTANCE1">Fuel Gas</SimpleData>
		<SimpleData name="GEOM_SRCE">Mapping</SimpleData>
		<SimpleData name="SHAPE_LEN">558.6950942402585</SimpleData>
	</SchemaData></ExtendedData>
      <MultiGeometry><LineString><coordinates>-116.047186170569,53.5071322054052 -116.047632193989,53.5076236582919 -116.048851800718,53.5072055608672 -116.050982489588,53.5095577102386 -116.052440877502,53.509948110099</coordinates></LineString></MultiGeometry>
  </Placemark>
  <Placemark>
	<Style><LineStyle><color>ff0000ff</color></LineStyle><PolyStyle><fill>0</fill></PolyStyle></Style>
	<ExtendedData><SchemaData schemaUrl="#TOU_Edson_Sept2026">
		<SimpleData name="OBJECTID">42645961</SimpleData>
		<SimpleData name="LIC_LI_NO">44829-2</SimpleData>
		<SimpleData name="COMP_NAME">Tourmaline Oil Corp.</SimpleData>
		<SimpleData name="SEG_LENGTH">0.64</SimpleData>
		<SimpleData name="SEG_STATUS">Operating</SimpleData>
		<SimpleData name="FROM_FAC">Pipeline</SimpleData>
		<SimpleData name="FROM_LOC">14-10-052-15W5</SimpleData>
		<SimpleData name="TO_FAC">Compressor Station</SimpleData>
		<SimpleData name="TO_LOC">16-10-052-15W5</SimpleData>
		<SimpleData name="OUT_DIAMET">114.3</SimpleData>
		<SimpleData name="PIP_MATERL">Steel</SimpleData>
		<SimpleData name="SUBSTANCE1">Natural Gas</SimpleData>
		<SimpleData name="GEOM_SRCE">Mapping</SimpleData>
		<SimpleData name="SHAPE_LEN">702.0830277875847</SimpleData>
	</SchemaData></ExtendedData>
      <MultiGeometry><LineString><coordinates>-116.130955278149,53.4800379058953 -116.129895598491,53.4800000611862 -116.121570065438,53.4800317030476 -116.120453401149,53.4802864820127</coordinates></LineString></MultiGeometry>
  </Placemark>
  <Placemark>
	<Style><LineStyle><color>ff0000ff</color></LineStyle><PolyStyle><fill>0</fill></PolyStyle></Style>
	<ExtendedData><SchemaData schemaUrl="#TOU_Edson_Sept2026">
		<SimpleData name="OBJECTID">42646047</SimpleData>
		<SimpleData name="LIC_LI_NO">47425-1</SimpleData>
		<SimpleData name="COMP_NAME">Tourmaline Oil Corp.</SimpleData>
		<SimpleData name="SEG_LENGTH">6.95</SimpleData>
		<SimpleData name="SEG_STATUS">Operating</SimpleData>
		<SimpleData name="FROM_FAC">Pipeline</SimpleData>
		<SimpleData name="FROM_LOC">14-10-052-15W5</SimpleData>
		<SimpleData name="TO_FAC">Pipeline</SimpleData>
		<SimpleData name="TO_LOC">01-34-052-15W5</SimpleData>
		<SimpleData name="OUT_DIAMET">60.3</SimpleData>
		<SimpleData name="PIP_MATERL">Polyethylene</SimpleData>
		<SimpleData name="SUBSTANCE1">Fuel Gas</SimpleData>
		<SimpleData name="GEOM_SRCE">Mapping</SimpleData>
		<SimpleData name="SHAPE_LEN">6842.094496664414</SimpleData>
	</SchemaData></ExtendedData>
      <MultiGeometry><LineString><coordinates>-116.130400226203,53.4798791505571 -116.131851433884,53.4829044124481 -116.132988427945,53.4856067066425 -116.133480952656,53.4864606457898 -116.13399006925,53.4880022668824 -116.135672384707,53.4917950006582 -116.136768043689,53.4944829851254 -116.137758890838,53.496664373105 -116.137857250073,53.4983152345221 -116.137882873618,53.5007482131367 -116.138365506081,53.5036128147975 -116.13966529194,53.5039154633769 -116.139659805929,53.5051153671722 -116.139162229991,53.5051259687684 -116.128059401626,53.505217183098 -116.122033313155,53.5059393388549 -116.121683968223,53.506092790286 -116.115854351187,53.5061180613868 -116.115679088078,53.5269720858588</coordinates></LineString></MultiGeometry>
  </Placemark>
  <Placemark>
	<Style><LineStyle><color>ff0000ff</color></LineStyle><PolyStyle><fill>0</fill></PolyStyle></Style>
	<ExtendedData><SchemaData schemaUrl="#TOU_Edson_Sept2026">
		<SimpleData name="OBJECTID">42646274</SimpleData>
		<SimpleData name="LIC_LI_NO">46717-1</SimpleData>
		<SimpleData name="COMP_NAME">Tourmaline Oil Corp.</SimpleData>
		<SimpleData name="SEG_LENGTH">0.73</SimpleData>
		<SimpleData name="SEG_STATUS">Operating</SimpleData>
		<SimpleData name="FROM_FAC">Well</SimpleData>
		<SimpleData name="FROM_LOC">06-10-052-15W5</SimpleData>
		<SimpleData name="TO_FAC">Pipeline</SimpleData>
		<SimpleData name="TO_LOC">14-10-052-15W5</SimpleData>
		<SimpleData name="OUT_DIAMET">114.3</SimpleData>
		<SimpleData name="PIP_MATERL">Steel</SimpleData>
		<SimpleData name="SUBSTANCE1">Sour Natural Gas</SimpleData>
		<SimpleData name="GEOM_SRCE">Mapping</SimpleData>
		<SimpleData name="SHAPE_LEN">941.6832261727554</SimpleData>
	</SchemaData></ExtendedData>
      <MultiGeometry><LineString><coordinates>-116.131327283983,53.4803200305303 -116.131065863456,53.4797689961376 -116.130183327978,53.4778334011839 -116.13463503537,53.4747525038621 -116.134083685381,53.4738494630818 -116.132747878875,53.4735260716957</coordinates></LineString></MultiGeometry>
  </Placemark>
  <Placemark>
	<Style><LineStyle><color>ff0000ff</color></LineStyle><PolyStyle><fill>0</fill></PolyStyle></Style>
	<ExtendedData><SchemaData schemaUrl="#TOU_Edson_Sept2026">
		<SimpleData name="OBJECTID">42646291</SimpleData>
		<SimpleData name="LIC_LI_NO">48560-1</SimpleData>
		<SimpleData name="COMP_NAME">Tourmaline Oil Corp.</SimpleData>
		<SimpleData name="SEG_LENGTH">0.2</SimpleData>
		<SimpleData name="SEG_STATUS">Operating</SimpleData>
		<SimpleData name="FROM_FAC">Well</SimpleData>
		<SimpleData name="FROM_LOC">01-36-050-18W5</SimpleData>
		<SimpleData name="TO_FAC">Pipeline</SimpleData>
		<SimpleData name="TO_LOC">01-36-050-18W5</SimpleData>
		<SimpleData name="OUT_DIAMET">114.3</SimpleData>
		<SimpleData name="PIP_MATERL">Steel</SimpleData>
		<SimpleData name="SUBSTANCE1">Natural Gas</SimpleData>
		<SimpleData name="GEOM_SRCE">Mapping</SimpleData>
		<SimpleData name="SHAPE_LEN">160.0400834940226</SimpleData>
	</SchemaData></ExtendedData>
      <MultiGeometry><LineString><coordinates>-116.491678365489,53.3552976081412 -116.492009029955,53.3550488305866 -116.49272217012,53.3550539713224 -116.493599000397,53.3555090001239</coordinates></LineString></MultiGeometry>
  </Placemark>
  <Placemark>
	<Style><LineStyle><color>ff0000ff</color></LineStyle><PolyStyle><fill>0</fill></PolyStyle></Style>
	<ExtendedData><SchemaData schemaUrl="#TOU_Edson_Sept2026">
		<SimpleData name="OBJECTID">42646414</SimpleData>
		<SimpleData name="LIC_LI_NO">57185-1</SimpleData>
		<SimpleData name="COMP_NAME">Tourmaline Oil Corp.</SimpleData>
		<SimpleData name="SEG_LENGTH">1.59</SimpleData>
		<SimpleData name="SEG_STATUS">Operating</SimpleData>
		<SimpleData name="FROM_FAC">Well</SimpleData>
		<SimpleData name="FROM_LOC">15-26-053-16W5</SimpleData>
		<SimpleData name="TO_FAC">Pipeline</SimpleData>
		<SimpleData name="TO_LOC">03-36-053-16W5</SimpleData>
		<SimpleData name="OUT_DIAMET">114.3</SimpleData>
		<SimpleData name="PIP_MATERL">Steel</SimpleData>
		<SimpleData name="SUBSTANCE1">Natural Gas</SimpleData>
		<SimpleData name="GEOM_SRCE">Mapping</SimpleData>
		<SimpleData name="SHAPE_LEN">1611.4890411569063</SimpleData>
	</SchemaData></ExtendedData>
      <MultiGeometry><LineString><coordinates>-116.248700196012,53.613208013565 -116.247690974723,53.6132050777606 -116.247006897753,53.6134787616383 -116.239762112547,53.6135206294674 -116.238490641586,53.613835012292 -116.238024334207,53.6139698854735 -116.237481554146,53.6139684583648 -116.23706817191,53.6139572493244 -116.225756019015,53.6139726437687 -116.225417399967,53.6141197540064 -116.225397044143,53.6143577252703 -116.225093282423,53.614353824471</coordinates></LineString></MultiGeometry>
  </Placemark>
  <Placemark>
	<Style><LineStyle><color>ff0000ff</color></LineStyle><PolyStyle><fill>0</fill></PolyStyle></Style>
	<ExtendedData><SchemaData schemaUrl="#TOU_Edson_Sept2026">
		<SimpleData name="OBJECTID">42646449</SimpleData>
		<SimpleData name="LIC_LI_NO">40477-4</SimpleData>
		<SimpleData name="COMP_NAME">Tourmaline Oil Corp.</SimpleData>
		<SimpleData name="SEG_LENGTH">5.19</SimpleData>
		<SimpleData name="SEG_STATUS">Operating</SimpleData>
		<SimpleData name="FROM_FAC">Well</SimpleData>
		<SimpleData name="FROM_LOC">01-26-052-15W5</SimpleData>
		<SimpleData name="TO_FAC">Compressor Station</SimpleData>
		<SimpleData name="TO_LOC">16-10-052-15W5</SimpleData>
		<SimpleData name="OUT_DIAMET">168.3</SimpleData>
		<SimpleData name="PIP_MATERL">Steel</SimpleData>
		<SimpleData name="SUBSTANCE1">Natural Gas</SimpleData>
		<SimpleData name="GEOM_SRCE">Mapping</SimpleData>
		<SimpleData name="SHAPE_LEN">5146.63209483544</SimpleData>
	</SchemaData></ExtendedData>
      <MultiGeometry><LineString><coordinates>-116.091135231647,53.5125240213882 -116.090425844644,53.5120843361701 -116.090406217353,53.5118089655532 -116.091789237513,53.5095033652817 -116.090277553451,53.5079056924183 -116.090287842755,53.5075747200651 -116.091348913904,53.5067758788519 -116.093342807322,53.5059681623632 -116.095001725259,53.5050438850003 -116.097709887125,53.5050439090426 -116.104713348015,53.4998002537866 -116.108066361017,53.4978380315839 -116.109201302428,53.4973466512017 -116.111342671368,53.4939400980097 -116.109204928927,53.4881662805784 -116.109143654842,53.4860749118554 -116.107985641999,53.4859593610204 -116.108439151978,53.4845216175966 -116.112986782374,53.4844167040502 -116.112991975535,53.4839682232555 -116.113379396459,53.4837226135098 -116.113343016487,53.4800527648205 -116.1134755665,53.4799508088063 -116.120025521003,53.4799080714375</coordinates></LineString></MultiGeometry>
  </Placemark>
  <Placemark>
	<Style><LineStyle><color>ff0000ff</color></LineStyle><PolyStyle><fill>0</fill></PolyStyle></Style>
	<ExtendedData><SchemaData schemaUrl="#TOU_Edson_Sept2026">
		<SimpleData name="OBJECTID">42646453</SimpleData>
		<SimpleData name="LIC_LI_NO">61813-8</SimpleData>
		<SimpleData name="COMP_NAME">Tourmaline Oil Corp.</SimpleData>
		<SimpleData name="SEG_LENGTH">0.19</SimpleData>
		<SimpleData name="SEG_STATUS">Operating</SimpleData>
		<SimpleData name="FROM_FAC">Well</SimpleData>
		<SimpleData name="FROM_LOC">14-10-052-15W5</SimpleData>
		<SimpleData name="TO_FAC">Pipeline</SimpleData>
		<SimpleData name="TO_LOC">11-10-052-15W5</SimpleData>
		<SimpleData name="OUT_DIAMET">114.3</SimpleData>
		<SimpleData name="PIP_MATERL">Steel</SimpleData>
		<SimpleData name="SUBSTANCE1">Sour Natural Gas</SimpleData>
		<SimpleData name="GEOM_SRCE">Mapping</SimpleData>
		<SimpleData name="SHAPE_LEN">166.70398466209525</SimpleData>
	</SchemaData></ExtendedData>
      <MultiGeometry><LineString><coordinates>-116.131234960528,53.4797162622134 -116.130326922778,53.4793179845994 -116.129977348775,53.4785181067867</coordinates></LineString></MultiGeometry>
  </Placemark>
  <Placemark>
	<Style><LineStyle><color>ff0000ff</color></LineStyle><PolyStyle><fill>0</fill></PolyStyle></Style>
	<ExtendedData><SchemaData schemaUrl="#TOU_Edson_Sept2026">
		<SimpleData name="OBJECTID">42646503</SimpleData>
		<SimpleData name="LIC_LI_NO">56653-1</SimpleData>
		<SimpleData name="COMP_NAME">Tourmaline Oil Corp.</SimpleData>
		<SimpleData name="SEG_LENGTH">0.85</SimpleData>
		<SimpleData name="SEG_STATUS">Operating</SimpleData>
		<SimpleData name="FROM_FAC">Well</SimpleData>
		<SimpleData name="FROM_LOC">01-26-052-15W5</SimpleData>
		<SimpleData name="TO_FAC">Pipeline</SimpleData>
		<SimpleData name="TO_LOC">09-23-052-15W5</SimpleData>
		<SimpleData name="OUT_DIAMET">114.3</SimpleData>
		<SimpleData name="PIP_MATERL">Steel</SimpleData>
		<SimpleData name="SUBSTANCE1">Natural Gas</SimpleData>
		<SimpleData name="GEOM_SRCE">Mapping</SimpleData>
		<SimpleData name="SHAPE_LEN">848.1305236803728</SimpleData>
	</SchemaData></ExtendedData>
      <MultiGeometry><LineString><coordinates>-116.093437244513,53.512870712224 -116.093420505306,53.5116003031198 -116.090770305436,53.5116102380249 -116.092041036186,53.5094905477725 -116.090621475255,53.5079902532472 -116.091917042625,53.5077724429121</coordinates></LineString></MultiGeometry>
  </Placemark>
  <Placemark>
	<Style><LineStyle><color>ff0000ff</color></LineStyle><PolyStyle><fill>0</fill></PolyStyle></Style>
	<ExtendedData><SchemaData schemaUrl="#TOU_Edson_Sept2026">
		<SimpleData name="OBJECTID">42646805</SimpleData>
		<SimpleData name="LIC_LI_NO">42009-1</SimpleData>
		<SimpleData name="COMP_NAME">Tourmaline Oil Corp.</SimpleData>
		<SimpleData name="SEG_LENGTH">1.28</SimpleData>
		<SimpleData name="SEG_STATUS">Operating</SimpleData>
		<SimpleData name="FROM_FAC">Well</SimpleData>
		<SimpleData name="FROM_LOC">03-19-052-14W5</SimpleData>
		<SimpleData name="TO_FAC">Compressor Station</SimpleData>
		<SimpleData name="TO_LOC">09-24-052-15W5</SimpleData>
		<SimpleData name="OUT_DIAMET">114.3</SimpleData>
		<SimpleData name="PIP_MATERL">Steel</SimpleData>
		<SimpleData name="SUBSTANCE1">Natural Gas</SimpleData>
		<SimpleData name="GEOM_SRCE">Mapping</SimpleData>
		<SimpleData name="SHAPE_LEN">1237.2749287286217</SimpleData>
	</SchemaData></ExtendedData>
      <MultiGeometry><LineString><coordinates>-116.058213128124,53.5006322705379 -116.064040981768,53.5030037031967 -116.065407843931,53.5030045997529 -116.06637235517,53.5030082004041 -116.068456871532,53.5064078650902 -116.069611360284,53.5073917478778 -116.070799110058,53.5073861516586</coordinates></LineString></MultiGeometry>
  </Placemark>
  <Placemark>
	<Style><LineStyle><color>ff0000ff</color></LineStyle><PolyStyle><fill>0</fill></PolyStyle></Style>
	<ExtendedData><SchemaData schemaUrl="#TOU_Edson_Sept2026">
		<SimpleData name="OBJECTID">42646868</SimpleData>
		<SimpleData name="LIC_LI_NO">55018-12</SimpleData>
		<SimpleData name="COMP_NAME">Tourmaline Oil Corp.</SimpleData>
		<SimpleData name="SEG_LENGTH">1.9</SimpleData>
		<SimpleData name="SEG_STATUS">Operating</SimpleData>
		<SimpleData name="FROM_FAC">Well</SimpleData>
		<SimpleData name="FROM_LOC">14-15-050-17W5</SimpleData>
		<SimpleData name="TO_FAC">Pipeline</SimpleData>
		<SimpleData name="TO_LOC">06-21-050-17W5</SimpleData>
		<SimpleData name="OUT_DIAMET">114.3</SimpleData>
		<SimpleData name="PIP_MATERL">Steel</SimpleData>
		<SimpleData name="SUBSTANCE1">Natural Gas</SimpleData>
		<SimpleData name="GEOM_SRCE">Mapping</SimpleData>
		<SimpleData name="SHAPE_LEN">1897.238371777911</SimpleData>
	</SchemaData></ExtendedData>
      <MultiGeometry><LineString><coordinates>-116.403824282342,53.3224055239395 -116.404878031323,53.3231749379842 -116.421945833075,53.3267553938374 -116.429017760861,53.3282108517474 -116.430217424092,53.3284573180354</coordinates></LineString></MultiGeometry>
  </Placemark>
  <Placemark>
	<Style><LineStyle><color>ff0000ff</color></LineStyle><PolyStyle><fill>0</fill></PolyStyle></Style>
	<ExtendedData><SchemaData schemaUrl="#TOU_Edson_Sept2026">
		<SimpleData name="OBJECTID">42646952</SimpleData>
		<SimpleData name="LIC_LI_NO">53686-6</SimpleData>
		<SimpleData name="COMP_NAME">Tourmaline Oil Corp.</SimpleData>
		<SimpleData name="SEG_LENGTH">2.96</SimpleData>
		<SimpleData name="SEG_STATUS">Operating</SimpleData>
		<SimpleData name="FROM_FAC">Well</SimpleData>
		<SimpleData name="FROM_LOC">09-07-051-18W5</SimpleData>
		<SimpleData name="TO_FAC">Pipeline</SimpleData>
		<SimpleData name="TO_LOC">04-20-051-18W5</SimpleData>
		<SimpleData name="OUT_DIAMET">219.1</SimpleData>
		<SimpleData name="PIP_MATERL">Steel</SimpleData>
		<SimpleData name="SUBSTANCE1">Natural Gas</SimpleData>
		<SimpleData name="GEOM_SRCE">Mapping</SimpleData>
		<SimpleData name="SHAPE_LEN">2954.7473236735773</SimpleData>
	</SchemaData></ExtendedData>
      <MultiGeometry><LineString><coordinates>-116.631469916718,53.3884495104387 -116.630466033219,53.3884646639351 -116.629119768526,53.3884605354985 -116.626244658357,53.3901581163408 -116.625994028393,53.3902299335362 -116.623563267184,53.3902400334809 -116.623563842106,53.3919602634356 -116.626199079636,53.3939551414187 -116.626227384653,53.3977279254533 -116.626447285048,53.3978452060737 -116.626436069581,53.3983645149488 -116.626231400122,53.398600889701 -116.626233500383,53.3993462789502 -116.626270753518,53.4097050241951 -116.624965993687,53.4102517869403 -116.624876101971,53.4103018500373</coordinates></LineString></MultiGeometry>
  </Placemark>
  <Placemark>
	<Style><LineStyle><color>ff0000ff</color></LineStyle><PolyStyle><fill>0</fill></PolyStyle></Style>
	<ExtendedData><SchemaData schemaUrl="#TOU_Edson_Sept2026">
		<SimpleData name="OBJECTID">42647100</SimpleData>
		<SimpleData name="LIC_LI_NO">56657-1</SimpleData>
		<SimpleData name="COMP_NAME">Tourmaline Oil Corp.</SimpleData>
		<SimpleData name="SEG_LENGTH">4.76</SimpleData>
		<SimpleData name="SEG_STATUS">Operating</SimpleData>
		<SimpleData name="FROM_FAC">Battery</SimpleData>
		<SimpleData name="FROM_LOC">01-20-051-16W5</SimpleData>
		<SimpleData name="TO_FAC">Battery</SimpleData>
		<SimpleData name="TO_LOC">04-32-051-16W5</SimpleData>
		<SimpleData name="OUT_DIAMET">219.1</SimpleData>
		<SimpleData name="PIP_MATERL">Steel</SimpleData>
		<SimpleData name="SUBSTANCE1">Natural Gas</SimpleData>
		<SimpleData name="GEOM_SRCE">Mapping</SimpleData>
		<SimpleData name="SHAPE_LEN">4803.362017104685</SimpleData>
	</SchemaData></ExtendedData>
      <MultiGeometry><LineString><coordinates>-116.3135456696,53.4120245963938 -116.314232596925,53.4114797781793 -116.315245765411,53.4108093771937 -116.316535291611,53.4107899758 -116.325161439586,53.4140044817361 -116.328308596454,53.413522181908 -116.334151579523,53.4135403216592 -116.334507379749,53.4137742888992 -116.335313411104,53.4143958281697 -116.339486875218,53.4172995802493 -116.340321225963,53.4178672293189 -116.340296974145,53.4180459589354 -116.335176294954,53.4211430424714 -116.335362861564,53.4381639540195 -116.335359544984,53.4393666273333 -116.334638538272,53.4399187663611 -116.334447624715,53.4400649621801</coordinates></LineString></MultiGeometry>
  </Placemark>
  <Placemark>
	<Style><LineStyle><color>ff0000ff</color></LineStyle><PolyStyle><fill>0</fill></PolyStyle></Style>
	<ExtendedData><SchemaData schemaUrl="#TOU_Edson_Sept2026">
		<SimpleData name="OBJECTID">42647101</SimpleData>
		<SimpleData name="LIC_LI_NO">56657-2</SimpleData>
		<SimpleData name="COMP_NAME">Tourmaline Oil Corp.</SimpleData>
		<SimpleData name="SEG_LENGTH">6.82</SimpleData>
		<SimpleData name="SEG_STATUS">Operating</SimpleData>
		<SimpleData name="FROM_FAC">Pipeline</SimpleData>
		<SimpleData name="FROM_LOC">04-32-051-16W5</SimpleData>
		<SimpleData name="TO_FAC">Gas Processing Plant</SimpleData>
		<SimpleData name="TO_LOC">10-03-052-17W5</SimpleData>
		<SimpleData name="OUT_DIAMET">323.9</SimpleData>
		<SimpleData name="PIP_MATERL">Steel</SimpleData>
		<SimpleData name="SUBSTANCE1">Natural Gas</SimpleData>
		<SimpleData name="GEOM_SRCE">Mapping</SimpleData>
		<SimpleData name="SHAPE_LEN">6811.705850701164</SimpleData>
	</SchemaData></ExtendedData>
      <MultiGeometry><LineString><coordinates>-116.334251108365,53.4397699876601 -116.334900819386,53.4392722111061 -116.334904640819,53.4378917613867 -116.359087968292,53.4377904917844 -116.399437923794,53.4623043306216 -116.40853141221,53.4623878202555 -116.408814898056,53.4625468196617 -116.410358881942,53.4625742302862 -116.411817153974,53.463788970659 -116.415758338908,53.4637879604319</coordinates></LineString></MultiGeometry>
  </Placemark>
  <Placemark>
	<Style><LineStyle><color>ff0000ff</color></LineStyle><PolyStyle><fill>0</fill></PolyStyle></Style>
	<ExtendedData><SchemaData schemaUrl="#TOU_Edson_Sept2026">
		<SimpleData name="OBJECTID">42647125</SimpleData>
		<SimpleData name="LIC_LI_NO">53686-8</SimpleData>
		<SimpleData name="COMP_NAME">Tourmaline Oil Corp.</SimpleData>
		<SimpleData name="SEG_LENGTH">2.86</SimpleData>
		<SimpleData name="SEG_STATUS">Operating</SimpleData>
		<SimpleData name="FROM_FAC">Well</SimpleData>
		<SimpleData name="FROM_LOC">08-13-051-19W5</SimpleData>
		<SimpleData name="TO_FAC">Pipeline</SimpleData>
		<SimpleData name="TO_LOC">09-07-051-18W5</SimpleData>
		<SimpleData name="OUT_DIAMET">168.3</SimpleData>
		<SimpleData name="PIP_MATERL">Steel</SimpleData>
		<SimpleData name="SUBSTANCE1">Natural Gas</SimpleData>
		<SimpleData name="GEOM_SRCE">Mapping</SimpleData>
		<SimpleData name="SHAPE_LEN">2821.0850644138113</SimpleData>
	</SchemaData></ExtendedData>
      <MultiGeometry><LineString><coordinates>-116.657175372965,53.4021240790272 -116.656264955577,53.4015889388284 -116.656266502476,53.4000382936036 -116.655537004889,53.3996292708726 -116.653699747113,53.3996129756965 -116.653209491547,53.3993332406878 -116.652704129013,53.3987626018985 -116.652420299112,53.3986226212243 -116.651219336019,53.3985811308396 -116.649595591617,53.3965649117411 -116.649539531353,53.3960274224443 -116.649528977945,53.3954271556186 -116.648800543065,53.3948693235653 -116.648732650192,53.3946701809247 -116.647991179858,53.3941231846997 -116.647587033202,53.3941563529543 -116.647085429218,53.3929964102188 -116.637138667945,53.3930708967657 -116.637095619778,53.3896640751248 -116.631476136653,53.3884456182635 -116.631469916718,53.3884495104387</coordinates></LineString></MultiGeometry>
  </Placemark>
  <Placemark>
	<Style><LineStyle><color>ff0000ff</color></LineStyle><PolyStyle><fill>0</fill></PolyStyle></Style>
	<ExtendedData><SchemaData schemaUrl="#TOU_Edson_Sept2026">
		<SimpleData name="OBJECTID">42647181</SimpleData>
		<SimpleData name="LIC_LI_NO">42010-4</SimpleData>
		<SimpleData name="COMP_NAME">Tourmaline Oil Corp.</SimpleData>
		<SimpleData name="SEG_LENGTH">1.51</SimpleData>
		<SimpleData name="SEG_STATUS">Operating</SimpleData>
		<SimpleData name="FROM_FAC">Pipeline</SimpleData>
		<SimpleData name="FROM_LOC">03-19-052-14W5</SimpleData>
		<SimpleData name="TO_FAC">Well</SimpleData>
		<SimpleData name="TO_LOC">10-19-052-14W5</SimpleData>
		<SimpleData name="OUT_DIAMET">60.3</SimpleData>
		<SimpleData name="PIP_MATERL">Steel</SimpleData>
		<SimpleData name="SUBSTANCE1">Fuel Gas</SimpleData>
		<SimpleData name="GEOM_SRCE">Mapping</SimpleData>
		<SimpleData name="SHAPE_LEN">1516.8946570962385</SimpleData>
	</SchemaData></ExtendedData>
      <MultiGeometry><LineString><coordinates>-116.057579133129,53.5003188824439 -116.057590288409,53.5018470191744 -116.053366322806,53.5043520292472 -116.044650818512,53.5043435790177 -116.044670545516,53.5051515743665 -116.045558042389,53.5054663954434 -116.04638610852,53.50615102209 -116.046602666283,53.5065259876863 -116.047186170569,53.5071322054052</coordinates></LineString></MultiGeometry>
  </Placemark>
  <Placemark>
	<Style><LineStyle><color>ff0000ff</color></LineStyle><PolyStyle><fill>0</fill></PolyStyle></Style>
	<ExtendedData><SchemaData schemaUrl="#TOU_Edson_Sept2026">
		<SimpleData name="OBJECTID">42647241</SimpleData>
		<SimpleData name="LIC_LI_NO">56657-3</SimpleData>
		<SimpleData name="COMP_NAME">Tourmaline Oil Corp.</SimpleData>
		<SimpleData name="SEG_LENGTH">6.82</SimpleData>
		<SimpleData name="SEG_STATUS">Operating</SimpleData>
		<SimpleData name="FROM_FAC">Pipeline</SimpleData>
		<SimpleData name="FROM_LOC">04-32-051-16W5</SimpleData>
		<SimpleData name="TO_FAC">Gas Processing Plant</SimpleData>
		<SimpleData name="TO_LOC">10-03-052-17W5</SimpleData>
		<SimpleData name="OUT_DIAMET">219.1</SimpleData>
		<SimpleData name="PIP_MATERL">Steel</SimpleData>
		<SimpleData name="SUBSTANCE1">Natural Gas</SimpleData>
		<SimpleData name="GEOM_SRCE">Mapping</SimpleData>
		<SimpleData name="SHAPE_LEN">6795.1622274457495</SimpleData>
	</SchemaData></ExtendedData>
      <MultiGeometry><LineString><coordinates>-116.334400564672,53.4398774184547 -116.335130181736,53.4393194200486 -116.335133749844,53.4380278573859 -116.358992370478,53.4379279355412 -116.399340210448,53.4624404741006 -116.408438965686,53.4625240190871 -116.408721067228,53.4626822419758 -116.410238425947,53.4627091813469 -116.411699223143,53.4639260281514 -116.415758444011,53.4639249885139</coordinates></LineString></MultiGeometry>
  </Placemark>
  <Placemark>
	<Style><LineStyle><color>ff0000ff</color></LineStyle><PolyStyle><fill>0</fill></PolyStyle></Style>
	<ExtendedData><SchemaData schemaUrl="#TOU_Edson_Sept2026">
		<SimpleData name="OBJECTID">42647415</SimpleData>
		<SimpleData name="LIC_LI_NO">47831-3</SimpleData>
		<SimpleData name="COMP_NAME">Tourmaline Oil Corp.</SimpleData>
		<SimpleData name="SEG_LENGTH">1.12</SimpleData>
		<SimpleData name="SEG_STATUS">Operating</SimpleData>
		<SimpleData name="FROM_FAC">Pipeline</SimpleData>
		<SimpleData name="FROM_LOC">10-28-053-16W5</SimpleData>
		<SimpleData name="TO_FAC">Pipeline</SimpleData>
		<SimpleData name="TO_LOC">01-33-053-16W5</SimpleData>
		<SimpleData name="OUT_DIAMET">168.3</SimpleData>
		<SimpleData name="PIP_MATERL">Steel</SimpleData>
		<SimpleData name="SUBSTANCE1">Natural Gas</SimpleData>
		<SimpleData name="GEOM_SRCE">Mapping</SimpleData>
		<SimpleData name="SHAPE_LEN">1035.9077885105194</SimpleData>
	</SchemaData></ExtendedData>
      <MultiGeometry><LineString><coordinates>-116.292847448798,53.6085017652084 -116.290839671019,53.6084880993235 -116.287065932053,53.6105796403151 -116.286719650376,53.6112167249782 -116.286753610287,53.6141040281524 -116.286865226859,53.6146145217671 -116.287219321185,53.6151080532947 -116.287299927914,53.6155494873023</coordinates></LineString></MultiGeometry>
  </Placemark>
  <Placemark>
	<Style><LineStyle><color>ff0000ff</color></LineStyle><PolyStyle><fill>0</fill></PolyStyle></Style>
	<ExtendedData><SchemaData schemaUrl="#TOU_Edson_Sept2026">
		<SimpleData name="OBJECTID">42647515</SimpleData>
		<SimpleData name="LIC_LI_NO">55137-11</SimpleData>
		<SimpleData name="COMP_NAME">Tourmaline Oil Corp.</SimpleData>
		<SimpleData name="SEG_LENGTH">2.23</SimpleData>
		<SimpleData name="SEG_STATUS">Operating</SimpleData>
		<SimpleData name="FROM_FAC">Battery</SimpleData>
		<SimpleData name="FROM_LOC">16-29-050-18W5</SimpleData>
		<SimpleData name="TO_FAC">Battery</SimpleData>
		<SimpleData name="TO_LOC">16-32-050-18W5</SimpleData>
		<SimpleData name="OUT_DIAMET">273.1</SimpleData>
		<SimpleData name="PIP_MATERL">Steel</SimpleData>
		<SimpleData name="SUBSTANCE1">Natural Gas</SimpleData>
		<SimpleData name="GEOM_SRCE">Mapping</SimpleData>
		<SimpleData name="SHAPE_LEN">2201.1570191691903</SimpleData>
	</SchemaData></ExtendedData>
      <MultiGeometry><LineString><coordinates>-116.588557992975,53.3513693222983 -116.589116100092,53.3513594796293 -116.592757188432,53.353368108074 -116.59824723241,53.3563047945088 -116.597896154627,53.3565394587651 -116.599482493181,53.3573986328738 -116.600030440351,53.3577981875406 -116.589956664483,53.3641182365421 -116.58994858773,53.364868173318 -116.589310264652,53.36518061114</coordinates></LineString></MultiGeometry>
  </Placemark>
  <Placemark>
	<Style><LineStyle><color>ff0000ff</color></LineStyle><PolyStyle><fill>0</fill></PolyStyle></Style>
	<ExtendedData><SchemaData schemaUrl="#TOU_Edson_Sept2026">
		<SimpleData name="OBJECTID">42647518</SimpleData>
		<SimpleData name="LIC_LI_NO">55018-13</SimpleData>
		<SimpleData name="COMP_NAME">Tourmaline Oil Corp.</SimpleData>
		<SimpleData name="SEG_LENGTH">0.42</SimpleData>
		<SimpleData name="SEG_STATUS">Operating</SimpleData>
		<SimpleData name="FROM_FAC">Well</SimpleData>
		<SimpleData name="FROM_LOC">14-30-050-17W5</SimpleData>
		<SimpleData name="TO_FAC">Pipeline</SimpleData>
		<SimpleData name="TO_LOC">15-30-050-17W5</SimpleData>
		<SimpleData name="OUT_DIAMET">114.3</SimpleData>
		<SimpleData name="PIP_MATERL">Steel</SimpleData>
		<SimpleData name="SUBSTANCE1">Natural Gas</SimpleData>
		<SimpleData name="GEOM_SRCE">Mapping</SimpleData>
		<SimpleData name="SHAPE_LEN">425.1547872181511</SimpleData>
	</SchemaData></ExtendedData>
      <MultiGeometry><LineString><coordinates>-116.47644052809,53.3520383482107 -116.475065690684,53.3519594712996 -116.470475980505,53.3521521460871 -116.470075553772,53.3521088934928</coordinates></LineString></MultiGeometry>
  </Placemark>
  <Placemark>
	<Style><LineStyle><color>ff0000ff</color></LineStyle><PolyStyle><fill>0</fill></PolyStyle></Style>
	<ExtendedData><SchemaData schemaUrl="#TOU_Edson_Sept2026">
		<SimpleData name="OBJECTID">42647539</SimpleData>
		<SimpleData name="LIC_LI_NO">55137-8</SimpleData>
		<SimpleData name="COMP_NAME">Tourmaline Oil Corp.</SimpleData>
		<SimpleData name="SEG_LENGTH">1.59</SimpleData>
		<SimpleData name="SEG_STATUS">Operating</SimpleData>
		<SimpleData name="FROM_FAC">Well</SimpleData>
		<SimpleData name="FROM_LOC">16-03-051-18W5</SimpleData>
		<SimpleData name="TO_FAC">Pipeline</SimpleData>
		<SimpleData name="TO_LOC">16-04-051-18W5</SimpleData>
		<SimpleData name="OUT_DIAMET">168.3</SimpleData>
		<SimpleData name="PIP_MATERL">Steel</SimpleData>
		<SimpleData name="SUBSTANCE1">Natural Gas</SimpleData>
		<SimpleData name="GEOM_SRCE">Mapping</SimpleData>
		<SimpleData name="SHAPE_LEN">1474.4419533250903</SimpleData>
	</SchemaData></ExtendedData>
      <MultiGeometry><LineString><coordinates>-116.561127161427,53.3788546732881 -116.581168562839,53.3788827948876 -116.581164259909,53.3797960586434 -116.581108489801,53.3799102571661 -116.581510903608,53.3798963952406</coordinates></LineString></MultiGeometry>
  </Placemark>
  <Placemark>
	<Style><LineStyle><color>ff0000ff</color></LineStyle><PolyStyle><fill>0</fill></PolyStyle></Style>
	<ExtendedData><SchemaData schemaUrl="#TOU_Edson_Sept2026">
		<SimpleData name="OBJECTID">42647621</SimpleData>
		<SimpleData name="LIC_LI_NO">55137-10</SimpleData>
		<SimpleData name="COMP_NAME">Tourmaline Oil Corp.</SimpleData>
		<SimpleData name="SEG_LENGTH">1.86</SimpleData>
		<SimpleData name="SEG_STATUS">Operating</SimpleData>
		<SimpleData name="FROM_FAC">Battery</SimpleData>
		<SimpleData name="FROM_LOC">16-32-050-18W5</SimpleData>
		<SimpleData name="TO_FAC">Pipeline</SimpleData>
		<SimpleData name="TO_LOC">16-04-051-18W5</SimpleData>
		<SimpleData name="OUT_DIAMET">273.1</SimpleData>
		<SimpleData name="PIP_MATERL">Steel</SimpleData>
		<SimpleData name="SUBSTANCE1">Natural Gas</SimpleData>
		<SimpleData name="GEOM_SRCE">Mapping</SimpleData>
		<SimpleData name="SHAPE_LEN">1877.0458226955998</SimpleData>
	</SchemaData></ExtendedData>
      <MultiGeometry><LineString><coordinates>-116.589226149104,53.3652218832189 -116.588518534477,53.365553022195 -116.587966535904,53.3653652483716 -116.581671914944,53.3693084261755 -116.581622495027,53.3798162297227</coordinates></LineString></MultiGeometry>
  </Placemark>
  <Placemark>
	<Style><LineStyle><color>ff0000ff</color></LineStyle><PolyStyle><fill>0</fill></PolyStyle></Style>
	<ExtendedData><SchemaData schemaUrl="#TOU_Edson_Sept2026">
		<SimpleData name="OBJECTID">42647632</SimpleData>
		<SimpleData name="LIC_LI_NO">55018-4</SimpleData>
		<SimpleData name="COMP_NAME">Tourmaline Oil Corp.</SimpleData>
		<SimpleData name="SEG_LENGTH">5.9</SimpleData>
		<SimpleData name="SEG_STATUS">Operating</SimpleData>
		<SimpleData name="FROM_FAC">Well</SimpleData>
		<SimpleData name="FROM_LOC">04-20-050-17W5</SimpleData>
		<SimpleData name="TO_FAC">Pipeline</SimpleData>
		<SimpleData name="TO_LOC">05-31-050-17W5</SimpleData>
		<SimpleData name="OUT_DIAMET">219.1</SimpleData>
		<SimpleData name="PIP_MATERL">Steel</SimpleData>
		<SimpleData name="SUBSTANCE1">Natural Gas</SimpleData>
		<SimpleData name="GEOM_SRCE">Mapping</SimpleData>
		<SimpleData name="SHAPE_LEN">5863.360314213708</SimpleData>
	</SchemaData></ExtendedData>
      <MultiGeometry><LineString><coordinates>-116.462524683803,53.3238183736913 -116.46258796203,53.3239573614106 -116.462913750441,53.3244672054193 -116.462884637839,53.3266009650297 -116.462901536048,53.3325198555583 -116.456315300387,53.3363838332336 -116.450777307035,53.3396713519381 -116.454889507843,53.3423370738287 -116.455178233562,53.3438248992271 -116.456227443356,53.3451945083578 -116.454913023042,53.346534090076 -116.455012951635,53.3466661234622 -116.456635122188,53.3471269889414 -116.457788300298,53.3475935627249 -116.458915890796,53.3475585247288 -116.46034663126,53.3482334550312 -116.461007725733,53.3493768390055 -116.462472322802,53.350611730957 -116.463191596664,53.3508474062258 -116.464046215197,53.3507392383704 -116.464955779185,53.3501316285302 -116.465976167432,53.3497611890024 -116.466905073046,53.3496702952276 -116.467485073004,53.3497170089841 -116.467763902882,53.3499080884404 -116.468665481746,53.3513939916973 -116.468714624982,53.3514749817801 -116.468754268533,53.3515403160561 -116.469352440511,53.3520055509017 -116.470148083748,53.3521657612752 -116.470749847191,53.3525312163487 -116.471061956955,53.3532256805587 -116.471800950634,53.3542966551116 -116.472317423531,53.3544449045482 -116.473707879047,53.3545054216069 -116.4746328716,53.3548515777031 -116.475233155518,53.3554086452121 -116.475953823564,53.3558335459069 -116.476803203123,53.3560234495098 -116.477945434363,53.3561351983052 -116.47841103926,53.3563452387955 -116.479710859255,53.3571734082852 -116.481032409497,53.3576290685389 -116.481816443806,53.3578128490569 -116.4816876757,53.3582284797972 -116.483504755517,53.3584394916085 -116.484417186029,53.3585994687125 -116.484876999487,53.358782919087 -116.485367124798,53.3591504200565</coordinates></LineString></MultiGeometry>
  </Placemark>
  <Placemark>
	<Style><LineStyle><color>ff0000ff</color></LineStyle><PolyStyle><fill>0</fill></PolyStyle></Style>
	<ExtendedData><SchemaData schemaUrl="#TOU_Edson_Sept2026">
		<SimpleData name="OBJECTID">42647649</SimpleData>
		<SimpleData name="LIC_LI_NO">55018-18</SimpleData>
		<SimpleData name="COMP_NAME">Tourmaline Oil Corp.</SimpleData>
		<SimpleData name="SEG_LENGTH">0.8</SimpleData>
		<SimpleData name="SEG_STATUS">Operating</SimpleData>
		<SimpleData name="FROM_FAC">Well</SimpleData>
		<SimpleData name="FROM_LOC">16-29-050-17W5</SimpleData>
		<SimpleData name="TO_FAC">Pipeline</SimpleData>
		<SimpleData name="TO_LOC">14-29-050-17W5</SimpleData>
		<SimpleData name="OUT_DIAMET">219.1</SimpleData>
		<SimpleData name="PIP_MATERL">Steel</SimpleData>
		<SimpleData name="SUBSTANCE1">Natural Gas</SimpleData>
		<SimpleData name="GEOM_SRCE">Mapping</SimpleData>
		<SimpleData name="SHAPE_LEN">766.5975666039502</SimpleData>
	</SchemaData></ExtendedData>
      <MultiGeometry><LineString><coordinates>-116.443031660753,53.3518038704362 -116.444589280167,53.3513906339531 -116.450943617534,53.3513993495026 -116.451062849125,53.3515727914625 -116.45287042297,53.3515757824266 -116.452868023569,53.3523779929259</coordinates></LineString></MultiGeometry>
  </Placemark>
  <Placemark>
	<Style><LineStyle><color>ff0000ff</color></LineStyle><PolyStyle><fill>0</fill></PolyStyle></Style>
	<ExtendedData><SchemaData schemaUrl="#TOU_Edson_Sept2026">
		<SimpleData name="OBJECTID">42648535</SimpleData>
		<SimpleData name="LIC_LI_NO">55018-17</SimpleData>
		<SimpleData name="COMP_NAME">Tourmaline Oil Corp.</SimpleData>
		<SimpleData name="SEG_LENGTH">0.81</SimpleData>
		<SimpleData name="SEG_STATUS">Operating</SimpleData>
		<SimpleData name="FROM_FAC">Well</SimpleData>
		<SimpleData name="FROM_LOC">14-29-050-17W5</SimpleData>
		<SimpleData name="TO_FAC">Pipeline</SimpleData>
		<SimpleData name="TO_LOC">11-29-050-17W5</SimpleData>
		<SimpleData name="OUT_DIAMET">219.1</SimpleData>
		<SimpleData name="PIP_MATERL">Steel</SimpleData>
		<SimpleData name="SUBSTANCE1">Natural Gas</SimpleData>
		<SimpleData name="GEOM_SRCE">Mapping</SimpleData>
		<SimpleData name="SHAPE_LEN">798.8897767792233</SimpleData>
	</SchemaData></ExtendedData>
      <MultiGeometry><LineString><coordinates>-116.451573095799,53.3516059424647 -116.451538219607,53.3514365500902 -116.451216457445,53.3514360165622 -116.451097192616,53.351262526323 -116.450848190399,53.3512625188161 -116.449488005413,53.3489307197968 -116.454988444695,53.3466337413826</coordinates></LineString></MultiGeometry>
  </Placemark>
  <Placemark>
	<Style><LineStyle><color>ff0000ff</color></LineStyle><PolyStyle><fill>0</fill></PolyStyle></Style>
	<ExtendedData><SchemaData schemaUrl="#TOU_Edson_Sept2026">
		<SimpleData name="OBJECTID">42648937</SimpleData>
		<SimpleData name="LIC_LI_NO">61813-1</SimpleData>
		<SimpleData name="COMP_NAME">Tourmaline Oil Corp.</SimpleData>
		<SimpleData name="SEG_LENGTH">1.92</SimpleData>
		<SimpleData name="SEG_STATUS">Operating</SimpleData>
		<SimpleData name="FROM_FAC">Well</SimpleData>
		<SimpleData name="FROM_LOC">10-04-052-15W5</SimpleData>
		<SimpleData name="TO_FAC">Pipeline</SimpleData>
		<SimpleData name="TO_LOC">11-10-052-15W5</SimpleData>
		<SimpleData name="OUT_DIAMET">168.3</SimpleData>
		<SimpleData name="PIP_MATERL">Steel</SimpleData>
		<SimpleData name="SUBSTANCE1">Sour Natural Gas</SimpleData>
		<SimpleData name="GEOM_SRCE">Mapping</SimpleData>
		<SimpleData name="SHAPE_LEN">2054.152960006397</SimpleData>
	</SchemaData></ExtendedData>
      <MultiGeometry><LineString><coordinates>-116.146513500592,53.4638810012354 -116.146575434041,53.4656775522933 -116.146712399274,53.4664289842943 -116.143858836096,53.4684652956889 -116.139270430271,53.471938134577 -116.13123058214,53.4778243843202 -116.129900944365,53.4787876777607</coordinates></LineString></MultiGeometry>
  </Placemark>
  <Placemark>
	<Style><LineStyle><color>ff0000ff</color></LineStyle><PolyStyle><fill>0</fill></PolyStyle></Style>
	<ExtendedData><SchemaData schemaUrl="#TOU_Edson_Sept2026">
		<SimpleData name="OBJECTID">42649745</SimpleData>
		<SimpleData name="LIC_LI_NO">55018-20</SimpleData>
		<SimpleData name="COMP_NAME">Tourmaline Oil Corp.</SimpleData>
		<SimpleData name="SEG_LENGTH">3.33</SimpleData>
		<SimpleData name="SEG_STATUS">Operating</SimpleData>
		<SimpleData name="FROM_FAC">Well</SimpleData>
		<SimpleData name="FROM_LOC">06-24-050-18W5</SimpleData>
		<SimpleData name="TO_FAC">Pipeline</SimpleData>
		<SimpleData name="TO_LOC">01-36-050-18W5</SimpleData>
		<SimpleData name="OUT_DIAMET">219.1</SimpleData>
		<SimpleData name="PIP_MATERL">Steel</SimpleData>
		<SimpleData name="SUBSTANCE1">Natural Gas</SimpleData>
		<SimpleData name="GEOM_SRCE">Mapping</SimpleData>
		<SimpleData name="SHAPE_LEN">3271.010613135556</SimpleData>
	</SchemaData></ExtendedData>
      <MultiGeometry><LineString><coordinates>-116.503266020003,53.328444500023 -116.500302587475,53.3305806175538 -116.499854068535,53.3309441418384 -116.499224322572,53.3314640843764 -116.49853360256,53.3318530666734 -116.494479410461,53.3344525892551 -116.494463189582,53.3527562799467 -116.491229480935,53.355194382122</coordinates></LineString></MultiGeometry>
  </Placemark>
  <Placemark>
	<Style><LineStyle><color>ff0000ff</color></LineStyle><PolyStyle><fill>0</fill></PolyStyle></Style>
	<ExtendedData><SchemaData schemaUrl="#TOU_Edson_Sept2026">
		<SimpleData name="OBJECTID">42649777</SimpleData>
		<SimpleData name="LIC_LI_NO">49495-67</SimpleData>
		<SimpleData name="COMP_NAME">Tourmaline Oil Corp.</SimpleData>
		<SimpleData name="SEG_LENGTH">1.56</SimpleData>
		<SimpleData name="SEG_STATUS">Operating</SimpleData>
		<SimpleData name="FROM_FAC">Pipeline</SimpleData>
		<SimpleData name="FROM_LOC">02-28-051-18W5</SimpleData>
		<SimpleData name="TO_FAC">Pipeline</SimpleData>
		<SimpleData name="TO_LOC">12-21-051-18W5</SimpleData>
		<SimpleData name="OUT_DIAMET">219.1</SimpleData>
		<SimpleData name="PIP_MATERL">Steel</SimpleData>
		<SimpleData name="SUBSTANCE1">Natural Gas</SimpleData>
		<SimpleData name="GEOM_SRCE">Mapping</SimpleData>
		<SimpleData name="SHAPE_LEN">1433.5222910224059</SimpleData>
	</SchemaData></ExtendedData>
      <MultiGeometry><LineString><coordinates>-116.587386960849,53.4264432566167 -116.592430546622,53.4243020013052 -116.593163176635,53.4239909270095 -116.594790516993,53.4230978968683 -116.603443305405,53.4194649541607 -116.603655906989,53.4193756759437 -116.604116449879,53.4194151952226 -116.604919883306,53.4190804368212</coordinates></LineString></MultiGeometry>
  </Placemark>
  <Placemark>
	<Style><LineStyle><color>ff0000ff</color></LineStyle><PolyStyle><fill>0</fill></PolyStyle></Style>
	<ExtendedData><SchemaData schemaUrl="#TOU_Edson_Sept2026">
		<SimpleData name="OBJECTID">42649840</SimpleData>
		<SimpleData name="LIC_LI_NO">61813-21</SimpleData>
		<SimpleData name="COMP_NAME">Tourmaline Oil Corp.</SimpleData>
		<SimpleData name="SEG_LENGTH">0.73</SimpleData>
		<SimpleData name="SEG_STATUS">Operating</SimpleData>
		<SimpleData name="FROM_FAC">Pipeline</SimpleData>
		<SimpleData name="FROM_LOC">11-10-052-15W5</SimpleData>
		<SimpleData name="TO_FAC">Compressor Station</SimpleData>
		<SimpleData name="TO_LOC">16-10-052-15W5</SimpleData>
		<SimpleData name="OUT_DIAMET">168.3</SimpleData>
		<SimpleData name="PIP_MATERL">Steel</SimpleData>
		<SimpleData name="SUBSTANCE1">Sour Natural Gas</SimpleData>
		<SimpleData name="GEOM_SRCE">Mapping</SimpleData>
		<SimpleData name="SHAPE_LEN">672.4422529654812</SimpleData>
	</SchemaData></ExtendedData>
      <MultiGeometry><LineString><coordinates>-116.129900944365,53.4787876777607 -116.128789115708,53.4795931268582 -116.121443134387,53.4796210733665 -116.120471650424,53.4798437530705</coordinates></LineString></MultiGeometry>
  </Placemark>
  <Placemark>
	<Style><LineStyle><color>ff0000ff</color></LineStyle><PolyStyle><fill>0</fill></PolyStyle></Style>
	<ExtendedData><SchemaData schemaUrl="#TOU_Edson_Sept2026">
		<SimpleData name="OBJECTID">42650914</SimpleData>
		<SimpleData name="LIC_LI_NO">44829-5</SimpleData>
		<SimpleData name="COMP_NAME">Tourmaline Oil Corp.</SimpleData>
		<SimpleData name="SEG_LENGTH">0.14</SimpleData>
		<SimpleData name="SEG_STATUS">Operating</SimpleData>
		<SimpleData name="FROM_FAC">Well</SimpleData>
		<SimpleData name="FROM_LOC">13-09-052-15W5</SimpleData>
		<SimpleData name="TO_FAC">Pipeline</SimpleData>
		<SimpleData name="TO_LOC">04-16-052-15W5</SimpleData>
		<SimpleData name="OUT_DIAMET">114.3</SimpleData>
		<SimpleData name="PIP_MATERL">Steel</SimpleData>
		<SimpleData name="SUBSTANCE1">Natural Gas</SimpleData>
		<SimpleData name="GEOM_SRCE">Mapping</SimpleData>
		<SimpleData name="SHAPE_LEN">139.57815974085642</SimpleData>
	</SchemaData></ExtendedData>
      <MultiGeometry><LineString><coordinates>-116.162672245006,53.481912261974 -116.162671072705,53.4831672982619</coordinates></LineString></MultiGeometry>
  </Placemark>
  <Placemark>
	<Style><LineStyle><color>ff0000ff</color></LineStyle><PolyStyle><fill>0</fill></PolyStyle></Style>
	<ExtendedData><SchemaData schemaUrl="#TOU_Edson_Sept2026">
		<SimpleData name="OBJECTID">42650933</SimpleData>
		<SimpleData name="LIC_LI_NO">49426-1</SimpleData>
		<SimpleData name="COMP_NAME">Tourmaline Oil Corp.</SimpleData>
		<SimpleData name="SEG_LENGTH">1.04</SimpleData>
		<SimpleData name="SEG_STATUS">Operating</SimpleData>
		<SimpleData name="FROM_FAC">Well</SimpleData>
		<SimpleData name="FROM_LOC">10-20-051-18W5</SimpleData>
		<SimpleData name="TO_FAC">Pipeline</SimpleData>
		<SimpleData name="TO_LOC">12-21-051-18W5</SimpleData>
		<SimpleData name="OUT_DIAMET">114.3</SimpleData>
		<SimpleData name="PIP_MATERL">Steel</SimpleData>
		<SimpleData name="SUBSTANCE1">Natural Gas</SimpleData>
		<SimpleData name="GEOM_SRCE">Mapping</SimpleData>
		<SimpleData name="SHAPE_LEN">1119.8306446123688</SimpleData>
	</SchemaData></ExtendedData>
      <MultiGeometry><LineString><coordinates>-116.613966955771,53.4201978785949 -116.61485348965,53.4211934257249 -116.613808745382,53.4229133316658 -116.612754575091,53.4230340555555 -116.609812711113,53.4222913248189 -116.608522431226,53.4206921462046 -116.607832371476,53.4201474454455 -116.607160002248,53.4195923401172 -116.606532265816,53.4194306755019 -116.605886499298,53.4192771690865 -116.604988797563,53.4190981962392 -116.604942794837,53.4190863418165</coordinates></LineString></MultiGeometry>
  </Placemark>
  <Placemark>
	<Style><LineStyle><color>ff0000ff</color></LineStyle><PolyStyle><fill>0</fill></PolyStyle></Style>
	<ExtendedData><SchemaData schemaUrl="#TOU_Edson_Sept2026">
		<SimpleData name="OBJECTID">42650942</SimpleData>
		<SimpleData name="LIC_LI_NO">57412-1</SimpleData>
		<SimpleData name="COMP_NAME">Tourmaline Oil Corp.</SimpleData>
		<SimpleData name="SEG_LENGTH">0.64</SimpleData>
		<SimpleData name="SEG_STATUS">Operating</SimpleData>
		<SimpleData name="FROM_FAC">Pipeline</SimpleData>
		<SimpleData name="FROM_LOC">14-10-052-15W5</SimpleData>
		<SimpleData name="TO_FAC">Compressor Station</SimpleData>
		<SimpleData name="TO_LOC">16-10-052-15W5</SimpleData>
		<SimpleData name="OUT_DIAMET">168.3</SimpleData>
		<SimpleData name="PIP_MATERL">Steel</SimpleData>
		<SimpleData name="SUBSTANCE1">Natural Gas</SimpleData>
		<SimpleData name="GEOM_SRCE">Mapping</SimpleData>
		<SimpleData name="SHAPE_LEN">675.5753638256374</SimpleData>
	</SchemaData></ExtendedData>
      <MultiGeometry><LineString><coordinates>-116.130576064234,53.4797476049141 -116.130108268346,53.4797297767479 -116.121485445935,53.4797579498338 -116.120463447908,53.4799865905743</coordinates></LineString></MultiGeometry>
  </Placemark>
  <Placemark>
	<Style><LineStyle><color>ff0000ff</color></LineStyle><PolyStyle><fill>0</fill></PolyStyle></Style>
	<ExtendedData><SchemaData schemaUrl="#TOU_Edson_Sept2026">
		<SimpleData name="OBJECTID">42651211</SimpleData>
		<SimpleData name="LIC_LI_NO">15682-2</SimpleData>
		<SimpleData name="COMP_NAME">Tourmaline Oil Corp.</SimpleData>
		<SimpleData name="SEG_LENGTH">2.59</SimpleData>
		<SimpleData name="SEG_STATUS">Abandoned</SimpleData>
		<SimpleData name="FROM_FAC">Blind End</SimpleData>
		<SimpleData name="FROM_LOC">10-22-054-15W5</SimpleData>
		<SimpleData name="TO_FAC">Blind End</SimpleData>
		<SimpleData name="TO_LOC">07-14-054-15W5</SimpleData>
		<SimpleData name="OUT_DIAMET">114.3</SimpleData>
		<SimpleData name="PIP_MATERL">Steel</SimpleData>
		<SimpleData name="SUBSTANCE1">Sour Natural Gas</SimpleData>
		<SimpleData name="GEOM_SRCE">Mapping</SimpleData>
		<SimpleData name="SHAPE_LEN">2506.441897268617</SimpleData>
	</SchemaData></ExtendedData>
      <MultiGeometry><LineString><coordinates>-116.12419263313,53.6795859810231 -116.115091662646,53.6716947976409 -116.113263681772,53.6716953489712 -116.100813415515,53.6656835825963 -116.100830867984,53.6633259858458</coordinates></LineString></MultiGeometry>
  </Placemark>
  <Placemark>
	<Style><LineStyle><color>ff0000ff</color></LineStyle><PolyStyle><fill>0</fill></PolyStyle></Style>
	<ExtendedData><SchemaData schemaUrl="#TOU_Edson_Sept2026">
		<SimpleData name="OBJECTID">42651425</SimpleData>
		<SimpleData name="LIC_LI_NO">42009-6</SimpleData>
		<SimpleData name="COMP_NAME">Tourmaline Oil Corp.</SimpleData>
		<SimpleData name="SEG_LENGTH">1.51</SimpleData>
		<SimpleData name="SEG_STATUS">Operating</SimpleData>
		<SimpleData name="FROM_FAC">Well</SimpleData>
		<SimpleData name="FROM_LOC">10-19-052-14W5</SimpleData>
		<SimpleData name="TO_FAC">Pipeline</SimpleData>
		<SimpleData name="TO_LOC">03-19-052-14W5</SimpleData>
		<SimpleData name="OUT_DIAMET">114.3</SimpleData>
		<SimpleData name="PIP_MATERL">Steel</SimpleData>
		<SimpleData name="SUBSTANCE1">Natural Gas</SimpleData>
		<SimpleData name="GEOM_SRCE">Mapping</SimpleData>
		<SimpleData name="SHAPE_LEN">1502.1642646153718</SimpleData>
	</SchemaData></ExtendedData>
      <MultiGeometry><LineString><coordinates>-116.047385548053,53.5070640037202 -116.046812904399,53.5064690728064 -116.046592403031,53.506087283117 -116.04571658246,53.5053631765867 -116.044898507392,53.5050729832003 -116.044884049008,53.5044808485551 -116.053461022305,53.5044891518297 -116.057820544582,53.5019037436328 -116.057808961705,53.5003182850581</coordinates></LineString></MultiGeometry>
  </Placemark>
  <Placemark>
	<Style><LineStyle><color>ff0000ff</color></LineStyle><PolyStyle><fill>0</fill></PolyStyle></Style>
	<ExtendedData><SchemaData schemaUrl="#TOU_Edson_Sept2026">
		<SimpleData name="OBJECTID">42651475</SimpleData>
		<SimpleData name="LIC_LI_NO">55018-2</SimpleData>
		<SimpleData name="COMP_NAME">Tourmaline Oil Corp.</SimpleData>
		<SimpleData name="SEG_LENGTH">0.25</SimpleData>
		<SimpleData name="SEG_STATUS">Operating</SimpleData>
		<SimpleData name="FROM_FAC">Well</SimpleData>
		<SimpleData name="FROM_LOC">01-36-050-18W5</SimpleData>
		<SimpleData name="TO_FAC">Pipeline</SimpleData>
		<SimpleData name="TO_LOC">01-36-050-18W5</SimpleData>
		<SimpleData name="OUT_DIAMET">114.3</SimpleData>
		<SimpleData name="PIP_MATERL">Steel</SimpleData>
		<SimpleData name="SUBSTANCE1">Natural Gas</SimpleData>
		<SimpleData name="GEOM_SRCE">Mapping</SimpleData>
		<SimpleData name="SHAPE_LEN">260.7084619532224</SimpleData>
	</SchemaData></ExtendedData>
      <MultiGeometry><LineString><coordinates>-116.48995965928,53.3534102339401 -116.490667378112,53.3542442699034 -116.49126995992,53.3545900426148 -116.491306268925,53.3547569544799 -116.490924850544,53.355041550021 -116.491406573912,53.3552832272439</coordinates></LineString></MultiGeometry>
  </Placemark>
  <Placemark>
	<Style><LineStyle><color>ff0000ff</color></LineStyle><PolyStyle><fill>0</fill></PolyStyle></Style>
	<ExtendedData><SchemaData schemaUrl="#TOU_Edson_Sept2026">
		<SimpleData name="OBJECTID">42651483</SimpleData>
		<SimpleData name="LIC_LI_NO">47831-38</SimpleData>
		<SimpleData name="COMP_NAME">Tourmaline Oil Corp.</SimpleData>
		<SimpleData name="SEG_LENGTH">2.59</SimpleData>
		<SimpleData name="SEG_STATUS">Operating</SimpleData>
		<SimpleData name="FROM_FAC">Well</SimpleData>
		<SimpleData name="FROM_LOC">10-22-054-15W5</SimpleData>
		<SimpleData name="TO_FAC">Pipeline</SimpleData>
		<SimpleData name="TO_LOC">07-14-054-15W5</SimpleData>
		<SimpleData name="OUT_DIAMET">88.9</SimpleData>
		<SimpleData name="PIP_MATERL">Steel</SimpleData>
		<SimpleData name="SUBSTANCE1">Natural Gas</SimpleData>
		<SimpleData name="GEOM_SRCE">Mapping</SimpleData>
		<SimpleData name="SHAPE_LEN">2537.2100401259922</SimpleData>
	</SchemaData></ExtendedData>
      <MultiGeometry><LineString><coordinates>-116.125071928384,53.6793146024737 -116.124406726815,53.6793043935336 -116.115333918515,53.6714294206823 -116.113422830901,53.67143074846 -116.101274138068,53.665609560672 -116.101288755454,53.6633115552604 -116.100996439169,53.6633176184382</coordinates></LineString></MultiGeometry>
  </Placemark>
  <Placemark>
	<Style><LineStyle><color>ff0000ff</color></LineStyle><PolyStyle><fill>0</fill></PolyStyle></Style>
	<ExtendedData><SchemaData schemaUrl="#TOU_Edson_Sept2026">
		<SimpleData name="OBJECTID">42651555</SimpleData>
		<SimpleData name="LIC_LI_NO">47831-39</SimpleData>
		<SimpleData name="COMP_NAME">Tourmaline Oil Corp.</SimpleData>
		<SimpleData name="SEG_LENGTH">2.35</SimpleData>
		<SimpleData name="SEG_STATUS">Abandoned</SimpleData>
		<SimpleData name="FROM_FAC">Blind End</SimpleData>
		<SimpleData name="FROM_LOC">08-22-054-15W5</SimpleData>
		<SimpleData name="TO_FAC">Blind End</SimpleData>
		<SimpleData name="TO_LOC">07-14-054-15W5</SimpleData>
		<SimpleData name="OUT_DIAMET">114.3</SimpleData>
		<SimpleData name="PIP_MATERL">Steel</SimpleData>
		<SimpleData name="SUBSTANCE1">Natural Gas</SimpleData>
		<SimpleData name="GEOM_SRCE">Mapping</SimpleData>
		<SimpleData name="SHAPE_LEN">2380.7639007227517</SimpleData>
	</SchemaData></ExtendedData>
      <MultiGeometry><LineString><coordinates>-116.117996612154,53.6788872625399 -116.115898088361,53.6770648991884 -116.1148891186,53.674525368954 -116.114960229238,53.6719591426493 -116.113104528152,53.6719598594805 -116.100482321654,53.6658926416433 -116.100119850539,53.6658685420984 -116.100141446937,53.6633153599831 -116.100996439169,53.6633176184382</coordinates></LineString></MultiGeometry>
  </Placemark>
  <Placemark>
	<Style><LineStyle><color>ff0000ff</color></LineStyle><PolyStyle><fill>0</fill></PolyStyle></Style>
	<ExtendedData><SchemaData schemaUrl="#TOU_Edson_Sept2026">
		<SimpleData name="OBJECTID">42651662</SimpleData>
		<SimpleData name="LIC_LI_NO">50289-18</SimpleData>
		<SimpleData name="COMP_NAME">Tourmaline Oil Corp.</SimpleData>
		<SimpleData name="SEG_LENGTH">1.15</SimpleData>
		<SimpleData name="SEG_STATUS">Operating</SimpleData>
		<SimpleData name="FROM_FAC">Well</SimpleData>
		<SimpleData name="FROM_LOC">04-01-051-18W5</SimpleData>
		<SimpleData name="TO_FAC">Battery</SimpleData>
		<SimpleData name="TO_LOC">16-35-050-18W5</SimpleData>
		<SimpleData name="OUT_DIAMET">114.3</SimpleData>
		<SimpleData name="PIP_MATERL">Steel</SimpleData>
		<SimpleData name="SUBSTANCE1">Natural Gas</SimpleData>
		<SimpleData name="GEOM_SRCE">Mapping</SimpleData>
		<SimpleData name="SHAPE_LEN">1188.9862575909485</SimpleData>
	</SchemaData></ExtendedData>
      <MultiGeometry><LineString><coordinates>-116.531075004557,53.3673009713515 -116.529735735944,53.3668561064076 -116.517355861673,53.3668650884102 -116.517277167457,53.3666939862149 -116.516658534552,53.3653547045861 -116.517714786239,53.3648595387844</coordinates></LineString></MultiGeometry>
  </Placemark>
  <Placemark>
	<Style><LineStyle><color>ff0000ff</color></LineStyle><PolyStyle><fill>0</fill></PolyStyle></Style>
	<ExtendedData><SchemaData schemaUrl="#TOU_Edson_Sept2026">
		<SimpleData name="OBJECTID">42651681</SimpleData>
		<SimpleData name="LIC_LI_NO">42009-8</SimpleData>
		<SimpleData name="COMP_NAME">Tourmaline Oil Corp.</SimpleData>
		<SimpleData name="SEG_LENGTH">0.58</SimpleData>
		<SimpleData name="SEG_STATUS">Operating</SimpleData>
		<SimpleData name="FROM_FAC">Well</SimpleData>
		<SimpleData name="FROM_LOC">15-19-052-14W5</SimpleData>
		<SimpleData name="TO_FAC">Pipeline</SimpleData>
		<SimpleData name="TO_LOC">10-19-052-14W5</SimpleData>
		<SimpleData name="OUT_DIAMET">114.3</SimpleData>
		<SimpleData name="PIP_MATERL">Steel</SimpleData>
		<SimpleData name="SUBSTANCE1">Natural Gas</SimpleData>
		<SimpleData name="GEOM_SRCE">Mapping</SimpleData>
		<SimpleData name="SHAPE_LEN">550.5733250022722</SimpleData>
	</SchemaData></ExtendedData>
      <MultiGeometry><LineString><coordinates>-116.052533516266,53.5098251159216 -116.051147740972,53.5094517303496 -116.048941882876,53.5070166018843 -116.047706127134,53.5074436754144 -116.047385548053,53.5070640037202</coordinates></LineString></MultiGeometry>
  </Placemark>
  <Placemark>
	<Style><LineStyle><color>ff0000ff</color></LineStyle><PolyStyle><fill>0</fill></PolyStyle></Style>
	<ExtendedData><SchemaData schemaUrl="#TOU_Edson_Sept2026">
		<SimpleData name="OBJECTID">42651719</SimpleData>
		<SimpleData name="LIC_LI_NO">57487-1</SimpleData>
		<SimpleData name="COMP_NAME">Tourmaline Oil Corp.</SimpleData>
		<SimpleData name="SEG_LENGTH">4.34</SimpleData>
		<SimpleData name="SEG_STATUS">Operating</SimpleData>
		<SimpleData name="FROM_FAC">Well</SimpleData>
		<SimpleData name="FROM_LOC">01-05-052-15W5</SimpleData>
		<SimpleData name="TO_FAC">Compressor Station</SimpleData>
		<SimpleData name="TO_LOC">16-10-052-15W5</SimpleData>
		<SimpleData name="OUT_DIAMET">219.1</SimpleData>
		<SimpleData name="PIP_MATERL">Steel</SimpleData>
		<SimpleData name="SUBSTANCE1">Natural Gas</SimpleData>
		<SimpleData name="GEOM_SRCE">Mapping</SimpleData>
		<SimpleData name="SHAPE_LEN">4331.239520108247</SimpleData>
	</SchemaData></ExtendedData>
      <MultiGeometry><LineString><coordinates>-116.164876669391,53.4541425775636 -116.162380348234,53.4541354407113 -116.156484404089,53.4586471112266 -116.156264696832,53.45905831613 -116.153878265686,53.4608621535151 -116.153324321362,53.4610167446866 -116.146817352144,53.4657399728438 -116.146882350645,53.4660966437471 -116.143680604953,53.4683812800618 -116.13914410648,53.4718141553598 -116.131052985208,53.4777398980432 -116.128680222827,53.4794565086042 -116.121400823737,53.4794841975268 -116.120449757583,53.4796940589146</coordinates></LineString></MultiGeometry>
  </Placemark>
  <Placemark>
	<Style><LineStyle><color>ff0000ff</color></LineStyle><PolyStyle><fill>0</fill></PolyStyle></Style>
	<ExtendedData><SchemaData schemaUrl="#TOU_Edson_Sept2026">
		<SimpleData name="OBJECTID">42651785</SimpleData>
		<SimpleData name="LIC_LI_NO">49426-5</SimpleData>
		<SimpleData name="COMP_NAME">Tourmaline Oil Corp.</SimpleData>
		<SimpleData name="SEG_LENGTH">1.08</SimpleData>
		<SimpleData name="SEG_STATUS">Discontinued</SimpleData>
		<SimpleData name="FROM_FAC">Blind End</SimpleData>
		<SimpleData name="FROM_LOC">12-21-051-18W5</SimpleData>
		<SimpleData name="TO_FAC">Blind End</SimpleData>
		<SimpleData name="TO_LOC">06-21-051-18W5</SimpleData>
		<SimpleData name="OUT_DIAMET">114.3</SimpleData>
		<SimpleData name="PIP_MATERL">Steel</SimpleData>
		<SimpleData name="SUBSTANCE1">Natural Gas</SimpleData>
		<SimpleData name="GEOM_SRCE">Mapping</SimpleData>
		<SimpleData name="SHAPE_LEN">1083.1041571583557</SimpleData>
	</SchemaData></ExtendedData>
      <MultiGeometry><LineString><coordinates>-116.604942794837,53.4190863418165 -116.604634678085,53.4190069380313 -116.604210733458,53.4188075062955 -116.603971904661,53.4186246431268 -116.603453368333,53.4183819150652 -116.602865185621,53.4182414962265 -116.602062265132,53.4182057154075 -116.601171601697,53.4182784649966 -116.600459665275,53.4184446412368 -116.599336660677,53.4187772048432 -116.598805537155,53.4188621698469 -116.59820228251,53.4188861513124 -116.597066829957,53.4188417747495 -116.595723076954,53.4189231002491 -116.597093290732,53.4155474532082 -116.597659766553,53.4155398745894</coordinates></LineString></MultiGeometry>
  </Placemark>
  <Placemark>
	<Style><LineStyle><color>ff0000ff</color></LineStyle><PolyStyle><fill>0</fill></PolyStyle></Style>
	<ExtendedData><SchemaData schemaUrl="#TOU_Edson_Sept2026">
		<SimpleData name="OBJECTID">42651832</SimpleData>
		<SimpleData name="LIC_LI_NO">13983-1</SimpleData>
		<SimpleData name="COMP_NAME">Tourmaline Oil Corp.</SimpleData>
		<SimpleData name="SEG_LENGTH">6.15</SimpleData>
		<SimpleData name="SEG_STATUS">Discontinued</SimpleData>
		<SimpleData name="FROM_FAC">Blind End</SimpleData>
		<SimpleData name="FROM_LOC">10-11-054-15W5</SimpleData>
		<SimpleData name="TO_FAC">Blind End</SimpleData>
		<SimpleData name="TO_LOC">11-21-054-15W5</SimpleData>
		<SimpleData name="OUT_DIAMET">88.9</SimpleData>
		<SimpleData name="PIP_MATERL">Steel</SimpleData>
		<SimpleData name="SUBSTANCE1">Salt Water</SimpleData>
		<SimpleData name="GEOM_SRCE">Mapping</SimpleData>
		<SimpleData name="SHAPE_LEN">5776.2395823605875</SimpleData>
	</SchemaData></ExtendedData>
      <MultiGeometry><LineString><coordinates>-116.099774879503,53.6535980026232 -116.101131040037,53.6535912017369 -116.101106596878,53.6565790128432 -116.101080163951,53.6600513123225 -116.101029576224,53.6656813854765 -116.113343332694,53.6715630481251 -116.115199014017,53.6715622376244 -116.124271674993,53.6794372218304 -116.136211886815,53.6794400003222 -116.147935208497,53.6803057815705 -116.156142893364,53.6809108912272</coordinates></LineString></MultiGeometry>
  </Placemark>
  <Placemark>
	<Style><LineStyle><color>ff0000ff</color></LineStyle><PolyStyle><fill>0</fill></PolyStyle></Style>
	<ExtendedData><SchemaData schemaUrl="#TOU_Edson_Sept2026">
		<SimpleData name="OBJECTID">42652033</SimpleData>
		<SimpleData name="LIC_LI_NO">55137-13</SimpleData>
		<SimpleData name="COMP_NAME">Tourmaline Oil Corp.</SimpleData>
		<SimpleData name="SEG_LENGTH">0.11</SimpleData>
		<SimpleData name="SEG_STATUS">Operating</SimpleData>
		<SimpleData name="FROM_FAC">Battery</SimpleData>
		<SimpleData name="FROM_LOC">15-27-051-18W5</SimpleData>
		<SimpleData name="TO_FAC">Pipeline</SimpleData>
		<SimpleData name="TO_LOC">15-27-051-18W5</SimpleData>
		<SimpleData name="OUT_DIAMET">168.3</SimpleData>
		<SimpleData name="PIP_MATERL">Steel</SimpleData>
		<SimpleData name="SUBSTANCE1">Natural Gas</SimpleData>
		<SimpleData name="GEOM_SRCE">Mapping</SimpleData>
		<SimpleData name="SHAPE_LEN">83.43108330023239</SimpleData>
	</SchemaData></ExtendedData>
      <MultiGeometry><LineString><coordinates>-116.564140503454,53.4383549225525 -116.564137241671,53.4391050631813</coordinates></LineString></MultiGeometry>
  </Placemark>
  <Placemark>
	<Style><LineStyle><color>ff0000ff</color></LineStyle><PolyStyle><fill>0</fill></PolyStyle></Style>
	<ExtendedData><SchemaData schemaUrl="#TOU_Edson_Sept2026">
		<SimpleData name="OBJECTID">42652087</SimpleData>
		<SimpleData name="LIC_LI_NO">57420-1</SimpleData>
		<SimpleData name="COMP_NAME">Tourmaline Oil Corp.</SimpleData>
		<SimpleData name="SEG_LENGTH">3.5</SimpleData>
		<SimpleData name="SEG_STATUS">Operating</SimpleData>
		<SimpleData name="FROM_FAC">Compressor Station</SimpleData>
		<SimpleData name="FROM_LOC">16-10-052-15W5</SimpleData>
		<SimpleData name="TO_FAC">Pipeline</SimpleData>
		<SimpleData name="TO_LOC">08-21-052-15W5</SimpleData>
		<SimpleData name="OUT_DIAMET">168.3</SimpleData>
		<SimpleData name="PIP_MATERL">Steel</SimpleData>
		<SimpleData name="SUBSTANCE1">Natural Gas</SimpleData>
		<SimpleData name="GEOM_SRCE">Mapping</SimpleData>
		<SimpleData name="SHAPE_LEN">3438.0597336770456</SimpleData>
	</SchemaData></ExtendedData>
      <MultiGeometry><LineString><coordinates>-116.120427252988,53.4804294890932 -116.121612330274,53.4801677768423 -116.129890217582,53.4801371176564 -116.130048542956,53.4801422411542 -116.131407617624,53.4829754855977 -116.132547531211,53.4856847817379 -116.133036194064,53.4865320406349 -116.133542649848,53.4880653873847 -116.135226917344,53.4918624188351 -116.13632286738,53.4945511888827 -116.13730143905,53.4967056016046 -116.137397687245,53.4983230185382 -116.137424264801,53.5007684161103 -116.137874000958,53.5033498911341 -116.139968502095,53.5038425430101</coordinates></LineString></MultiGeometry>
  </Placemark>
  <Placemark>
	<Style><LineStyle><color>ff0000ff</color></LineStyle><PolyStyle><fill>0</fill></PolyStyle></Style>
	<ExtendedData><SchemaData schemaUrl="#TOU_Edson_Sept2026">
		<SimpleData name="OBJECTID">42652288</SimpleData>
		<SimpleData name="LIC_LI_NO">53686-9</SimpleData>
		<SimpleData name="COMP_NAME">Tourmaline Oil Corp.</SimpleData>
		<SimpleData name="SEG_LENGTH">0.2</SimpleData>
		<SimpleData name="SEG_STATUS">Operating</SimpleData>
		<SimpleData name="FROM_FAC">Battery</SimpleData>
		<SimpleData name="FROM_LOC">02-20-051-18W5</SimpleData>
		<SimpleData name="TO_FAC">Pipeline</SimpleData>
		<SimpleData name="TO_LOC">07-20-051-18W5</SimpleData>
		<SimpleData name="OUT_DIAMET">168.3</SimpleData>
		<SimpleData name="PIP_MATERL">Steel</SimpleData>
		<SimpleData name="SUBSTANCE1">Natural Gas</SimpleData>
		<SimpleData name="GEOM_SRCE">Mapping</SimpleData>
		<SimpleData name="SHAPE_LEN">166.28857418592125</SimpleData>
	</SchemaData></ExtendedData>
      <MultiGeometry><LineString><coordinates>-116.613170501355,53.4133940431581 -116.614580850962,53.4146291059092</coordinates></LineString></MultiGeometry>
  </Placemark>
  <Placemark>
	<Style><LineStyle><color>ff0000ff</color></LineStyle><PolyStyle><fill>0</fill></PolyStyle></Style>
	<ExtendedData><SchemaData schemaUrl="#TOU_Edson_Sept2026">
		<SimpleData name="OBJECTID">42652310</SimpleData>
		<SimpleData name="LIC_LI_NO">57419-2</SimpleData>
		<SimpleData name="COMP_NAME">Tourmaline Oil Corp.</SimpleData>
		<SimpleData name="SEG_LENGTH">1.8</SimpleData>
		<SimpleData name="SEG_STATUS">Operating</SimpleData>
		<SimpleData name="FROM_FAC">Pipeline</SimpleData>
		<SimpleData name="FROM_LOC">14-02-053-15W5</SimpleData>
		<SimpleData name="TO_FAC">Pipeline</SimpleData>
		<SimpleData name="TO_LOC">15-11-053-15W5</SimpleData>
		<SimpleData name="OUT_DIAMET">168.3</SimpleData>
		<SimpleData name="PIP_MATERL">Steel</SimpleData>
		<SimpleData name="SUBSTANCE1">Natural Gas</SimpleData>
		<SimpleData name="GEOM_SRCE">Mapping</SimpleData>
		<SimpleData name="SHAPE_LEN">1732.3875606922093</SimpleData>
	</SchemaData></ExtendedData>
      <MultiGeometry><LineString><coordinates>-116.10387280698,53.5546440313834 -116.102334575905,53.5546582189856 -116.102007775991,53.5548840859753 -116.101923590374,53.5692467019875</coordinates></LineString></MultiGeometry>
  </Placemark>
  <Placemark>
	<Style><LineStyle><color>ff0000ff</color></LineStyle><PolyStyle><fill>0</fill></PolyStyle></Style>
	<ExtendedData><SchemaData schemaUrl="#TOU_Edson_Sept2026">
		<SimpleData name="OBJECTID">42652311</SimpleData>
		<SimpleData name="LIC_LI_NO">52422-7</SimpleData>
		<SimpleData name="COMP_NAME">Tourmaline Oil Corp.</SimpleData>
		<SimpleData name="SEG_LENGTH">0.8</SimpleData>
		<SimpleData name="SEG_STATUS">Operating</SimpleData>
		<SimpleData name="FROM_FAC">Pipeline</SimpleData>
		<SimpleData name="FROM_LOC">11-36-053-15W5</SimpleData>
		<SimpleData name="TO_FAC">Pipeline</SimpleData>
		<SimpleData name="TO_LOC">04-01-054-15W5</SimpleData>
		<SimpleData name="OUT_DIAMET">168.3</SimpleData>
		<SimpleData name="PIP_MATERL">Steel</SimpleData>
		<SimpleData name="SUBSTANCE1">Natural Gas</SimpleData>
		<SimpleData name="GEOM_SRCE">Mapping</SimpleData>
		<SimpleData name="SHAPE_LEN">1068.5662945975705</SimpleData>
	</SchemaData></ExtendedData>
      <MultiGeometry><LineString><coordinates>-116.082494006349,53.6224660491924 -116.082331052855,53.6224937810955 -116.082659847029,53.6283901038446 -116.084929636427,53.6317360298583</coordinates></LineString></MultiGeometry>
  </Placemark>
  <Placemark>
	<Style><LineStyle><color>ff0000ff</color></LineStyle><PolyStyle><fill>0</fill></PolyStyle></Style>
	<ExtendedData><SchemaData schemaUrl="#TOU_Edson_Sept2026">
		<SimpleData name="OBJECTID">42653589</SimpleData>
		<SimpleData name="LIC_LI_NO">55018-14</SimpleData>
		<SimpleData name="COMP_NAME">Tourmaline Oil Corp.</SimpleData>
		<SimpleData name="SEG_LENGTH">1.46</SimpleData>
		<SimpleData name="SEG_STATUS">Operating</SimpleData>
		<SimpleData name="FROM_FAC">Well</SimpleData>
		<SimpleData name="FROM_LOC">14-29-050-17W5</SimpleData>
		<SimpleData name="TO_FAC">Pipeline</SimpleData>
		<SimpleData name="TO_LOC">15-30-050-17W5</SimpleData>
		<SimpleData name="OUT_DIAMET">114.3</SimpleData>
		<SimpleData name="PIP_MATERL">Steel</SimpleData>
		<SimpleData name="SUBSTANCE1">Natural Gas</SimpleData>
		<SimpleData name="GEOM_SRCE">Mapping</SimpleData>
		<SimpleData name="SHAPE_LEN">1335.8469534129445</SimpleData>
	</SchemaData></ExtendedData>
      <MultiGeometry><LineString><coordinates>-116.451548481062,53.3523788958819 -116.466050440139,53.3523681714016 -116.4660571263,53.3529106129963 -116.468240539989,53.3529123229077 -116.469613083996,53.3520450550176 -116.469718968419,53.3520883661227 -116.470075553772,53.3521088934928</coordinates></LineString></MultiGeometry>
  </Placemark>
  <Placemark>
	<Style><LineStyle><color>ff0000ff</color></LineStyle><PolyStyle><fill>0</fill></PolyStyle></Style>
	<ExtendedData><SchemaData schemaUrl="#TOU_Edson_Sept2026">
		<SimpleData name="OBJECTID">42654171</SimpleData>
		<SimpleData name="LIC_LI_NO">55018-3</SimpleData>
		<SimpleData name="COMP_NAME">Tourmaline Oil Corp.</SimpleData>
		<SimpleData name="SEG_LENGTH">0.52</SimpleData>
		<SimpleData name="SEG_STATUS">Operating</SimpleData>
		<SimpleData name="FROM_FAC">Well</SimpleData>
		<SimpleData name="FROM_LOC">03-24-050-18W5</SimpleData>
		<SimpleData name="TO_FAC">Pipeline</SimpleData>
		<SimpleData name="TO_LOC">06-24-050-18W5</SimpleData>
		<SimpleData name="OUT_DIAMET">219.1</SimpleData>
		<SimpleData name="PIP_MATERL">Steel</SimpleData>
		<SimpleData name="SUBSTANCE1">Natural Gas</SimpleData>
		<SimpleData name="GEOM_SRCE">Mapping</SimpleData>
		<SimpleData name="SHAPE_LEN">579.7077449053382</SimpleData>
	</SchemaData></ExtendedData>
      <MultiGeometry><LineString><coordinates>-116.501311929139,53.3238586052036 -116.501318868624,53.3272689986326 -116.503185346799,53.3284939415198 -116.503347420843,53.3286003041723</coordinates></LineString></MultiGeometry>
  </Placemark>
  <Placemark>
	<Style><LineStyle><color>ff0000ff</color></LineStyle><PolyStyle><fill>0</fill></PolyStyle></Style>
	<ExtendedData><SchemaData schemaUrl="#TOU_Edson_Sept2026">
		<SimpleData name="OBJECTID">42654249</SimpleData>
		<SimpleData name="LIC_LI_NO">57422-1</SimpleData>
		<SimpleData name="COMP_NAME">Tourmaline Oil Corp.</SimpleData>
		<SimpleData name="SEG_LENGTH">4.3</SimpleData>
		<SimpleData name="SEG_STATUS">Operating</SimpleData>
		<SimpleData name="FROM_FAC">Well</SimpleData>
		<SimpleData name="FROM_LOC">15-08-052-15W5</SimpleData>
		<SimpleData name="TO_FAC">Pipeline</SimpleData>
		<SimpleData name="TO_LOC">14-10-052-15W5</SimpleData>
		<SimpleData name="OUT_DIAMET">114.3</SimpleData>
		<SimpleData name="PIP_MATERL">Steel</SimpleData>
		<SimpleData name="SUBSTANCE1">Natural Gas</SimpleData>
		<SimpleData name="GEOM_SRCE">Mapping</SimpleData>
		<SimpleData name="SHAPE_LEN">3305.680793909253</SimpleData>
	</SchemaData></ExtendedData>
      <MultiGeometry><LineString><coordinates>-116.172851474105,53.4796598192058 -116.171571766491,53.4804274421671 -116.168519426801,53.4803930849067 -116.164986185702,53.4807131058141 -116.164306459273,53.4831686811441 -116.157633105894,53.4831628983762 -116.148023807537,53.483391590793 -116.147525989952,53.4832713034919 -116.132854878107,53.4836004728105 -116.132540889067,53.4828604731689 -116.131327283983,53.4803200305303</coordinates></LineString></MultiGeometry>
  </Placemark>
  <Placemark>
	<Style><LineStyle><color>ff0000ff</color></LineStyle><PolyStyle><fill>0</fill></PolyStyle></Style>
	<ExtendedData><SchemaData schemaUrl="#TOU_Edson_Sept2026">
		<SimpleData name="OBJECTID">42654426</SimpleData>
		<SimpleData name="LIC_LI_NO">55018-19</SimpleData>
		<SimpleData name="COMP_NAME">Tourmaline Oil Corp.</SimpleData>
		<SimpleData name="SEG_LENGTH">3.2</SimpleData>
		<SimpleData name="SEG_STATUS">Operating</SimpleData>
		<SimpleData name="FROM_FAC">Well</SimpleData>
		<SimpleData name="FROM_LOC">05-14-050-18W5</SimpleData>
		<SimpleData name="TO_FAC">Pipeline</SimpleData>
		<SimpleData name="TO_LOC">06-24-050-18W5</SimpleData>
		<SimpleData name="OUT_DIAMET">219.1</SimpleData>
		<SimpleData name="PIP_MATERL">Steel</SimpleData>
		<SimpleData name="SUBSTANCE1">Natural Gas</SimpleData>
		<SimpleData name="GEOM_SRCE">Mapping</SimpleData>
		<SimpleData name="SHAPE_LEN">3143.398333508102</SimpleData>
	</SchemaData></ExtendedData>
      <MultiGeometry><LineString><coordinates>-116.534349006238,53.3151979185547 -116.53441171673,53.3144255259676 -116.530868716333,53.3120615367572 -116.520468092941,53.3151455464843 -116.51564032472,53.3186046655787 -116.516503717998,53.3193652763438 -116.516984959868,53.3195486685825 -116.51698008022,53.3206858009234 -116.516524796966,53.3209077508299 -116.516131620535,53.3210269655175 -116.515514647717,53.3211109495082 -116.515071103647,53.3211546563827 -116.514608388631,53.321150986108 -116.514261437708,53.3211839740316 -116.513993007627,53.3212349709278 -116.513377375993,53.3213569991018 -116.510960802776,53.3228346984367 -116.509515637164,53.3237762470223 -116.507243001005,53.3254608081188 -116.504385222033,53.3274671184567</coordinates></LineString></MultiGeometry>
  </Placemark>
  <Placemark>
	<Style><LineStyle><color>ff0000ff</color></LineStyle><PolyStyle><fill>0</fill></PolyStyle></Style>
	<ExtendedData><SchemaData schemaUrl="#TOU_Edson_Sept2026">
		<SimpleData name="OBJECTID">42655487</SimpleData>
		<SimpleData name="LIC_LI_NO">49495-88</SimpleData>
		<SimpleData name="COMP_NAME">Tourmaline Oil Corp.</SimpleData>
		<SimpleData name="SEG_LENGTH">5.59</SimpleData>
		<SimpleData name="SEG_STATUS">Operating</SimpleData>
		<SimpleData name="FROM_FAC">Pipeline</SimpleData>
		<SimpleData name="FROM_LOC">08-27-051-18W5</SimpleData>
		<SimpleData name="TO_FAC">Pipeline</SimpleData>
		<SimpleData name="TO_LOC">07-31-051-17W5</SimpleData>
		<SimpleData name="OUT_DIAMET">323.8</SimpleData>
		<SimpleData name="PIP_MATERL">Steel</SimpleData>
		<SimpleData name="SUBSTANCE1">Natural Gas</SimpleData>
		<SimpleData name="GEOM_SRCE">Mapping</SimpleData>
		<SimpleData name="SHAPE_LEN">5771.031758091126</SimpleData>
	</SchemaData></ExtendedData>
      <MultiGeometry><LineString><coordinates>-116.559170842741,53.4298599428725 -116.554855479846,53.4298682521932 -116.533817982429,53.4268609009841 -116.532864976812,53.4267184071035 -116.532816184818,53.4268513637246 -116.532423644395,53.4268972520647 -116.531394095129,53.4267713449735 -116.53108580051,53.4266243958011 -116.524053787568,53.4256078715339 -116.522439246406,53.4251137884658 -116.52214067066,53.425164812563 -116.521836740955,53.4255086564914 -116.521396582635,53.4253584452483 -116.521041846913,53.425386573063 -116.519394800212,53.427230242531 -116.518488301276,53.4282663205445 -116.51564478755,53.4313389041157 -116.515355260534,53.4318154096001 -116.515290099439,53.4325946043425 -116.515915185841,53.4326038036805 -116.515953929281,53.4338670049637 -116.508151287589,53.4364974324237 -116.495517640148,53.4408132281852 -116.493419891601,53.4436384230624 -116.491333293842,53.4436323711286</coordinates></LineString></MultiGeometry>
  </Placemark>
  <Placemark>
	<Style><LineStyle><color>ff0000ff</color></LineStyle><PolyStyle><fill>0</fill></PolyStyle></Style>
	<ExtendedData><SchemaData schemaUrl="#TOU_Edson_Sept2026">
		<SimpleData name="OBJECTID">42655488</SimpleData>
		<SimpleData name="LIC_LI_NO">49495-89</SimpleData>
		<SimpleData name="COMP_NAME">Tourmaline Oil Corp.</SimpleData>
		<SimpleData name="SEG_LENGTH">7.47</SimpleData>
		<SimpleData name="SEG_STATUS">Operating</SimpleData>
		<SimpleData name="FROM_FAC">Pipeline</SimpleData>
		<SimpleData name="FROM_LOC">07-31-051-17W5</SimpleData>
		<SimpleData name="TO_FAC">Meter Station</SimpleData>
		<SimpleData name="TO_LOC">13-09-052-17W5</SimpleData>
		<SimpleData name="OUT_DIAMET">323.8</SimpleData>
		<SimpleData name="PIP_MATERL">Steel</SimpleData>
		<SimpleData name="SUBSTANCE1">Natural Gas</SimpleData>
		<SimpleData name="GEOM_SRCE">Mapping</SimpleData>
		<SimpleData name="SHAPE_LEN">7458.673248031174</SimpleData>
	</SchemaData></ExtendedData>
      <MultiGeometry><LineString><coordinates>-116.491333293842,53.4436323711286 -116.491071766415,53.4436303914489 -116.49025380184,53.4437570228141 -116.490570172314,53.4445305872463 -116.490686305615,53.4450190188728 -116.489320717263,53.4451275059198 -116.461503000186,53.4451280767965 -116.457960941224,53.4452529092132 -116.457463560221,53.4452768254999 -116.457205506579,53.4455079970294 -116.456654117065,53.4462841067466 -116.456451738309,53.4463171803011 -116.45530924027,53.4478124351368 -116.455315734191,53.448168496966 -116.452514102619,53.4521154942586 -116.452375407231,53.4523534137356 -116.451797750977,53.4533732348806 -116.449140406806,53.4580639601315 -116.444155323816,53.458101594412 -116.44138903556,53.458706069812 -116.444366302144,53.4635693866072 -116.444124483754,53.4651379837618 -116.446165095855,53.466493854013 -116.447431559607,53.4684909646019 -116.45742172478,53.4818823925347 -116.456289831353,53.4826100262134 -116.456843195364,53.4827519959075</coordinates></LineString></MultiGeometry>
  </Placemark>
  <Placemark>
	<Style><LineStyle><color>ff0000ff</color></LineStyle><PolyStyle><fill>0</fill></PolyStyle></Style>
	<ExtendedData><SchemaData schemaUrl="#TOU_Edson_Sept2026">
		<SimpleData name="OBJECTID">42655490</SimpleData>
		<SimpleData name="LIC_LI_NO">49495-91</SimpleData>
		<SimpleData name="COMP_NAME">Tourmaline Oil Corp.</SimpleData>
		<SimpleData name="SEG_LENGTH">0.35</SimpleData>
		<SimpleData name="SEG_STATUS">Operating</SimpleData>
		<SimpleData name="FROM_FAC">Pipeline</SimpleData>
		<SimpleData name="FROM_LOC">05-17-051-18W5</SimpleData>
		<SimpleData name="TO_FAC">Gas Processing Plant</SimpleData>
		<SimpleData name="TO_LOC">04-17-051-18W5</SimpleData>
		<SimpleData name="OUT_DIAMET">323.8</SimpleData>
		<SimpleData name="PIP_MATERL">Steel</SimpleData>
		<SimpleData name="SUBSTANCE1">Natural Gas</SimpleData>
		<SimpleData name="GEOM_SRCE">Mapping</SimpleData>
		<SimpleData name="SHAPE_LEN">371.0611574671048</SimpleData>
	</SchemaData></ExtendedData>
      <MultiGeometry><LineString><coordinates>-116.62715358544,53.4000801430242 -116.627148877369,53.3987338201621 -116.627350243724,53.3985012527769 -116.627369634757,53.3976025383149 -116.627142575688,53.3974814412005 -116.627137704124,53.3968340496803</coordinates></LineString></MultiGeometry>
  </Placemark>
  <Placemark>
	<Style><LineStyle><color>ff0000ff</color></LineStyle><PolyStyle><fill>0</fill></PolyStyle></Style>
	<ExtendedData><SchemaData schemaUrl="#TOU_Edson_Sept2026">
		<SimpleData name="OBJECTID">42655523</SimpleData>
		<SimpleData name="LIC_LI_NO">49495-90</SimpleData>
		<SimpleData name="COMP_NAME">Tourmaline Oil Corp.</SimpleData>
		<SimpleData name="SEG_LENGTH">0.35</SimpleData>
		<SimpleData name="SEG_STATUS">Operating</SimpleData>
		<SimpleData name="FROM_FAC">Pipeline</SimpleData>
		<SimpleData name="FROM_LOC">05-17-051-18W5</SimpleData>
		<SimpleData name="TO_FAC">Gas Processing Plant</SimpleData>
		<SimpleData name="TO_LOC">04-17-051-18W5</SimpleData>
		<SimpleData name="OUT_DIAMET">323.8</SimpleData>
		<SimpleData name="PIP_MATERL">Steel</SimpleData>
		<SimpleData name="SUBSTANCE1">Natural Gas</SimpleData>
		<SimpleData name="GEOM_SRCE">Mapping</SimpleData>
		<SimpleData name="SHAPE_LEN">371.1383039083388</SimpleData>
	</SchemaData></ExtendedData>
      <MultiGeometry><LineString><coordinates>-116.627382857958,53.4000798564799 -116.627378261279,53.3987670389204 -116.627578789505,53.3985354368975 -116.627600222409,53.3975418703556 -116.627371372997,53.3974198191108 -116.627366956879,53.3968334342325</coordinates></LineString></MultiGeometry>
  </Placemark>
  <Placemark>
	<Style><LineStyle><color>ff0000ff</color></LineStyle><PolyStyle><fill>0</fill></PolyStyle></Style>
	<ExtendedData><SchemaData schemaUrl="#TOU_Edson_Sept2026">
		<SimpleData name="OBJECTID">42655973</SimpleData>
		<SimpleData name="LIC_LI_NO">54867-5</SimpleData>
		<SimpleData name="COMP_NAME">Tourmaline Oil Corp.</SimpleData>
		<SimpleData name="SEG_LENGTH">2.08</SimpleData>
		<SimpleData name="SEG_STATUS">Operating</SimpleData>
		<SimpleData name="FROM_FAC">Pipeline</SimpleData>
		<SimpleData name="FROM_LOC">16-27-051-16W5</SimpleData>
		<SimpleData name="TO_FAC">Pipeline</SimpleData>
		<SimpleData name="TO_LOC">15-28-051-16W5</SimpleData>
		<SimpleData name="OUT_DIAMET">219.1</SimpleData>
		<SimpleData name="PIP_MATERL">Steel</SimpleData>
		<SimpleData name="SUBSTANCE1">Natural Gas</SimpleData>
		<SimpleData name="GEOM_SRCE">Mapping</SimpleData>
		<SimpleData name="SHAPE_LEN">2083.3387951207046</SimpleData>
	</SchemaData></ExtendedData>
      <MultiGeometry><LineString><coordinates>-116.263621847991,53.4378443908567 -116.265543268925,53.4377443465726 -116.266468168951,53.4385316594399 -116.268866735439,53.4384796983501 -116.269333923167,53.4385317669976 -116.281240716762,53.4383475069279 -116.28706014331,53.4382511860976 -116.293229616374,53.4383610496191 -116.294281997221,53.4383675255797</coordinates></LineString></MultiGeometry>
  </Placemark>
  <Placemark>
	<Style><LineStyle><color>ff0000ff</color></LineStyle><PolyStyle><fill>0</fill></PolyStyle></Style>
	<ExtendedData><SchemaData schemaUrl="#TOU_Edson_Sept2026">
		<SimpleData name="OBJECTID">42656206</SimpleData>
		<SimpleData name="LIC_LI_NO">54867-4</SimpleData>
		<SimpleData name="COMP_NAME">Tourmaline Oil Corp.</SimpleData>
		<SimpleData name="SEG_LENGTH">1.34</SimpleData>
		<SimpleData name="SEG_STATUS">Operating</SimpleData>
		<SimpleData name="FROM_FAC">Well</SimpleData>
		<SimpleData name="FROM_LOC">02-35-051-16W5</SimpleData>
		<SimpleData name="TO_FAC">Pipeline</SimpleData>
		<SimpleData name="TO_LOC">16-27-051-16W5</SimpleData>
		<SimpleData name="OUT_DIAMET">219.1</SimpleData>
		<SimpleData name="PIP_MATERL">Steel</SimpleData>
		<SimpleData name="SUBSTANCE1">Natural Gas</SimpleData>
		<SimpleData name="GEOM_SRCE">Mapping</SimpleData>
		<SimpleData name="SHAPE_LEN">1324.2233263996595</SimpleData>
	</SchemaData></ExtendedData>
      <MultiGeometry><LineString><coordinates>-116.24562200191,53.4397041358718 -116.246527671702,53.4388812648514 -116.250982746877,53.4387610782656 -116.255944004749,53.4386401341572 -116.260116845432,53.4385484341526 -116.261350117333,53.4388198942954 -116.262227749806,53.4388000123096 -116.263182447849,53.438621051009 -116.263414573417,53.4377374327866</coordinates></LineString></MultiGeometry>
  </Placemark>
  <Placemark>
	<Style><LineStyle><color>ff0000ff</color></LineStyle><PolyStyle><fill>0</fill></PolyStyle></Style>
	<ExtendedData><SchemaData schemaUrl="#TOU_Edson_Sept2026">
		<SimpleData name="OBJECTID">42656274</SimpleData>
		<SimpleData name="LIC_LI_NO">54867-6</SimpleData>
		<SimpleData name="COMP_NAME">Tourmaline Oil Corp.</SimpleData>
		<SimpleData name="SEG_LENGTH">2.08</SimpleData>
		<SimpleData name="SEG_STATUS">Operating</SimpleData>
		<SimpleData name="FROM_FAC">Pipeline</SimpleData>
		<SimpleData name="FROM_LOC">16-27-051-16W5</SimpleData>
		<SimpleData name="TO_FAC">Pipeline</SimpleData>
		<SimpleData name="TO_LOC">15-28-051-16W5</SimpleData>
		<SimpleData name="OUT_DIAMET">219.1</SimpleData>
		<SimpleData name="PIP_MATERL">Steel</SimpleData>
		<SimpleData name="SUBSTANCE1">Natural Gas</SimpleData>
		<SimpleData name="GEOM_SRCE">Mapping</SimpleData>
		<SimpleData name="SHAPE_LEN">2095.833846160724</SimpleData>
	</SchemaData></ExtendedData>
      <MultiGeometry><LineString><coordinates>-116.263414573417,53.4377374327866 -116.26560943254,53.4376095698173 -116.266556938671,53.4384255469747 -116.268878623743,53.4383782128924 -116.269347413167,53.4384304593221 -116.281236939346,53.4382464658362 -116.287060324769,53.4381470207603 -116.293233111719,53.4382569428787 -116.293936728843,53.4382662844022 -116.294229803307,53.438270979511</coordinates></LineString></MultiGeometry>
  </Placemark>
  <Placemark>
	<Style><LineStyle><color>ff0000ff</color></LineStyle><PolyStyle><fill>0</fill></PolyStyle></Style>
	<ExtendedData><SchemaData schemaUrl="#TOU_Edson_Sept2026">
		<SimpleData name="OBJECTID">42656332</SimpleData>
		<SimpleData name="LIC_LI_NO">49495-92</SimpleData>
		<SimpleData name="COMP_NAME">Tourmaline Oil Corp.</SimpleData>
		<SimpleData name="SEG_LENGTH">0.35</SimpleData>
		<SimpleData name="SEG_STATUS">Operating</SimpleData>
		<SimpleData name="FROM_FAC">Pipeline</SimpleData>
		<SimpleData name="FROM_LOC">05-17-051-18W5</SimpleData>
		<SimpleData name="TO_FAC">Gas Processing Plant</SimpleData>
		<SimpleData name="TO_LOC">04-17-051-18W5</SimpleData>
		<SimpleData name="OUT_DIAMET">323.8</SimpleData>
		<SimpleData name="PIP_MATERL">Steel</SimpleData>
		<SimpleData name="SUBSTANCE1">Natural Gas</SimpleData>
		<SimpleData name="GEOM_SRCE">Mapping</SimpleData>
		<SimpleData name="SHAPE_LEN">370.9838547223447</SimpleData>
	</SchemaData></ExtendedData>
      <MultiGeometry><LineString><coordinates>-116.626924314718,53.4000804295686 -116.626919497053,53.3987006013778 -116.627121699739,53.3984670697001 -116.627139048902,53.3976632061878 -116.626913779276,53.3975430621298 -116.626908453165,53.3968346661993</coordinates></LineString></MultiGeometry>
  </Placemark>
  <Placemark>
	<Style><LineStyle><color>ff0000ff</color></LineStyle><PolyStyle><fill>0</fill></PolyStyle></Style>
	<ExtendedData><SchemaData schemaUrl="#TOU_Edson_Sept2026">
		<SimpleData name="OBJECTID">42656381</SimpleData>
		<SimpleData name="LIC_LI_NO">54867-3</SimpleData>
		<SimpleData name="COMP_NAME">Tourmaline Oil Corp.</SimpleData>
		<SimpleData name="SEG_LENGTH">1.34</SimpleData>
		<SimpleData name="SEG_STATUS">Operating</SimpleData>
		<SimpleData name="FROM_FAC">Well</SimpleData>
		<SimpleData name="FROM_LOC">02-35-051-16W5</SimpleData>
		<SimpleData name="TO_FAC">Pipeline</SimpleData>
		<SimpleData name="TO_LOC">16-27-051-16W5</SimpleData>
		<SimpleData name="OUT_DIAMET">219.1</SimpleData>
		<SimpleData name="PIP_MATERL">Steel</SimpleData>
		<SimpleData name="SUBSTANCE1">Natural Gas</SimpleData>
		<SimpleData name="GEOM_SRCE">Mapping</SimpleData>
		<SimpleData name="SHAPE_LEN">1327.3630201013452</SimpleData>
	</SchemaData></ExtendedData>
      <MultiGeometry><LineString><coordinates>-116.245767903584,53.4398199758763 -116.246655011486,53.4390150037471 -116.250992606786,53.4388979837748 -116.255952906155,53.4387770625307 -116.260079997438,53.4386863699002 -116.261313393306,53.4389578559172 -116.262267162491,53.4389362509492 -116.263386752592,53.4387263790494 -116.263621847991,53.4378443908567</coordinates></LineString></MultiGeometry>
  </Placemark>
  <Placemark>
	<Style><LineStyle><color>ff0000ff</color></LineStyle><PolyStyle><fill>0</fill></PolyStyle></Style>
	<ExtendedData><SchemaData schemaUrl="#TOU_Edson_Sept2026">
		<SimpleData name="OBJECTID">42656488</SimpleData>
		<SimpleData name="LIC_LI_NO">23566-1</SimpleData>
		<SimpleData name="COMP_NAME">Tourmaline Oil Corp.</SimpleData>
		<SimpleData name="SEG_LENGTH">6.16</SimpleData>
		<SimpleData name="SEG_STATUS">Discontinued</SimpleData>
		<SimpleData name="FROM_FAC">Blind End</SimpleData>
		<SimpleData name="FROM_LOC">06-21-051-18W5</SimpleData>
		<SimpleData name="TO_FAC">Blind End</SimpleData>
		<SimpleData name="TO_LOC">14-24-051-18W5</SimpleData>
		<SimpleData name="OUT_DIAMET">114.3</SimpleData>
		<SimpleData name="PIP_MATERL">Steel</SimpleData>
		<SimpleData name="SUBSTANCE1">Sour Natural Gas</SimpleData>
		<SimpleData name="GEOM_SRCE">Mapping</SimpleData>
		<SimpleData name="SHAPE_LEN">6054.850593242834</SimpleData>
	</SchemaData></ExtendedData>
      <MultiGeometry><LineString><coordinates>-116.597654631783,53.4154028836599 -116.596911820265,53.4154128207574 -116.595374709389,53.4192004349439 -116.592679873131,53.4236941648874 -116.58165543535,53.4283717620298 -116.578456575048,53.4296838748091 -116.554879763105,53.4297311789693 -116.550093894106,53.4290404860103 -116.533871875058,53.4267277083425 -116.524158206838,53.4253130273634 -116.521253941846,53.4243654349634</coordinates></LineString></MultiGeometry>
  </Placemark>
  <Placemark>
	<Style><LineStyle><color>ff0000ff</color></LineStyle><PolyStyle><fill>0</fill></PolyStyle></Style>
	<ExtendedData><SchemaData schemaUrl="#TOU_Edson_Sept2026">
		<SimpleData name="OBJECTID">42656606</SimpleData>
		<SimpleData name="LIC_LI_NO">49495-87</SimpleData>
		<SimpleData name="COMP_NAME">Tourmaline Oil Corp.</SimpleData>
		<SimpleData name="SEG_LENGTH">7.07</SimpleData>
		<SimpleData name="SEG_STATUS">Operating</SimpleData>
		<SimpleData name="FROM_FAC">Gas Processing Plant</SimpleData>
		<SimpleData name="FROM_LOC">04-17-051-18W5</SimpleData>
		<SimpleData name="TO_FAC">Pipeline</SimpleData>
		<SimpleData name="TO_LOC">08-27-051-18W5</SimpleData>
		<SimpleData name="OUT_DIAMET">323.8</SimpleData>
		<SimpleData name="PIP_MATERL">Steel</SimpleData>
		<SimpleData name="SUBSTANCE1">Natural Gas</SimpleData>
		<SimpleData name="GEOM_SRCE">Mapping</SimpleData>
		<SimpleData name="SHAPE_LEN">6914.156544867579</SimpleData>
	</SchemaData></ExtendedData>
      <MultiGeometry><LineString><coordinates>-116.626982815704,53.3966973943399 -116.626678172737,53.3966983965214 -116.626684981069,53.3976046835054 -116.626908462148,53.3977238729029 -116.626893155754,53.3984328849891 -116.626690117635,53.3986673809608 -116.626705639625,53.4031193846525 -116.626729915697,53.409847336277 -116.625255421888,53.4104652317929 -116.625104680092,53.41054886189 -116.624995463818,53.4106048174238 -116.615921713186,53.4144011502114 -116.610242042038,53.4167787105363 -116.607756043423,53.4178203980757 -116.607240683537,53.4180393155192 -116.606234656657,53.4184666447626 -116.606145948921,53.4188542620366 -116.605310594759,53.4192481035696 -116.604230948246,53.4197018835545 -116.603770833853,53.4196624009458 -116.595078639044,53.423311904095 -116.593420549354,53.4242178811579 -116.588250621825,53.4264128401711 -116.587938253346,53.426895314426 -116.586741100008,53.4274342422158 -116.585950721796,53.4278207024284 -116.583714661442,53.4281559674039 -116.574475911852,53.4320156906896 -116.570952718409,53.4298364610713 -116.559170842741,53.4298599428725</coordinates></LineString></MultiGeometry>
  </Placemark>
  <Placemark>
	<Style><LineStyle><color>ff0000ff</color></LineStyle><PolyStyle><fill>0</fill></PolyStyle></Style>
	<ExtendedData><SchemaData schemaUrl="#TOU_Edson_Sept2026">
		<SimpleData name="OBJECTID">42656607</SimpleData>
		<SimpleData name="LIC_LI_NO">23589-1</SimpleData>
		<SimpleData name="COMP_NAME">Tourmaline Oil Corp.</SimpleData>
		<SimpleData name="SEG_LENGTH">5.8</SimpleData>
		<SimpleData name="SEG_STATUS">Discontinued</SimpleData>
		<SimpleData name="FROM_FAC">Blind End</SimpleData>
		<SimpleData name="FROM_LOC">14-24-051-18W5</SimpleData>
		<SimpleData name="TO_FAC">Blind End</SimpleData>
		<SimpleData name="TO_LOC">06-21-051-18W5</SimpleData>
		<SimpleData name="OUT_DIAMET">60.3</SimpleData>
		<SimpleData name="PIP_MATERL">Steel</SimpleData>
		<SimpleData name="SUBSTANCE1">Fuel Gas</SimpleData>
		<SimpleData name="GEOM_SRCE">Mapping</SimpleData>
		<SimpleData name="SHAPE_LEN">6062.656005576325</SimpleData>
	</SchemaData></ExtendedData>
      <MultiGeometry><LineString><coordinates>-116.597649698236,53.4152712865017 -116.596741840148,53.4152835205197 -116.595152872226,53.4191540248886 -116.592484178739,53.4236145748576 -116.581524108842,53.4282594014698 -116.578385013456,53.429546998489 -116.554904085889,53.4295941063738 -116.533925767687,53.4265945158188 -116.52424810574,53.4251849070113 -116.521179003487,53.4241857512517</coordinates></LineString></MultiGeometry>
  </Placemark>
  <Placemark>
	<Style><LineStyle><color>ff0000ff</color></LineStyle><PolyStyle><fill>0</fill></PolyStyle></Style>
	<ExtendedData><SchemaData schemaUrl="#TOU_Edson_Sept2026">
		<SimpleData name="OBJECTID">42657864</SimpleData>
		<SimpleData name="LIC_LI_NO">57419-1</SimpleData>
		<SimpleData name="COMP_NAME">Tourmaline Oil Corp.</SimpleData>
		<SimpleData name="SEG_LENGTH">8.3</SimpleData>
		<SimpleData name="SEG_STATUS">Operating</SimpleData>
		<SimpleData name="FROM_FAC">Pipeline</SimpleData>
		<SimpleData name="FROM_LOC">08-21-052-15W5</SimpleData>
		<SimpleData name="TO_FAC">Pipeline</SimpleData>
		<SimpleData name="TO_LOC">14-02-053-15W5</SimpleData>
		<SimpleData name="OUT_DIAMET">168.3</SimpleData>
		<SimpleData name="PIP_MATERL">Steel</SimpleData>
		<SimpleData name="SUBSTANCE1">Natural Gas</SimpleData>
		<SimpleData name="GEOM_SRCE">Mapping</SimpleData>
		<SimpleData name="SHAPE_LEN">8090.322961702478</SimpleData>
	</SchemaData></ExtendedData>
      <MultiGeometry><LineString><coordinates>-116.139432923827,53.503716572208 -116.139430009693,53.5049830652472 -116.139156443044,53.5049888840423 -116.128034965653,53.5050803369533 -116.121938022565,53.505810982913 -116.121607683289,53.5059560869451 -116.115622978407,53.5059820211478 -116.11548779633,53.5268515830736 -116.115877362431,53.5397186973106 -116.115002738416,53.5403951779601 -116.115021488052,53.5416527054264 -116.117960401963,53.5434595746964 -116.11793086895,53.5532583798631 -116.116591103569,53.5544370319864 -116.109692476971,53.5545654130044 -116.10387280698,53.5546440313834</coordinates></LineString></MultiGeometry>
  </Placemark>
  <Placemark>
	<Style><LineStyle><color>ff0000ff</color></LineStyle><PolyStyle><fill>0</fill></PolyStyle></Style>
	<ExtendedData><SchemaData schemaUrl="#TOU_Edson_Sept2026">
		<SimpleData name="OBJECTID">42661865</SimpleData>
		<SimpleData name="LIC_LI_NO">57674-1</SimpleData>
		<SimpleData name="COMP_NAME">Tourmaline Oil Corp.</SimpleData>
		<SimpleData name="SEG_LENGTH">0.53</SimpleData>
		<SimpleData name="SEG_STATUS">Operating</SimpleData>
		<SimpleData name="FROM_FAC">Well</SimpleData>
		<SimpleData name="FROM_LOC">13-33-051-15W5</SimpleData>
		<SimpleData name="TO_FAC">Pipeline</SimpleData>
		<SimpleData name="TO_LOC">01-05-052-15W5</SimpleData>
		<SimpleData name="OUT_DIAMET">114.3</SimpleData>
		<SimpleData name="PIP_MATERL">Steel</SimpleData>
		<SimpleData name="SUBSTANCE1">Natural Gas</SimpleData>
		<SimpleData name="GEOM_SRCE">Mapping</SimpleData>
		<SimpleData name="SHAPE_LEN">446.06404883899114</SimpleData>
	</SchemaData></ExtendedData>
      <MultiGeometry><LineString><coordinates>-116.160318455942,53.4525333159211 -116.159939030923,53.4530846697415 -116.15992747769,53.4540000558609 -116.16226867417,53.453998085223 -116.163749081588,53.4540023255178 -116.164032685113,53.4541401699058</coordinates></LineString></MultiGeometry>
  </Placemark>
  <Placemark>
	<Style><LineStyle><color>ff0000ff</color></LineStyle><PolyStyle><fill>0</fill></PolyStyle></Style>
	<ExtendedData><SchemaData schemaUrl="#TOU_Edson_Sept2026">
		<SimpleData name="OBJECTID">42662053</SimpleData>
		<SimpleData name="LIC_LI_NO">49495-95</SimpleData>
		<SimpleData name="COMP_NAME">Tourmaline Oil Corp.</SimpleData>
		<SimpleData name="SEG_LENGTH">5.36</SimpleData>
		<SimpleData name="SEG_STATUS">Operating</SimpleData>
		<SimpleData name="FROM_FAC">Pipeline</SimpleData>
		<SimpleData name="FROM_LOC">03-06-051-18W5</SimpleData>
		<SimpleData name="TO_FAC">Pipeline</SimpleData>
		<SimpleData name="TO_LOC">04-17-051-18W5</SimpleData>
		<SimpleData name="OUT_DIAMET">219.1</SimpleData>
		<SimpleData name="PIP_MATERL">Steel</SimpleData>
		<SimpleData name="SUBSTANCE1">Natural Gas</SimpleData>
		<SimpleData name="GEOM_SRCE">Mapping</SimpleData>
		<SimpleData name="SHAPE_LEN">5155.28846864314</SimpleData>
	</SchemaData></ExtendedData>
      <MultiGeometry><LineString><coordinates>-116.646621737733,53.3673154382432 -116.645579169184,53.3706431473149 -116.644988244814,53.3705769167045 -116.644956756168,53.3706770944023 -116.644762305045,53.3709419384245 -116.64476200411,53.3714963827323 -116.636858197744,53.3718615300253 -116.63688401263,53.3735474924194 -116.622547924775,53.3765781944899 -116.616034440076,53.3862656565406 -116.621065550046,53.3901178975441 -116.623792671755,53.3901022137353 -116.623793052641,53.3919126761858 -116.626427961388,53.3939072933829 -116.626411108993,53.3966977157236 -116.626408578439,53.3976465181794 -116.626677874496,53.3977845400672 -116.626664613566,53.3983987002505 -116.62646075798,53.3986341353439</coordinates></LineString></MultiGeometry>
  </Placemark>
  <Placemark>
	<Style><LineStyle><color>ff0000ff</color></LineStyle><PolyStyle><fill>0</fill></PolyStyle></Style>
	<ExtendedData><SchemaData schemaUrl="#TOU_Edson_Sept2026">
		<SimpleData name="OBJECTID">42662291</SimpleData>
		<SimpleData name="LIC_LI_NO">55018-21</SimpleData>
		<SimpleData name="COMP_NAME">Tourmaline Oil Corp.</SimpleData>
		<SimpleData name="SEG_LENGTH">2.35</SimpleData>
		<SimpleData name="SEG_STATUS">Operating</SimpleData>
		<SimpleData name="FROM_FAC">Well</SimpleData>
		<SimpleData name="FROM_LOC">05-11-050-17W5</SimpleData>
		<SimpleData name="TO_FAC">Pipeline</SimpleData>
		<SimpleData name="TO_LOC">07-09-050-17W5</SimpleData>
		<SimpleData name="OUT_DIAMET">219.1</SimpleData>
		<SimpleData name="PIP_MATERL">Steel</SimpleData>
		<SimpleData name="SUBSTANCE1">Natural Gas</SimpleData>
		<SimpleData name="GEOM_SRCE">Mapping</SimpleData>
		<SimpleData name="SHAPE_LEN">2294.6595922757742</SimpleData>
	</SchemaData></ExtendedData>
      <MultiGeometry><LineString><coordinates>-116.387562573929,53.2991617894539 -116.401491653095,53.298954684171 -116.41067496226,53.2988956768646 -116.411446483036,53.2988831506193 -116.411479548225,53.2988044389853 -116.415031802168,53.2987670679271 -116.415081970381,53.2988240589254 -116.421518738955,53.298719162874 -116.421804282841,53.298637121252</coordinates></LineString></MultiGeometry>
  </Placemark>
  <Placemark>
	<Style><LineStyle><color>ff0000ff</color></LineStyle><PolyStyle><fill>0</fill></PolyStyle></Style>
	<ExtendedData><SchemaData schemaUrl="#TOU_Edson_Sept2026">
		<SimpleData name="OBJECTID">42662397</SimpleData>
		<SimpleData name="LIC_LI_NO">55018-22</SimpleData>
		<SimpleData name="COMP_NAME">Tourmaline Oil Corp.</SimpleData>
		<SimpleData name="SEG_LENGTH">0.28</SimpleData>
		<SimpleData name="SEG_STATUS">Operating</SimpleData>
		<SimpleData name="FROM_FAC">Well</SimpleData>
		<SimpleData name="FROM_LOC">11-14-050-18W5</SimpleData>
		<SimpleData name="TO_FAC">Pipeline</SimpleData>
		<SimpleData name="TO_LOC">07-14-050-18W5</SimpleData>
		<SimpleData name="OUT_DIAMET">168.3</SimpleData>
		<SimpleData name="PIP_MATERL">Steel</SimpleData>
		<SimpleData name="SUBSTANCE1">Natural Gas</SimpleData>
		<SimpleData name="GEOM_SRCE">Mapping</SimpleData>
		<SimpleData name="SHAPE_LEN">260.65114551614056</SimpleData>
	</SchemaData></ExtendedData>
      <MultiGeometry><LineString><coordinates>-116.525618303348,53.3162038208872 -116.525032334085,53.3154863136966 -116.523478799311,53.3142529456064</coordinates></LineString></MultiGeometry>
  </Placemark>
  <Placemark>
	<Style><LineStyle><color>ff0000ff</color></LineStyle><PolyStyle><fill>0</fill></PolyStyle></Style>
	<ExtendedData><SchemaData schemaUrl="#TOU_Edson_Sept2026">
		<SimpleData name="OBJECTID">42662429</SimpleData>
		<SimpleData name="LIC_LI_NO">57727-1</SimpleData>
		<SimpleData name="COMP_NAME">Tourmaline Oil Corp.</SimpleData>
		<SimpleData name="SEG_LENGTH">0.4</SimpleData>
		<SimpleData name="SEG_STATUS">Operating</SimpleData>
		<SimpleData name="FROM_FAC">Well</SimpleData>
		<SimpleData name="FROM_LOC">08-02-052-16W5</SimpleData>
		<SimpleData name="TO_FAC">Pipeline</SimpleData>
		<SimpleData name="TO_LOC">04-01-052-16W5</SimpleData>
		<SimpleData name="OUT_DIAMET">168.3</SimpleData>
		<SimpleData name="PIP_MATERL">Steel</SimpleData>
		<SimpleData name="SUBSTANCE1">Natural Gas</SimpleData>
		<SimpleData name="GEOM_SRCE">Mapping</SimpleData>
		<SimpleData name="SHAPE_LEN">513.0078501038059</SimpleData>
	</SchemaData></ExtendedData>
      <MultiGeometry><LineString><coordinates>-116.242683739278,53.4585686750863 -116.242927997492,53.4581076458891 -116.236278594097,53.456967282915</coordinates></LineString></MultiGeometry>
  </Placemark>
  <Placemark>
	<Style><LineStyle><color>ff0000ff</color></LineStyle><PolyStyle><fill>0</fill></PolyStyle></Style>
	<ExtendedData><SchemaData schemaUrl="#TOU_Edson_Sept2026">
		<SimpleData name="OBJECTID">42664213</SimpleData>
		<SimpleData name="LIC_LI_NO">49495-96</SimpleData>
		<SimpleData name="COMP_NAME">Tourmaline Oil Corp.</SimpleData>
		<SimpleData name="SEG_LENGTH">1.78</SimpleData>
		<SimpleData name="SEG_STATUS">Operating</SimpleData>
		<SimpleData name="FROM_FAC">Battery</SimpleData>
		<SimpleData name="FROM_LOC">03-06-051-18W5</SimpleData>
		<SimpleData name="TO_FAC">Pipeline</SimpleData>
		<SimpleData name="TO_LOC">09-06-051-18W5</SimpleData>
		<SimpleData name="OUT_DIAMET">219.1</SimpleData>
		<SimpleData name="PIP_MATERL">Steel</SimpleData>
		<SimpleData name="SUBSTANCE1">Natural Gas</SimpleData>
		<SimpleData name="GEOM_SRCE">Mapping</SimpleData>
		<SimpleData name="SHAPE_LEN">1795.3597500727842</SimpleData>
	</SchemaData></ExtendedData>
      <MultiGeometry><LineString><coordinates>-116.644993700283,53.36744700365 -116.645780036075,53.3680963316802 -116.645063894639,53.3703107535307 -116.644805381958,53.370417010293 -116.644736432667,53.3706363641115 -116.644533205902,53.3709131577052 -116.644531976108,53.3716444512124 -116.637089267791,53.3719882948194 -116.637114639808,53.3736446029731 -116.632530221604,53.3745979204855 -116.632537557247,53.3772153023543</coordinates></LineString></MultiGeometry>
  </Placemark>
  <Placemark>
	<Style><LineStyle><color>ff0000ff</color></LineStyle><PolyStyle><fill>0</fill></PolyStyle></Style>
	<ExtendedData><SchemaData schemaUrl="#TOU_Edson_Sept2026">
		<SimpleData name="OBJECTID">42664831</SimpleData>
		<SimpleData name="LIC_LI_NO">57880-10</SimpleData>
		<SimpleData name="COMP_NAME">Tourmaline Oil Corp.</SimpleData>
		<SimpleData name="SEG_LENGTH">1.37</SimpleData>
		<SimpleData name="SEG_STATUS">Operating</SimpleData>
		<SimpleData name="FROM_FAC">Well</SimpleData>
		<SimpleData name="FROM_LOC">15-04-050-19W5</SimpleData>
		<SimpleData name="TO_FAC">Pipeline</SimpleData>
		<SimpleData name="TO_LOC">05-04-050-19W5</SimpleData>
		<SimpleData name="OUT_DIAMET">168.3</SimpleData>
		<SimpleData name="PIP_MATERL">Steel</SimpleData>
		<SimpleData name="SUBSTANCE1">Natural Gas</SimpleData>
		<SimpleData name="GEOM_SRCE">Mapping</SimpleData>
		<SimpleData name="SHAPE_LEN">1352.9831378194942</SimpleData>
	</SchemaData></ExtendedData>
      <MultiGeometry><LineString><coordinates>-116.71645532882,53.2926684826967 -116.725539280721,53.2872864710685 -116.725521215601,53.2866983903581 -116.726349172137,53.286692653878 -116.726656710374,53.2864446784589 -116.726981647182,53.2862296230954 -116.729746423573,53.2846720111464 -116.729164299998,53.2842433181122</coordinates></LineString></MultiGeometry>
  </Placemark>
  <Placemark>
	<Style><LineStyle><color>ff0000ff</color></LineStyle><PolyStyle><fill>0</fill></PolyStyle></Style>
	<ExtendedData><SchemaData schemaUrl="#TOU_Edson_Sept2026">
		<SimpleData name="OBJECTID">42665731</SimpleData>
		<SimpleData name="LIC_LI_NO">49495-98</SimpleData>
		<SimpleData name="COMP_NAME">Tourmaline Oil Corp.</SimpleData>
		<SimpleData name="SEG_LENGTH">2.97</SimpleData>
		<SimpleData name="SEG_STATUS">Operating</SimpleData>
		<SimpleData name="FROM_FAC">Pipeline</SimpleData>
		<SimpleData name="FROM_LOC">12-27-049-19W5</SimpleData>
		<SimpleData name="TO_FAC">Pipeline</SimpleData>
		<SimpleData name="TO_LOC">08-20-049-19W5</SimpleData>
		<SimpleData name="OUT_DIAMET">168.3</SimpleData>
		<SimpleData name="PIP_MATERL">Steel</SimpleData>
		<SimpleData name="SUBSTANCE1">Natural Gas</SimpleData>
		<SimpleData name="GEOM_SRCE">Mapping</SimpleData>
		<SimpleData name="SHAPE_LEN">2945.0447814838767</SimpleData>
	</SchemaData></ExtendedData>
      <MultiGeometry><LineString><coordinates>-116.705806742561,53.2593528056249 -116.709764023509,53.2570940930078 -116.709775494995,53.2568971372833 -116.715631060766,53.2535118538178 -116.716643812435,53.2535086786221 -116.718414235553,53.2536349322411 -116.722820183662,53.2519280892794 -116.723285955645,53.2491323663461 -116.735078589538,53.2424033674939 -116.735234898194,53.2419186706522 -116.735487875456,53.2417326037905</coordinates></LineString></MultiGeometry>
  </Placemark>
  <Placemark>
	<Style><LineStyle><color>ff0000ff</color></LineStyle><PolyStyle><fill>0</fill></PolyStyle></Style>
	<ExtendedData><SchemaData schemaUrl="#TOU_Edson_Sept2026">
		<SimpleData name="OBJECTID">42665984</SimpleData>
		<SimpleData name="LIC_LI_NO">50289-16</SimpleData>
		<SimpleData name="COMP_NAME">Tourmaline Oil Corp.</SimpleData>
		<SimpleData name="SEG_LENGTH">0.16</SimpleData>
		<SimpleData name="SEG_STATUS">Operating</SimpleData>
		<SimpleData name="FROM_FAC">Pipeline</SimpleData>
		<SimpleData name="FROM_LOC">06-02-053-18W5</SimpleData>
		<SimpleData name="TO_FAC">Pipeline</SimpleData>
		<SimpleData name="TO_LOC">11-02-053-18W5</SimpleData>
		<SimpleData name="OUT_DIAMET">273.1</SimpleData>
		<SimpleData name="PIP_MATERL">Steel</SimpleData>
		<SimpleData name="SUBSTANCE1">Natural Gas</SimpleData>
		<SimpleData name="GEOM_SRCE">Mapping</SimpleData>
		<SimpleData name="SHAPE_LEN">107.51734487301634</SimpleData>
	</SchemaData></ExtendedData>
      <MultiGeometry><LineString><coordinates>-116.547217060069,53.548450066976 -116.547182048231,53.549141555041 -116.547178890653,53.5494164385738</coordinates></LineString></MultiGeometry>
  </Placemark>
  <Placemark>
	<Style><LineStyle><color>ff0000ff</color></LineStyle><PolyStyle><fill>0</fill></PolyStyle></Style>
	<ExtendedData><SchemaData schemaUrl="#TOU_Edson_Sept2026">
		<SimpleData name="OBJECTID">42667149</SimpleData>
		<SimpleData name="LIC_LI_NO">55137-14</SimpleData>
		<SimpleData name="COMP_NAME">Tourmaline Oil Corp.</SimpleData>
		<SimpleData name="SEG_LENGTH">2.6</SimpleData>
		<SimpleData name="SEG_STATUS">Operating</SimpleData>
		<SimpleData name="FROM_FAC">Battery</SimpleData>
		<SimpleData name="FROM_LOC">01-26-051-18W5</SimpleData>
		<SimpleData name="TO_FAC">Pipeline</SimpleData>
		<SimpleData name="TO_LOC">10-27-051-18W5</SimpleData>
		<SimpleData name="OUT_DIAMET">219.1</SimpleData>
		<SimpleData name="PIP_MATERL">Steel</SimpleData>
		<SimpleData name="SUBSTANCE1">Natural Gas</SimpleData>
		<SimpleData name="GEOM_SRCE">Mapping</SimpleData>
		<SimpleData name="SHAPE_LEN">2606.6975582117348</SimpleData>
	</SchemaData></ExtendedData>
      <MultiGeometry><LineString><coordinates>-116.533346313905,53.4260520997343 -116.533790602678,53.4264337942006 -116.533979660316,53.426461323413 -116.554930788311,53.4294570290545 -116.557189025375,53.4294526990673 -116.557181992464,53.4330888830397 -116.557281951599,53.4331799092601 -116.55728260737,53.4336079479683 -116.557487163641,53.4339929777354 -116.561693922014,53.4339665959892 -116.562050212721,53.4340119061573 -116.562361415186,53.434131569402 -116.563062733522,53.4345272982262 -116.562763565786,53.4348951571316 -116.562960513327,53.4349448144684</coordinates></LineString></MultiGeometry>
  </Placemark>
  <Placemark>
	<Style><LineStyle><color>ff0000ff</color></LineStyle><PolyStyle><fill>0</fill></PolyStyle></Style>
	<ExtendedData><SchemaData schemaUrl="#TOU_Edson_Sept2026">
		<SimpleData name="OBJECTID">42667281</SimpleData>
		<SimpleData name="LIC_LI_NO">49495-101</SimpleData>
		<SimpleData name="COMP_NAME">Tourmaline Oil Corp.</SimpleData>
		<SimpleData name="SEG_LENGTH">2.86</SimpleData>
		<SimpleData name="SEG_STATUS">Operating</SimpleData>
		<SimpleData name="FROM_FAC">Pipeline</SimpleData>
		<SimpleData name="FROM_LOC">14-29-050-19W5</SimpleData>
		<SimpleData name="TO_FAC">Pipeline</SimpleData>
		<SimpleData name="TO_LOC">10-33-050-19W5</SimpleData>
		<SimpleData name="OUT_DIAMET">219.1</SimpleData>
		<SimpleData name="PIP_MATERL">Steel</SimpleData>
		<SimpleData name="SUBSTANCE1">Natural Gas</SimpleData>
		<SimpleData name="GEOM_SRCE">Mapping</SimpleData>
		<SimpleData name="SHAPE_LEN">2854.895520462683</SimpleData>
	</SchemaData></ExtendedData>
      <MultiGeometry><LineString><coordinates>-116.745545473564,53.3508760160426 -116.745513842984,53.3514178149439 -116.745556749217,53.3518757635857 -116.745403561309,53.3521080720336 -116.744939952469,53.3519821215561 -116.744628122081,53.3519512861689 -116.744559751304,53.353536216122 -116.74425190764,53.3534672072231 -116.743770051321,53.3534339005665 -116.740989236409,53.3536454261867 -116.739874224122,53.3536046313561 -116.735319652444,53.3536367786552 -116.733858223733,53.3539067531363 -116.73213116948,53.3537703803533 -116.732072151962,53.353982414208 -116.73040295101,53.3549192482371 -116.72976663387,53.354910775754 -116.728711215819,53.3555100890604 -116.726799744625,53.3543254878059 -116.721288012622,53.357493725782 -116.719759011736,53.35834716452 -116.719429335417,53.3586085285847 -116.714831392179,53.361240824774 -116.715135236544,53.3614399774501 -116.715013414211,53.3613532417882</coordinates></LineString></MultiGeometry>
  </Placemark>
  <Placemark>
	<Style><LineStyle><color>ff0000ff</color></LineStyle><PolyStyle><fill>0</fill></PolyStyle></Style>
	<ExtendedData><SchemaData schemaUrl="#TOU_Edson_Sept2026">
		<SimpleData name="OBJECTID">42667346</SimpleData>
		<SimpleData name="LIC_LI_NO">55137-15</SimpleData>
		<SimpleData name="COMP_NAME">Tourmaline Oil Corp.</SimpleData>
		<SimpleData name="SEG_LENGTH">2.14</SimpleData>
		<SimpleData name="SEG_STATUS">Operating</SimpleData>
		<SimpleData name="FROM_FAC">Battery</SimpleData>
		<SimpleData name="FROM_LOC">13-27-050-18W5</SimpleData>
		<SimpleData name="TO_FAC">Battery</SimpleData>
		<SimpleData name="TO_LOC">16-29-050-18W5</SimpleData>
		<SimpleData name="OUT_DIAMET">273.1</SimpleData>
		<SimpleData name="PIP_MATERL">Steel</SimpleData>
		<SimpleData name="SUBSTANCE1">Natural Gas</SimpleData>
		<SimpleData name="GEOM_SRCE">Mapping</SimpleData>
		<SimpleData name="SHAPE_LEN">2130.731301847184</SimpleData>
	</SchemaData></ExtendedData>
      <MultiGeometry><LineString><coordinates>-116.559893022652,53.3508879350511 -116.561097585295,53.3506532209107 -116.564528281907,53.3506587235881 -116.570790102681,53.3487546588023 -116.585931840108,53.3486991013381 -116.588831420385,53.3512484475598</coordinates></LineString></MultiGeometry>
  </Placemark>
  <Placemark>
	<Style><LineStyle><color>ff0000ff</color></LineStyle><PolyStyle><fill>0</fill></PolyStyle></Style>
	<ExtendedData><SchemaData schemaUrl="#TOU_Edson_Sept2026">
		<SimpleData name="OBJECTID">42667400</SimpleData>
		<SimpleData name="LIC_LI_NO">28988-5</SimpleData>
		<SimpleData name="COMP_NAME">Tourmaline Oil Corp.</SimpleData>
		<SimpleData name="SEG_LENGTH">5.68</SimpleData>
		<SimpleData name="SEG_STATUS">Operating</SimpleData>
		<SimpleData name="FROM_FAC">Pipeline</SimpleData>
		<SimpleData name="FROM_LOC">10-21-052-15W5</SimpleData>
		<SimpleData name="TO_FAC">Compressor Station</SimpleData>
		<SimpleData name="TO_LOC">09-24-052-15W5</SimpleData>
		<SimpleData name="OUT_DIAMET">114.3</SimpleData>
		<SimpleData name="PIP_MATERL">Steel</SimpleData>
		<SimpleData name="SUBSTANCE1">Natural Gas</SimpleData>
		<SimpleData name="GEOM_SRCE">Mapping</SimpleData>
		<SimpleData name="SHAPE_LEN">5811.936641265561</SimpleData>
	</SchemaData></ExtendedData>
      <MultiGeometry><LineString><coordinates>-116.145435205146,53.504791164773 -116.142691613724,53.5047770844078 -116.139190462244,53.5048515098289 -116.128010530579,53.5049434914354 -116.121842733771,53.5056826271167 -116.121531398355,53.505819382629 -116.111327967744,53.5058632137114 -116.108626452512,53.5053170887592 -116.094173232428,53.5053179313052 -116.093198878349,53.5058607918903 -116.09119057775,53.5066743412767 -116.085201018372,53.5111831359642 -116.083719732401,53.5115419003819 -116.083315801341,53.512261500752 -116.072140555289,53.5122584938309 -116.071936361936,53.5081953327107 -116.070799110058,53.5073861516586</coordinates></LineString></MultiGeometry>
  </Placemark>
  <Placemark>
	<Style><LineStyle><color>ff0000ff</color></LineStyle><PolyStyle><fill>0</fill></PolyStyle></Style>
	<ExtendedData><SchemaData schemaUrl="#TOU_Edson_Sept2026">
		<SimpleData name="OBJECTID">42668028</SimpleData>
		<SimpleData name="LIC_LI_NO">34897-6</SimpleData>
		<SimpleData name="COMP_NAME">Tourmaline Oil Corp.</SimpleData>
		<SimpleData name="SEG_LENGTH">0.62</SimpleData>
		<SimpleData name="SEG_STATUS">Operating</SimpleData>
		<SimpleData name="FROM_FAC">Well</SimpleData>
		<SimpleData name="FROM_LOC">11-25-052-15W5</SimpleData>
		<SimpleData name="TO_FAC">Pipeline</SimpleData>
		<SimpleData name="TO_LOC">13-25-052-15W5</SimpleData>
		<SimpleData name="OUT_DIAMET">168.3</SimpleData>
		<SimpleData name="PIP_MATERL">Steel</SimpleData>
		<SimpleData name="SUBSTANCE1">Natural Gas</SimpleData>
		<SimpleData name="GEOM_SRCE">Mapping</SimpleData>
		<SimpleData name="SHAPE_LEN">604.968918549771</SimpleData>
	</SchemaData></ExtendedData>
      <MultiGeometry><LineString><coordinates>-116.082619741743,53.5218471624311 -116.083349214178,53.522739938689 -116.088262229824,53.5256218894246 -116.08873423881,53.5258103179507</coordinates></LineString></MultiGeometry>
  </Placemark>
  <Placemark>
	<Style><LineStyle><color>ff0000ff</color></LineStyle><PolyStyle><fill>0</fill></PolyStyle></Style>
	<ExtendedData><SchemaData schemaUrl="#TOU_Edson_Sept2026">
		<SimpleData name="OBJECTID">42668059</SimpleData>
		<SimpleData name="LIC_LI_NO">34897-7</SimpleData>
		<SimpleData name="COMP_NAME">Tourmaline Oil Corp.</SimpleData>
		<SimpleData name="SEG_LENGTH">2.46</SimpleData>
		<SimpleData name="SEG_STATUS">Operating</SimpleData>
		<SimpleData name="FROM_FAC">Pipeline</SimpleData>
		<SimpleData name="FROM_LOC">01-34-052-15W5</SimpleData>
		<SimpleData name="TO_FAC">Pipeline</SimpleData>
		<SimpleData name="TO_LOC">09-03-053-15W5</SimpleData>
		<SimpleData name="OUT_DIAMET">168.3</SimpleData>
		<SimpleData name="PIP_MATERL">Steel</SimpleData>
		<SimpleData name="SUBSTANCE1">Natural Gas</SimpleData>
		<SimpleData name="GEOM_SRCE">Mapping</SimpleData>
		<SimpleData name="SHAPE_LEN">2465.0112077225594</SimpleData>
	</SchemaData></ExtendedData>
      <MultiGeometry><LineString><coordinates>-116.11526607505,53.5271255812858 -116.115645901617,53.5396731427811 -116.115593747228,53.5397134833177 -116.115612168081,53.5404528368078 -116.115592766267,53.5415227766719 -116.115589045446,53.5421985996693 -116.11773017184,53.5435149661016 -116.11771433005,53.5487607545298</coordinates></LineString></MultiGeometry>
  </Placemark>
  <Placemark>
	<Style><LineStyle><color>ff0000ff</color></LineStyle><PolyStyle><fill>0</fill></PolyStyle></Style>
	<ExtendedData><SchemaData schemaUrl="#TOU_Edson_Sept2026">
		<SimpleData name="OBJECTID">42668213</SimpleData>
		<SimpleData name="LIC_LI_NO">49495-104</SimpleData>
		<SimpleData name="COMP_NAME">Tourmaline Oil Corp.</SimpleData>
		<SimpleData name="SEG_LENGTH">0.77</SimpleData>
		<SimpleData name="SEG_STATUS">Operating</SimpleData>
		<SimpleData name="FROM_FAC">Pipeline</SimpleData>
		<SimpleData name="FROM_LOC">09-06-051-18W5</SimpleData>
		<SimpleData name="TO_FAC">Pipeline</SimpleData>
		<SimpleData name="TO_LOC">11-05-051-18W5</SimpleData>
		<SimpleData name="OUT_DIAMET">219.1</SimpleData>
		<SimpleData name="PIP_MATERL">Steel</SimpleData>
		<SimpleData name="SUBSTANCE1">Natural Gas</SimpleData>
		<SimpleData name="GEOM_SRCE">Mapping</SimpleData>
		<SimpleData name="SHAPE_LEN">777.6659441842841</SimpleData>
	</SchemaData></ExtendedData>
      <MultiGeometry><LineString><coordinates>-116.63242649224,53.3761150944144 -116.630441943996,53.376123145217 -116.630442540477,53.3768639508024 -116.629242662549,53.3768641812348 -116.626896068092,53.3760952077519 -116.62634221899,53.3760669412264 -116.622898629757,53.3767947406704 -116.62275871266,53.3770094974942</coordinates></LineString></MultiGeometry>
  </Placemark>
  <Placemark>
	<Style><LineStyle><color>ff0000ff</color></LineStyle><PolyStyle><fill>0</fill></PolyStyle></Style>
	<ExtendedData><SchemaData schemaUrl="#TOU_Edson_Sept2026">
		<SimpleData name="OBJECTID">42668214</SimpleData>
		<SimpleData name="LIC_LI_NO">49495-103</SimpleData>
		<SimpleData name="COMP_NAME">Tourmaline Oil Corp.</SimpleData>
		<SimpleData name="SEG_LENGTH">0.62</SimpleData>
		<SimpleData name="SEG_STATUS">Operating</SimpleData>
		<SimpleData name="FROM_FAC">Battery</SimpleData>
		<SimpleData name="FROM_LOC">01-01-051-19W5</SimpleData>
		<SimpleData name="TO_FAC">Pipeline</SimpleData>
		<SimpleData name="TO_LOC">13-36-050-19W5</SimpleData>
		<SimpleData name="OUT_DIAMET">219.1</SimpleData>
		<SimpleData name="PIP_MATERL">Steel</SimpleData>
		<SimpleData name="SUBSTANCE1">Natural Gas</SimpleData>
		<SimpleData name="GEOM_SRCE">Mapping</SimpleData>
		<SimpleData name="SHAPE_LEN">618.1843026474413</SimpleData>
	</SchemaData></ExtendedData>
      <MultiGeometry><LineString><coordinates>-116.659587436639,53.3669417738486 -116.660187267806,53.3674992327323 -116.658979808995,53.3679714800834 -116.658747364525,53.3677933794501 -116.657170126804,53.3670919089427 -116.656652090837,53.3667830973484 -116.656058555963,53.3662507026318 -116.655815702714,53.3659883219635 -116.654085596884,53.3663454048604 -116.653883837966,53.3662420924994</coordinates></LineString></MultiGeometry>
  </Placemark>
  <Placemark>
	<Style><LineStyle><color>ff0000ff</color></LineStyle><PolyStyle><fill>0</fill></PolyStyle></Style>
	<ExtendedData><SchemaData schemaUrl="#TOU_Edson_Sept2026">
		<SimpleData name="OBJECTID">42668672</SimpleData>
		<SimpleData name="LIC_LI_NO">47909-3</SimpleData>
		<SimpleData name="COMP_NAME">Tourmaline Oil Corp.</SimpleData>
		<SimpleData name="SEG_LENGTH">4.67</SimpleData>
		<SimpleData name="SEG_STATUS">Discontinued</SimpleData>
		<SimpleData name="FROM_FAC">Blind End</SimpleData>
		<SimpleData name="FROM_LOC">01-36-050-18W5</SimpleData>
		<SimpleData name="TO_FAC">Blind End</SimpleData>
		<SimpleData name="TO_LOC">06-09-051-17W5</SimpleData>
		<SimpleData name="OUT_DIAMET">114.3</SimpleData>
		<SimpleData name="PIP_MATERL">Steel</SimpleData>
		<SimpleData name="SUBSTANCE1">Natural Gas</SimpleData>
		<SimpleData name="GEOM_SRCE">Mapping</SimpleData>
		<SimpleData name="SHAPE_LEN">4680.110377959864</SimpleData>
	</SchemaData></ExtendedData>
      <MultiGeometry><LineString><coordinates>-116.49215651985,53.3547159049612 -116.491380514684,53.3553009527098 -116.489115838496,53.3569707378959 -116.488331811374,53.357543841838 -116.484310506598,53.3605916956861 -116.474892809009,53.367592481218 -116.469587123583,53.3716260224039 -116.468752153001,53.3723650175397 -116.465412079332,53.3747593139092 -116.464713856591,53.3749939354922 -116.463433403375,53.3750750779445 -116.463167172369,53.3751437774687 -116.462525249742,53.3761510280021 -116.461464857719,53.3777914628949 -116.457721788136,53.3806296323358 -116.457547673075,53.3814740949459 -116.456501021683,53.3814154867742 -116.455347292007,53.3822740350033 -116.449145536186,53.3869631649077</coordinates></LineString></MultiGeometry>
  </Placemark>
  <Placemark>
	<Style><LineStyle><color>ff0000ff</color></LineStyle><PolyStyle><fill>0</fill></PolyStyle></Style>
	<ExtendedData><SchemaData schemaUrl="#TOU_Edson_Sept2026">
		<SimpleData name="OBJECTID">42668764</SimpleData>
		<SimpleData name="LIC_LI_NO">34897-8</SimpleData>
		<SimpleData name="COMP_NAME">Tourmaline Oil Corp.</SimpleData>
		<SimpleData name="SEG_LENGTH">0.37</SimpleData>
		<SimpleData name="SEG_STATUS">Operating</SimpleData>
		<SimpleData name="FROM_FAC">Pipeline</SimpleData>
		<SimpleData name="FROM_LOC">09-03-053-15W5</SimpleData>
		<SimpleData name="TO_FAC">Pipeline</SimpleData>
		<SimpleData name="TO_LOC">10-03-053-15W5</SimpleData>
		<SimpleData name="OUT_DIAMET">168.3</SimpleData>
		<SimpleData name="PIP_MATERL">Steel</SimpleData>
		<SimpleData name="SUBSTANCE1">Natural Gas</SimpleData>
		<SimpleData name="GEOM_SRCE">Mapping</SimpleData>
		<SimpleData name="SHAPE_LEN">400.3302595590877</SimpleData>
	</SchemaData></ExtendedData>
      <MultiGeometry><LineString><coordinates>-116.123758311165,53.5487340859513 -116.11771433005,53.5487607545298</coordinates></LineString></MultiGeometry>
  </Placemark>
  <Placemark>
	<Style><LineStyle><color>ff0000ff</color></LineStyle><PolyStyle><fill>0</fill></PolyStyle></Style>
	<ExtendedData><SchemaData schemaUrl="#TOU_Edson_Sept2026">
		<SimpleData name="OBJECTID">42668914</SimpleData>
		<SimpleData name="LIC_LI_NO">55137-16</SimpleData>
		<SimpleData name="COMP_NAME">Tourmaline Oil Corp.</SimpleData>
		<SimpleData name="SEG_LENGTH">1.34</SimpleData>
		<SimpleData name="SEG_STATUS">Operating</SimpleData>
		<SimpleData name="FROM_FAC">Pipeline</SimpleData>
		<SimpleData name="FROM_LOC">02-25-051-18W5</SimpleData>
		<SimpleData name="TO_FAC">Pipeline</SimpleData>
		<SimpleData name="TO_LOC">01-26-051-18W5</SimpleData>
		<SimpleData name="OUT_DIAMET">219.1</SimpleData>
		<SimpleData name="PIP_MATERL">Steel</SimpleData>
		<SimpleData name="SUBSTANCE1">Natural Gas</SimpleData>
		<SimpleData name="GEOM_SRCE">Mapping</SimpleData>
		<SimpleData name="SHAPE_LEN">1304.2273224676856</SimpleData>
	</SchemaData></ExtendedData>
      <MultiGeometry><LineString><coordinates>-116.518068289473,53.4269611100573 -116.519489056842,53.4274158744856 -116.521183382774,53.425518222957 -116.521335987676,53.4255010261201 -116.5219301361,53.4256917416341 -116.522298300738,53.425275225926 -116.522399853484,53.4252586788206 -116.52397484901,53.4257419284046 -116.530982558931,53.4267504879926 -116.531294343505,53.4268990178851 -116.532422945505,53.4270370674525 -116.533007839485,53.4269685501498 -116.533346313905,53.4260520997343</coordinates></LineString></MultiGeometry>
  </Placemark>
  <Placemark>
	<Style><LineStyle><color>ff0000ff</color></LineStyle><PolyStyle><fill>0</fill></PolyStyle></Style>
	<ExtendedData><SchemaData schemaUrl="#TOU_Edson_Sept2026">
		<SimpleData name="OBJECTID">42668915</SimpleData>
		<SimpleData name="LIC_LI_NO">55137-17</SimpleData>
		<SimpleData name="COMP_NAME">Tourmaline Oil Corp.</SimpleData>
		<SimpleData name="SEG_LENGTH">0.86</SimpleData>
		<SimpleData name="SEG_STATUS">Operating</SimpleData>
		<SimpleData name="FROM_FAC">Battery</SimpleData>
		<SimpleData name="FROM_LOC">16-24-051-18W5</SimpleData>
		<SimpleData name="TO_FAC">Pipeline</SimpleData>
		<SimpleData name="TO_LOC">02-25-051-18W5</SimpleData>
		<SimpleData name="OUT_DIAMET">219.1</SimpleData>
		<SimpleData name="PIP_MATERL">Steel</SimpleData>
		<SimpleData name="SUBSTANCE1">Natural Gas</SimpleData>
		<SimpleData name="GEOM_SRCE">Mapping</SimpleData>
		<SimpleData name="SHAPE_LEN">838.2563539234727</SimpleData>
	</SchemaData></ExtendedData>
      <MultiGeometry><LineString><coordinates>-116.508569005992,53.4240919639899 -116.507866202742,53.4244363984561 -116.507912231519,53.4250154196232 -116.515958909541,53.4265303254118 -116.516750196847,53.4265202779715 -116.518068289473,53.4269611100573</coordinates></LineString></MultiGeometry>
  </Placemark>
  <Placemark>
	<Style><LineStyle><color>ff0000ff</color></LineStyle><PolyStyle><fill>0</fill></PolyStyle></Style>
	<ExtendedData><SchemaData schemaUrl="#TOU_Edson_Sept2026">
		<SimpleData name="OBJECTID">42669134</SimpleData>
		<SimpleData name="LIC_LI_NO">49495-106</SimpleData>
		<SimpleData name="COMP_NAME">Tourmaline Oil Corp.</SimpleData>
		<SimpleData name="SEG_LENGTH">0.6</SimpleData>
		<SimpleData name="SEG_STATUS">Operating</SimpleData>
		<SimpleData name="FROM_FAC">Pipeline</SimpleData>
		<SimpleData name="FROM_LOC">14-36-050-19W5</SimpleData>
		<SimpleData name="TO_FAC">Pipeline</SimpleData>
		<SimpleData name="TO_LOC">03-06-051-18W5</SimpleData>
		<SimpleData name="OUT_DIAMET">219.1</SimpleData>
		<SimpleData name="PIP_MATERL">Steel</SimpleData>
		<SimpleData name="SUBSTANCE1">Natural Gas</SimpleData>
		<SimpleData name="GEOM_SRCE">Mapping</SimpleData>
		<SimpleData name="SHAPE_LEN">597.8871282786623</SimpleData>
	</SchemaData></ExtendedData>
      <MultiGeometry><LineString><coordinates>-116.649729676851,53.3641544766863 -116.649565161187,53.3643251741802 -116.649471019541,53.3643952515278 -116.648668933587,53.3640174762785 -116.646595990221,53.3655556814467 -116.645828084265,53.368015547381</coordinates></LineString></MultiGeometry>
  </Placemark>
  <Placemark>
	<Style><LineStyle><color>ff0000ff</color></LineStyle><PolyStyle><fill>0</fill></PolyStyle></Style>
	<ExtendedData><SchemaData schemaUrl="#TOU_Edson_Sept2026">
		<SimpleData name="OBJECTID">42669547</SimpleData>
		<SimpleData name="LIC_LI_NO">47831-41</SimpleData>
		<SimpleData name="COMP_NAME">Tourmaline Oil Corp.</SimpleData>
		<SimpleData name="SEG_LENGTH">1.29</SimpleData>
		<SimpleData name="SEG_STATUS">Operating</SimpleData>
		<SimpleData name="FROM_FAC">Pipeline</SimpleData>
		<SimpleData name="FROM_LOC">01-26-053-15W5</SimpleData>
		<SimpleData name="TO_FAC">Pipeline</SimpleData>
		<SimpleData name="TO_LOC">07-25-053-15W5</SimpleData>
		<SimpleData name="OUT_DIAMET">168.3</SimpleData>
		<SimpleData name="PIP_MATERL">Steel</SimpleData>
		<SimpleData name="SUBSTANCE1">Natural Gas</SimpleData>
		<SimpleData name="GEOM_SRCE">Mapping</SimpleData>
		<SimpleData name="SHAPE_LEN">1270.2897696174575</SimpleData>
	</SchemaData></ExtendedData>
      <MultiGeometry><LineString><coordinates>-116.092862816804,53.6002047078562 -116.092037300092,53.5998882063775 -116.086677460627,53.5998914016509 -116.086507360137,53.600320474991 -116.077907528309,53.6027524438264 -116.077887372809,53.6032350412431 -116.076101894825,53.6032334117506</coordinates></LineString></MultiGeometry>
  </Placemark>
  <Placemark>
	<Style><LineStyle><color>ff0000ff</color></LineStyle><PolyStyle><fill>0</fill></PolyStyle></Style>
	<ExtendedData><SchemaData schemaUrl="#TOU_Edson_Sept2026">
		<SimpleData name="OBJECTID">42670003</SimpleData>
		<SimpleData name="LIC_LI_NO">55018-23</SimpleData>
		<SimpleData name="COMP_NAME">Tourmaline Oil Corp.</SimpleData>
		<SimpleData name="SEG_LENGTH">0.63</SimpleData>
		<SimpleData name="SEG_STATUS">Operating</SimpleData>
		<SimpleData name="FROM_FAC">Well</SimpleData>
		<SimpleData name="FROM_LOC">01-14-050-18W5</SimpleData>
		<SimpleData name="TO_FAC">Pipeline</SimpleData>
		<SimpleData name="TO_LOC">07-14-050-18W5</SimpleData>
		<SimpleData name="OUT_DIAMET">219.1</SimpleData>
		<SimpleData name="PIP_MATERL">Steel</SimpleData>
		<SimpleData name="SUBSTANCE1">Natural Gas</SimpleData>
		<SimpleData name="GEOM_SRCE">Mapping</SimpleData>
		<SimpleData name="SHAPE_LEN">611.6578170803463</SimpleData>
	</SchemaData></ExtendedData>
      <MultiGeometry><LineString><coordinates>-116.517113418954,53.3117332893716 -116.517920074638,53.312202466989 -116.520669800655,53.3149326298611 -116.523120931163,53.3142059734962</coordinates></LineString></MultiGeometry>
  </Placemark>
  <Placemark>
	<Style><LineStyle><color>ff0000ff</color></LineStyle><PolyStyle><fill>0</fill></PolyStyle></Style>
	<ExtendedData><SchemaData schemaUrl="#TOU_Edson_Sept2026">
		<SimpleData name="OBJECTID">42670295</SimpleData>
		<SimpleData name="LIC_LI_NO">58424-1</SimpleData>
		<SimpleData name="COMP_NAME">Tourmaline Oil Corp.</SimpleData>
		<SimpleData name="SEG_LENGTH">1.7</SimpleData>
		<SimpleData name="SEG_STATUS">Discontinued</SimpleData>
		<SimpleData name="FROM_FAC">Blind End</SimpleData>
		<SimpleData name="FROM_LOC">10-28-050-17W5</SimpleData>
		<SimpleData name="TO_FAC">Blind End</SimpleData>
		<SimpleData name="TO_LOC">05-34-050-17W5</SimpleData>
		<SimpleData name="OUT_DIAMET">114.3</SimpleData>
		<SimpleData name="PIP_MATERL">Steel</SimpleData>
		<SimpleData name="SUBSTANCE1">Natural Gas</SimpleData>
		<SimpleData name="GEOM_SRCE">Mapping</SimpleData>
		<SimpleData name="SHAPE_LEN">1629.6399288893836</SimpleData>
	</SchemaData></ExtendedData>
      <MultiGeometry><LineString><coordinates>-116.423755308654,53.3469774543662 -116.423792633654,53.3476615086201 -116.422957405256,53.3481220260377 -116.411943981719,53.3578528490706 -116.411000297021,53.358826793773 -116.411591402851,53.3590364762773</coordinates></LineString></MultiGeometry>
  </Placemark>
  <Placemark>
	<Style><LineStyle><color>ff0000ff</color></LineStyle><PolyStyle><fill>0</fill></PolyStyle></Style>
	<ExtendedData><SchemaData schemaUrl="#TOU_Edson_Sept2026">
		<SimpleData name="OBJECTID">42670409</SimpleData>
		<SimpleData name="LIC_LI_NO">55018-24</SimpleData>
		<SimpleData name="COMP_NAME">Tourmaline Oil Corp.</SimpleData>
		<SimpleData name="SEG_LENGTH">1.89</SimpleData>
		<SimpleData name="SEG_STATUS">Operating</SimpleData>
		<SimpleData name="FROM_FAC">Well</SimpleData>
		<SimpleData name="FROM_LOC">04-12-050-18W5</SimpleData>
		<SimpleData name="TO_FAC">Pipeline</SimpleData>
		<SimpleData name="TO_LOC">01-14-050-18W5</SimpleData>
		<SimpleData name="OUT_DIAMET">219.1</SimpleData>
		<SimpleData name="PIP_MATERL">Steel</SimpleData>
		<SimpleData name="SUBSTANCE1">Natural Gas</SimpleData>
		<SimpleData name="GEOM_SRCE">Mapping</SimpleData>
		<SimpleData name="SHAPE_LEN">1885.3521562110645</SimpleData>
	</SchemaData></ExtendedData>
      <MultiGeometry><LineString><coordinates>-116.506483445788,53.2963159868272 -116.507109178977,53.2969599944461 -116.507437370381,53.2979248921604 -116.508593301828,53.2993687230098 -116.510380543204,53.3052443879697 -116.516432426798,53.3112636938644 -116.517113418954,53.3117332893716</coordinates></LineString></MultiGeometry>
  </Placemark>
  <Placemark>
	<Style><LineStyle><color>ff0000ff</color></LineStyle><PolyStyle><fill>0</fill></PolyStyle></Style>
	<ExtendedData><SchemaData schemaUrl="#TOU_Edson_Sept2026">
		<SimpleData name="OBJECTID">42670576</SimpleData>
		<SimpleData name="LIC_LI_NO">40477-6</SimpleData>
		<SimpleData name="COMP_NAME">Tourmaline Oil Corp.</SimpleData>
		<SimpleData name="SEG_LENGTH">0.1</SimpleData>
		<SimpleData name="SEG_STATUS">Discontinued</SimpleData>
		<SimpleData name="FROM_FAC">Blind End</SimpleData>
		<SimpleData name="FROM_LOC">16-36-051-16W5</SimpleData>
		<SimpleData name="TO_FAC">Blind End</SimpleData>
		<SimpleData name="TO_LOC">13-31-051-15W5</SimpleData>
		<SimpleData name="OUT_DIAMET">114.3</SimpleData>
		<SimpleData name="PIP_MATERL">Steel</SimpleData>
		<SimpleData name="SUBSTANCE1">Natural Gas</SimpleData>
		<SimpleData name="GEOM_SRCE">Mapping</SimpleData>
		<SimpleData name="SHAPE_LEN">83.27914687350236</SimpleData>
	</SchemaData></ExtendedData>
      <MultiGeometry><LineString><coordinates>-116.211715036714,53.4526929674059 -116.212690312465,53.4526932637596 -116.212962476843,53.4527304705734</coordinates></LineString></MultiGeometry>
  </Placemark>
  <Placemark>
	<Style><LineStyle><color>ff0000ff</color></LineStyle><PolyStyle><fill>0</fill></PolyStyle></Style>
	<ExtendedData><SchemaData schemaUrl="#TOU_Edson_Sept2026">
		<SimpleData name="OBJECTID">42670621</SimpleData>
		<SimpleData name="LIC_LI_NO">58444-1</SimpleData>
		<SimpleData name="COMP_NAME">Tourmaline Oil Corp.</SimpleData>
		<SimpleData name="SEG_LENGTH">1.16</SimpleData>
		<SimpleData name="SEG_STATUS">Operating</SimpleData>
		<SimpleData name="FROM_FAC">Well</SimpleData>
		<SimpleData name="FROM_LOC">01-25-051-16W5</SimpleData>
		<SimpleData name="TO_FAC">Pipeline</SimpleData>
		<SimpleData name="TO_LOC">14-19-051-15W5</SimpleData>
		<SimpleData name="OUT_DIAMET">114.3</SimpleData>
		<SimpleData name="PIP_MATERL">Steel</SimpleData>
		<SimpleData name="SUBSTANCE1">Natural Gas</SimpleData>
		<SimpleData name="GEOM_SRCE">Mapping</SimpleData>
		<SimpleData name="SHAPE_LEN">1123.2030569750466</SimpleData>
	</SchemaData></ExtendedData>
      <MultiGeometry><LineString><coordinates>-116.218489262814,53.4280176345787 -116.217193733173,53.4277514595212 -116.205751642566,53.4214720293278</coordinates></LineString></MultiGeometry>
  </Placemark>
  <Placemark>
	<Style><LineStyle><color>ff0000ff</color></LineStyle><PolyStyle><fill>0</fill></PolyStyle></Style>
	<ExtendedData><SchemaData schemaUrl="#TOU_Edson_Sept2026">
		<SimpleData name="OBJECTID">42670630</SimpleData>
		<SimpleData name="LIC_LI_NO">58444-8</SimpleData>
		<SimpleData name="COMP_NAME">Tourmaline Oil Corp.</SimpleData>
		<SimpleData name="SEG_LENGTH">1.38</SimpleData>
		<SimpleData name="SEG_STATUS">Operating</SimpleData>
		<SimpleData name="FROM_FAC">Pipeline</SimpleData>
		<SimpleData name="FROM_LOC">15-25-051-16W5</SimpleData>
		<SimpleData name="TO_FAC">Pipeline</SimpleData>
		<SimpleData name="TO_LOC">01-25-051-16W5</SimpleData>
		<SimpleData name="OUT_DIAMET">114.3</SimpleData>
		<SimpleData name="PIP_MATERL">Steel</SimpleData>
		<SimpleData name="SUBSTANCE1">Natural Gas</SimpleData>
		<SimpleData name="GEOM_SRCE">Mapping</SimpleData>
		<SimpleData name="SHAPE_LEN">1282.170325817898</SimpleData>
	</SchemaData></ExtendedData>
      <MultiGeometry><LineString><coordinates>-116.220187749743,53.4390673580203 -116.220068370828,53.430519625091 -116.220586752646,53.4300903210638 -116.220553637151,53.4298522442386 -116.220248317752,53.4295412838813 -116.218927160973,53.4284531153324 -116.218489262814,53.4280176345787</coordinates></LineString></MultiGeometry>
  </Placemark>
  <Placemark>
	<Style><LineStyle><color>ff0000ff</color></LineStyle><PolyStyle><fill>0</fill></PolyStyle></Style>
	<ExtendedData><SchemaData schemaUrl="#TOU_Edson_Sept2026">
		<SimpleData name="OBJECTID">42670721</SimpleData>
		<SimpleData name="LIC_LI_NO">58448-3</SimpleData>
		<SimpleData name="COMP_NAME">Tourmaline Oil Corp.</SimpleData>
		<SimpleData name="SEG_LENGTH">0.9</SimpleData>
		<SimpleData name="SEG_STATUS">Discontinued</SimpleData>
		<SimpleData name="FROM_FAC">Blind End</SimpleData>
		<SimpleData name="FROM_LOC">16-06-053-16W5</SimpleData>
		<SimpleData name="TO_FAC">Blind End</SimpleData>
		<SimpleData name="TO_LOC">01-06-053-16W5</SimpleData>
		<SimpleData name="OUT_DIAMET">114.3</SimpleData>
		<SimpleData name="PIP_MATERL">Steel</SimpleData>
		<SimpleData name="SUBSTANCE1">Natural Gas</SimpleData>
		<SimpleData name="GEOM_SRCE">Mapping</SimpleData>
		<SimpleData name="SHAPE_LEN">904.5805034166326</SimpleData>
	</SchemaData></ExtendedData>
      <MultiGeometry><LineString><coordinates>-116.341198107444,53.5524806977789 -116.341244813551,53.5443473679013</coordinates></LineString></MultiGeometry>
  </Placemark>
  <Placemark>
	<Style><LineStyle><color>ff0000ff</color></LineStyle><PolyStyle><fill>0</fill></PolyStyle></Style>
	<ExtendedData><SchemaData schemaUrl="#TOU_Edson_Sept2026">
		<SimpleData name="OBJECTID">42670760</SimpleData>
		<SimpleData name="LIC_LI_NO">57880-16</SimpleData>
		<SimpleData name="COMP_NAME">Tourmaline Oil Corp.</SimpleData>
		<SimpleData name="SEG_LENGTH">1.24</SimpleData>
		<SimpleData name="SEG_STATUS">Operating</SimpleData>
		<SimpleData name="FROM_FAC">Battery</SimpleData>
		<SimpleData name="FROM_LOC">15-20-050-19W5</SimpleData>
		<SimpleData name="TO_FAC">Pipeline</SimpleData>
		<SimpleData name="TO_LOC">16-19-050-19W5</SimpleData>
		<SimpleData name="OUT_DIAMET">219.1</SimpleData>
		<SimpleData name="PIP_MATERL">Steel</SimpleData>
		<SimpleData name="SUBSTANCE1">Natural Gas</SimpleData>
		<SimpleData name="GEOM_SRCE">Mapping</SimpleData>
		<SimpleData name="SHAPE_LEN">1240.82199860682</SimpleData>
	</SchemaData></ExtendedData>
      <MultiGeometry><LineString><coordinates>-116.74172082258,53.3367842071107 -116.744019807225,53.3370927485339 -116.744804752425,53.3376514824123 -116.751956676983,53.3392116877755 -116.752648915148,53.3390495315957 -116.75745072026,53.3362458466867</coordinates></LineString></MultiGeometry>
  </Placemark>
  <Placemark>
	<Style><LineStyle><color>ff0000ff</color></LineStyle><PolyStyle><fill>0</fill></PolyStyle></Style>
	<ExtendedData><SchemaData schemaUrl="#TOU_Edson_Sept2026">
		<SimpleData name="OBJECTID">42671075</SimpleData>
		<SimpleData name="LIC_LI_NO">54867-9</SimpleData>
		<SimpleData name="COMP_NAME">Tourmaline Oil Corp.</SimpleData>
		<SimpleData name="SEG_LENGTH">0.09</SimpleData>
		<SimpleData name="SEG_STATUS">Operating</SimpleData>
		<SimpleData name="FROM_FAC">Well</SimpleData>
		<SimpleData name="FROM_LOC">16-27-051-16W5</SimpleData>
		<SimpleData name="TO_FAC">Pipeline</SimpleData>
		<SimpleData name="TO_LOC">16-27-051-16W5</SimpleData>
		<SimpleData name="OUT_DIAMET">219.1</SimpleData>
		<SimpleData name="PIP_MATERL">Steel</SimpleData>
		<SimpleData name="SUBSTANCE1">Natural Gas</SimpleData>
		<SimpleData name="GEOM_SRCE">Mapping</SimpleData>
		<SimpleData name="SHAPE_LEN">92.23239889465587</SimpleData>
	</SchemaData></ExtendedData>
      <MultiGeometry><LineString><coordinates>-116.264759148378,53.4384532648075 -116.263952640916,53.4377781004945</coordinates></LineString></MultiGeometry>
  </Placemark>
  <Placemark>
	<Style><LineStyle><color>ff0000ff</color></LineStyle><PolyStyle><fill>0</fill></PolyStyle></Style>
	<ExtendedData><SchemaData schemaUrl="#TOU_Edson_Sept2026">
		<SimpleData name="OBJECTID">42671381</SimpleData>
		<SimpleData name="LIC_LI_NO">55018-25</SimpleData>
		<SimpleData name="COMP_NAME">Tourmaline Oil Corp.</SimpleData>
		<SimpleData name="SEG_LENGTH">4.42</SimpleData>
		<SimpleData name="SEG_STATUS">Operating</SimpleData>
		<SimpleData name="FROM_FAC">Pipeline</SimpleData>
		<SimpleData name="FROM_LOC">10-23-050-17W5</SimpleData>
		<SimpleData name="TO_FAC">Pipeline</SimpleData>
		<SimpleData name="TO_LOC">06-21-050-17W5</SimpleData>
		<SimpleData name="OUT_DIAMET">219.1</SimpleData>
		<SimpleData name="PIP_MATERL">Steel</SimpleData>
		<SimpleData name="SUBSTANCE1">Natural Gas</SimpleData>
		<SimpleData name="GEOM_SRCE">Mapping</SimpleData>
		<SimpleData name="SHAPE_LEN">4418.61793824219</SimpleData>
	</SchemaData></ExtendedData>
      <MultiGeometry><LineString><coordinates>-116.374875619561,53.3329949984334 -116.376320624374,53.3330016744404 -116.376325681889,53.326683941732 -116.389135392837,53.3267110086365 -116.403012993148,53.3266699600103 -116.421983562317,53.3266182554998 -116.430217372888,53.3283127911283</coordinates></LineString></MultiGeometry>
  </Placemark>
  <Placemark>
	<Style><LineStyle><color>ff0000ff</color></LineStyle><PolyStyle><fill>0</fill></PolyStyle></Style>
	<ExtendedData><SchemaData schemaUrl="#TOU_Edson_Sept2026">
		<SimpleData name="OBJECTID">42671382</SimpleData>
		<SimpleData name="LIC_LI_NO">55018-26</SimpleData>
		<SimpleData name="COMP_NAME">Tourmaline Oil Corp.</SimpleData>
		<SimpleData name="SEG_LENGTH">2.15</SimpleData>
		<SimpleData name="SEG_STATUS">Operating</SimpleData>
		<SimpleData name="FROM_FAC">Well</SimpleData>
		<SimpleData name="FROM_LOC">02-25-050-17W5</SimpleData>
		<SimpleData name="TO_FAC">Pipeline</SimpleData>
		<SimpleData name="TO_LOC">10-23-050-17W5</SimpleData>
		<SimpleData name="OUT_DIAMET">219.1</SimpleData>
		<SimpleData name="PIP_MATERL">Steel</SimpleData>
		<SimpleData name="SUBSTANCE1">Natural Gas</SimpleData>
		<SimpleData name="GEOM_SRCE">Mapping</SimpleData>
		<SimpleData name="SHAPE_LEN">2147.791681729366</SimpleData>
	</SchemaData></ExtendedData>
      <MultiGeometry><LineString><coordinates>-116.348544807417,53.3386700705845 -116.363630300425,53.3386090676203 -116.369652635734,53.3385876755567 -116.373777980691,53.3337226121421 -116.375038230797,53.3333559326131 -116.374881417287,53.3331743710337 -116.374875619561,53.3329949984334</coordinates></LineString></MultiGeometry>
  </Placemark>
  <Placemark>
	<Style><LineStyle><color>ff0000ff</color></LineStyle><PolyStyle><fill>0</fill></PolyStyle></Style>
	<ExtendedData><SchemaData schemaUrl="#TOU_Edson_Sept2026">
		<SimpleData name="OBJECTID">42671384</SimpleData>
		<SimpleData name="LIC_LI_NO">55018-27</SimpleData>
		<SimpleData name="COMP_NAME">Tourmaline Oil Corp.</SimpleData>
		<SimpleData name="SEG_LENGTH">0.09</SimpleData>
		<SimpleData name="SEG_STATUS">Operating</SimpleData>
		<SimpleData name="FROM_FAC">Well</SimpleData>
		<SimpleData name="FROM_LOC">06-11-050-17W5</SimpleData>
		<SimpleData name="TO_FAC">Pipeline</SimpleData>
		<SimpleData name="TO_LOC">11-11-050-17W5</SimpleData>
		<SimpleData name="OUT_DIAMET">219.1</SimpleData>
		<SimpleData name="PIP_MATERL">Steel</SimpleData>
		<SimpleData name="SUBSTANCE1">Natural Gas</SimpleData>
		<SimpleData name="GEOM_SRCE">Mapping</SimpleData>
		<SimpleData name="SHAPE_LEN">83.9695456189662</SimpleData>
	</SchemaData></ExtendedData>
      <MultiGeometry><LineString><coordinates>-116.378888200797,53.3011815853341 -116.378654487008,53.3019235150928</coordinates></LineString></MultiGeometry>
  </Placemark>
  <Placemark>
	<Style><LineStyle><color>ff0000ff</color></LineStyle><PolyStyle><fill>0</fill></PolyStyle></Style>
	<ExtendedData><SchemaData schemaUrl="#TOU_Edson_Sept2026">
		<SimpleData name="OBJECTID">42671426</SimpleData>
		<SimpleData name="LIC_LI_NO">55018-28</SimpleData>
		<SimpleData name="COMP_NAME">Tourmaline Oil Corp.</SimpleData>
		<SimpleData name="SEG_LENGTH">0.8</SimpleData>
		<SimpleData name="SEG_STATUS">Operating</SimpleData>
		<SimpleData name="FROM_FAC">Pipeline</SimpleData>
		<SimpleData name="FROM_LOC">11-11-050-17W5</SimpleData>
		<SimpleData name="TO_FAC">Pipeline</SimpleData>
		<SimpleData name="TO_LOC">05-11-050-17W5</SimpleData>
		<SimpleData name="OUT_DIAMET">219.1</SimpleData>
		<SimpleData name="PIP_MATERL">Steel</SimpleData>
		<SimpleData name="SUBSTANCE1">Natural Gas</SimpleData>
		<SimpleData name="GEOM_SRCE">Mapping</SimpleData>
		<SimpleData name="SHAPE_LEN">717.8059063896363</SimpleData>
	</SchemaData></ExtendedData>
      <MultiGeometry><LineString><coordinates>-116.378654487008,53.3019235150928 -116.379909862854,53.3020666491951 -116.385323956071,53.2991805915827 -116.387572551517,53.2991597992903</coordinates></LineString></MultiGeometry>
  </Placemark>
  <Placemark>
	<Style><LineStyle><color>ff0000ff</color></LineStyle><PolyStyle><fill>0</fill></PolyStyle></Style>
	<ExtendedData><SchemaData schemaUrl="#TOU_Edson_Sept2026">
		<SimpleData name="OBJECTID">42671848</SimpleData>
		<SimpleData name="LIC_LI_NO">49495-110</SimpleData>
		<SimpleData name="COMP_NAME">Tourmaline Oil Corp.</SimpleData>
		<SimpleData name="SEG_LENGTH">2.11</SimpleData>
		<SimpleData name="SEG_STATUS">Operating</SimpleData>
		<SimpleData name="FROM_FAC">Battery</SimpleData>
		<SimpleData name="FROM_LOC">16-32-051-18W5</SimpleData>
		<SimpleData name="TO_FAC">Pipeline</SimpleData>
		<SimpleData name="TO_LOC">14-29-051-18W5</SimpleData>
		<SimpleData name="OUT_DIAMET">168.3</SimpleData>
		<SimpleData name="PIP_MATERL">Steel</SimpleData>
		<SimpleData name="SUBSTANCE1">Natural Gas</SimpleData>
		<SimpleData name="GEOM_SRCE">Mapping</SimpleData>
		<SimpleData name="SHAPE_LEN">2105.051731532258</SimpleData>
	</SchemaData></ExtendedData>
      <MultiGeometry><LineString><coordinates>-116.610027789351,53.4528486105768 -116.612078217344,53.4524636767664 -116.61169829286,53.4516419269737 -116.611729804862,53.4514213974287 -116.611713672018,53.4462580937663 -116.61633540534,53.4459493608848 -116.616221551064,53.4437903107496 -116.616197896626,53.4431671989681 -116.616274719651,53.4426712220283 -116.61582749698,53.4426487195109 -116.616116782349,53.4414502928919 -116.616174053542,53.4408116197225 -116.616017279559,53.4406290914473 -116.615725795114,53.4405093004194 -116.616268131407,53.4400983980187 -116.616474957721,53.4401717431622 -116.618535619321,53.4398444929241 -116.618723010584,53.4397420143744 -116.618849925466,53.4394135242066 -116.61937395589,53.4391890612963</coordinates></LineString></MultiGeometry>
  </Placemark>
  <Placemark>
	<Style><LineStyle><color>ff0000ff</color></LineStyle><PolyStyle><fill>0</fill></PolyStyle></Style>
	<ExtendedData><SchemaData schemaUrl="#TOU_Edson_Sept2026">
		<SimpleData name="OBJECTID">42672461</SimpleData>
		<SimpleData name="LIC_LI_NO">57880-17</SimpleData>
		<SimpleData name="COMP_NAME">Tourmaline Oil Corp.</SimpleData>
		<SimpleData name="SEG_LENGTH">1.02</SimpleData>
		<SimpleData name="SEG_STATUS">Operating</SimpleData>
		<SimpleData name="FROM_FAC">Battery</SimpleData>
		<SimpleData name="FROM_LOC">02-17-050-19W5</SimpleData>
		<SimpleData name="TO_FAC">Pipeline</SimpleData>
		<SimpleData name="TO_LOC">14-08-050-19W5</SimpleData>
		<SimpleData name="OUT_DIAMET">219.1</SimpleData>
		<SimpleData name="PIP_MATERL">Steel</SimpleData>
		<SimpleData name="SUBSTANCE1">Natural Gas</SimpleData>
		<SimpleData name="GEOM_SRCE">Mapping</SimpleData>
		<SimpleData name="SHAPE_LEN">1006.8936670745795</SimpleData>
	</SchemaData></ExtendedData>
      <MultiGeometry><LineString><coordinates>-116.739373972104,53.3096498088404 -116.740920791073,53.3104668708643 -116.741773700113,53.3098975910626 -116.740535429986,53.3091982200571 -116.74135698333,53.3081007601655 -116.741472880375,53.3081049715369 -116.742558444989,53.3075381857006 -116.743431273271,53.3073404215422 -116.745809602512,53.3070731736613 -116.747990370662,53.3075295347221 -116.747972089946,53.3080361912983</coordinates></LineString></MultiGeometry>
  </Placemark>
  <Placemark>
	<Style><LineStyle><color>ff0000ff</color></LineStyle><PolyStyle><fill>0</fill></PolyStyle></Style>
	<ExtendedData><SchemaData schemaUrl="#TOU_Edson_Sept2026">
		<SimpleData name="OBJECTID">42672689</SimpleData>
		<SimpleData name="LIC_LI_NO">55018-29</SimpleData>
		<SimpleData name="COMP_NAME">Tourmaline Oil Corp.</SimpleData>
		<SimpleData name="SEG_LENGTH">1.81</SimpleData>
		<SimpleData name="SEG_STATUS">Operating</SimpleData>
		<SimpleData name="FROM_FAC">Well</SimpleData>
		<SimpleData name="FROM_LOC">07-28-050-17W5</SimpleData>
		<SimpleData name="TO_FAC">Pipeline</SimpleData>
		<SimpleData name="TO_LOC">16-29-050-17W5</SimpleData>
		<SimpleData name="OUT_DIAMET">219.1</SimpleData>
		<SimpleData name="PIP_MATERL">Steel</SimpleData>
		<SimpleData name="SUBSTANCE1">Natural Gas</SimpleData>
		<SimpleData name="GEOM_SRCE">Mapping</SimpleData>
		<SimpleData name="SHAPE_LEN">1801.4058717353828</SimpleData>
	</SchemaData></ExtendedData>
      <MultiGeometry><LineString><coordinates>-116.421589105788,53.3448946308796 -116.42227631159,53.3455501947391 -116.423555395774,53.3461982224379 -116.423647486565,53.3464261477718 -116.425063793798,53.3464181642895 -116.425065557191,53.3467691164807 -116.428781432076,53.348682042895 -116.434285798792,53.3516555587294 -116.443673603143,53.3516335672972</coordinates></LineString></MultiGeometry>
  </Placemark>
  <Placemark>
	<Style><LineStyle><color>ff0000ff</color></LineStyle><PolyStyle><fill>0</fill></PolyStyle></Style>
	<ExtendedData><SchemaData schemaUrl="#TOU_Edson_Sept2026">
		<SimpleData name="OBJECTID">42672872</SimpleData>
		<SimpleData name="LIC_LI_NO">54867-10</SimpleData>
		<SimpleData name="COMP_NAME">Tourmaline Oil Corp.</SimpleData>
		<SimpleData name="SEG_LENGTH">2.76</SimpleData>
		<SimpleData name="SEG_STATUS">Operating</SimpleData>
		<SimpleData name="FROM_FAC">Pipeline</SimpleData>
		<SimpleData name="FROM_LOC">15-28-051-16W5</SimpleData>
		<SimpleData name="TO_FAC">Pipeline</SimpleData>
		<SimpleData name="TO_LOC">04-32-051-16W5</SimpleData>
		<SimpleData name="OUT_DIAMET">219.1</SimpleData>
		<SimpleData name="PIP_MATERL">Steel</SimpleData>
		<SimpleData name="SUBSTANCE1">Natural Gas</SimpleData>
		<SimpleData name="GEOM_SRCE">Mapping</SimpleData>
		<SimpleData name="SHAPE_LEN">2780.085490653031</SimpleData>
	</SchemaData></ExtendedData>
      <MultiGeometry><LineString><coordinates>-116.294333094293,53.4382712550957 -116.294442031191,53.4384475492568 -116.297428943883,53.4384000246984 -116.298761654795,53.4383970521374 -116.310413493936,53.4382697872723 -116.320828913479,53.4381945568392 -116.331694542592,53.4380994091765 -116.334447624715,53.4400649621801</coordinates></LineString></MultiGeometry>
  </Placemark>
  <Placemark>
	<Style><LineStyle><color>ff0000ff</color></LineStyle><PolyStyle><fill>0</fill></PolyStyle></Style>
	<ExtendedData><SchemaData schemaUrl="#TOU_Edson_Sept2026">
		<SimpleData name="OBJECTID">42672886</SimpleData>
		<SimpleData name="LIC_LI_NO">54867-11</SimpleData>
		<SimpleData name="COMP_NAME">Tourmaline Oil Corp.</SimpleData>
		<SimpleData name="SEG_LENGTH">1.6</SimpleData>
		<SimpleData name="SEG_STATUS">Operating</SimpleData>
		<SimpleData name="FROM_FAC">Battery</SimpleData>
		<SimpleData name="FROM_LOC">09-18-051-16W5</SimpleData>
		<SimpleData name="TO_FAC">Pipeline</SimpleData>
		<SimpleData name="TO_LOC">04-20-051-16W5</SimpleData>
		<SimpleData name="OUT_DIAMET">219.1</SimpleData>
		<SimpleData name="PIP_MATERL">Steel</SimpleData>
		<SimpleData name="SUBSTANCE1">Natural Gas</SimpleData>
		<SimpleData name="GEOM_SRCE">Mapping</SimpleData>
		<SimpleData name="SHAPE_LEN">1671.8246860348868</SimpleData>
	</SchemaData></ExtendedData>
      <MultiGeometry><LineString><coordinates>-116.339677279431,53.4058456416396 -116.3378498627,53.4058068219983 -116.335308473964,53.4057878237154 -116.331255685033,53.4056788763569 -116.329965521927,53.40568139226 -116.329115969892,53.4058094701684 -116.329086970478,53.4099732667149 -116.33351183531,53.4130791565493 -116.333486239613,53.4135301881576 -116.333485780574,53.4135382693656</coordinates></LineString></MultiGeometry>
  </Placemark>
  <Placemark>
	<Style><LineStyle><color>ff0000ff</color></LineStyle><PolyStyle><fill>0</fill></PolyStyle></Style>
	<ExtendedData><SchemaData schemaUrl="#TOU_Edson_Sept2026">
		<SimpleData name="OBJECTID">42672933</SimpleData>
		<SimpleData name="LIC_LI_NO">54867-12</SimpleData>
		<SimpleData name="COMP_NAME">Tourmaline Oil Corp.</SimpleData>
		<SimpleData name="SEG_LENGTH">1.12</SimpleData>
		<SimpleData name="SEG_STATUS">Operating</SimpleData>
		<SimpleData name="FROM_FAC">Battery</SimpleData>
		<SimpleData name="FROM_LOC">16-07-051-16W5</SimpleData>
		<SimpleData name="TO_FAC">Pipeline</SimpleData>
		<SimpleData name="TO_LOC">12-17-051-16W5</SimpleData>
		<SimpleData name="OUT_DIAMET">219.1</SimpleData>
		<SimpleData name="PIP_MATERL">Steel</SimpleData>
		<SimpleData name="SUBSTANCE1">Natural Gas</SimpleData>
		<SimpleData name="GEOM_SRCE">Mapping</SimpleData>
		<SimpleData name="SHAPE_LEN">1408.7112611450893</SimpleData>
	</SchemaData></ExtendedData>
      <MultiGeometry><LineString><coordinates>-116.336731395492,53.3945775241701 -116.335115543688,53.394843066453 -116.335142554232,53.4048715277861 -116.334271309679,53.4048531422752 -116.333932684343,53.4050213262129 -116.333918587081,53.4051518604567 -116.333747800278,53.4052144915386 -116.333631242971,53.4052103004627 -116.333597717845,53.4057418515414</coordinates></LineString></MultiGeometry>
  </Placemark>
  <Placemark>
	<Style><LineStyle><color>ff0000ff</color></LineStyle><PolyStyle><fill>0</fill></PolyStyle></Style>
	<ExtendedData><SchemaData schemaUrl="#TOU_Edson_Sept2026">
		<SimpleData name="OBJECTID">42673100</SimpleData>
		<SimpleData name="LIC_LI_NO">58444-7</SimpleData>
		<SimpleData name="COMP_NAME">Tourmaline Oil Corp.</SimpleData>
		<SimpleData name="SEG_LENGTH">1.34</SimpleData>
		<SimpleData name="SEG_STATUS">Operating</SimpleData>
		<SimpleData name="FROM_FAC">Pipeline</SimpleData>
		<SimpleData name="FROM_LOC">14-19-051-15W5</SimpleData>
		<SimpleData name="TO_FAC">Pipeline</SimpleData>
		<SimpleData name="TO_LOC">01-24-051-16W5</SimpleData>
		<SimpleData name="OUT_DIAMET">114.3</SimpleData>
		<SimpleData name="PIP_MATERL">Steel</SimpleData>
		<SimpleData name="SUBSTANCE1">Natural Gas</SimpleData>
		<SimpleData name="GEOM_SRCE">Mapping</SimpleData>
		<SimpleData name="SHAPE_LEN">1365.0059014412377</SimpleData>
	</SchemaData></ExtendedData>
      <MultiGeometry><LineString><coordinates>-116.206035216446,53.4216344666866 -116.205987073035,53.4209090070973 -116.208287719563,53.4209214423852 -116.214001220366,53.4173419930431 -116.217819493311,53.4150664815574 -116.217827098449,53.4130611365386</coordinates></LineString></MultiGeometry>
  </Placemark>
  <Placemark>
	<Style><LineStyle><color>ff0000ff</color></LineStyle><PolyStyle><fill>0</fill></PolyStyle></Style>
	<ExtendedData><SchemaData schemaUrl="#TOU_Edson_Sept2026">
		<SimpleData name="OBJECTID">42673549</SimpleData>
		<SimpleData name="LIC_LI_NO">58837-1</SimpleData>
		<SimpleData name="COMP_NAME">Tourmaline Oil Corp.</SimpleData>
		<SimpleData name="SEG_LENGTH">0.87</SimpleData>
		<SimpleData name="SEG_STATUS">Operating</SimpleData>
		<SimpleData name="FROM_FAC">Battery</SimpleData>
		<SimpleData name="FROM_LOC">14-13-051-19W5</SimpleData>
		<SimpleData name="TO_FAC">Pipeline</SimpleData>
		<SimpleData name="TO_LOC">10-13-051-19W5</SimpleData>
		<SimpleData name="OUT_DIAMET">168.3</SimpleData>
		<SimpleData name="PIP_MATERL">Steel</SimpleData>
		<SimpleData name="SUBSTANCE1">Natural Gas</SimpleData>
		<SimpleData name="GEOM_SRCE">Mapping</SimpleData>
		<SimpleData name="SHAPE_LEN">844.2784529318315</SimpleData>
	</SchemaData></ExtendedData>
      <MultiGeometry><LineString><coordinates>-116.669488567988,53.4091783248418 -116.668533012054,53.4085311310907 -116.669299051311,53.4081257023166 -116.670678511448,53.4068611095092 -116.664189355821,53.4056998266814 -116.663468004157,53.4053438314919</coordinates></LineString></MultiGeometry>
  </Placemark>
  <Placemark>
	<Style><LineStyle><color>ff0000ff</color></LineStyle><PolyStyle><fill>0</fill></PolyStyle></Style>
	<ExtendedData><SchemaData schemaUrl="#TOU_Edson_Sept2026">
		<SimpleData name="OBJECTID">42673567</SimpleData>
		<SimpleData name="LIC_LI_NO">55018-30</SimpleData>
		<SimpleData name="COMP_NAME">Tourmaline Oil Corp.</SimpleData>
		<SimpleData name="SEG_LENGTH">4.27</SimpleData>
		<SimpleData name="SEG_STATUS">Operating</SimpleData>
		<SimpleData name="FROM_FAC">Well</SimpleData>
		<SimpleData name="FROM_LOC">15-25-049-18W5</SimpleData>
		<SimpleData name="TO_FAC">Pipeline</SimpleData>
		<SimpleData name="TO_LOC">04-12-050-18W5</SimpleData>
		<SimpleData name="OUT_DIAMET">219.1</SimpleData>
		<SimpleData name="PIP_MATERL">Steel</SimpleData>
		<SimpleData name="SUBSTANCE1">Natural Gas</SimpleData>
		<SimpleData name="GEOM_SRCE">Mapping</SimpleData>
		<SimpleData name="SHAPE_LEN">3816.891552725951</SimpleData>
	</SchemaData></ExtendedData>
      <MultiGeometry><LineString><coordinates>-116.494608794812,53.2644166822742 -116.493705310621,53.2650760624255 -116.493686598714,53.2667543028676 -116.493922562783,53.2668786428495 -116.493938141367,53.2695401091514 -116.495625799104,53.2703290212204 -116.506494389963,53.281868784521 -116.506460412086,53.2962722550539</coordinates></LineString></MultiGeometry>
  </Placemark>
  <Placemark>
	<Style><LineStyle><color>ff0000ff</color></LineStyle><PolyStyle><fill>0</fill></PolyStyle></Style>
	<ExtendedData><SchemaData schemaUrl="#TOU_Edson_Sept2026">
		<SimpleData name="OBJECTID">42673660</SimpleData>
		<SimpleData name="LIC_LI_NO">44988-2</SimpleData>
		<SimpleData name="COMP_NAME">Tourmaline Oil Corp.</SimpleData>
		<SimpleData name="SEG_LENGTH">0.58</SimpleData>
		<SimpleData name="SEG_STATUS">Operating</SimpleData>
		<SimpleData name="FROM_FAC">Well</SimpleData>
		<SimpleData name="FROM_LOC">10-19-051-16W5</SimpleData>
		<SimpleData name="TO_FAC">Pipeline</SimpleData>
		<SimpleData name="TO_LOC">08-19-051-16W5</SimpleData>
		<SimpleData name="OUT_DIAMET">114.3</SimpleData>
		<SimpleData name="PIP_MATERL">Steel</SimpleData>
		<SimpleData name="SUBSTANCE1">Natural Gas</SimpleData>
		<SimpleData name="GEOM_SRCE">Mapping</SimpleData>
		<SimpleData name="SHAPE_LEN">590.9841988947567</SimpleData>
	</SchemaData></ExtendedData>
      <MultiGeometry><LineString><coordinates>-116.343464232614,53.4198682362504 -116.340557706563,53.4178204366225 -116.337684337329,53.4158291975112</coordinates></LineString></MultiGeometry>
  </Placemark>
  <Placemark>
	<Style><LineStyle><color>ff0000ff</color></LineStyle><PolyStyle><fill>0</fill></PolyStyle></Style>
	<ExtendedData><SchemaData schemaUrl="#TOU_Edson_Sept2026">
		<SimpleData name="OBJECTID">42673817</SimpleData>
		<SimpleData name="LIC_LI_NO">31063-22</SimpleData>
		<SimpleData name="COMP_NAME">Tourmaline Oil Corp.</SimpleData>
		<SimpleData name="SEG_LENGTH">0.73</SimpleData>
		<SimpleData name="SEG_STATUS">Operating</SimpleData>
		<SimpleData name="FROM_FAC">Pipeline</SimpleData>
		<SimpleData name="FROM_LOC">11-32-052-16W5</SimpleData>
		<SimpleData name="TO_FAC">Pipeline</SimpleData>
		<SimpleData name="TO_LOC">16-31-052-16W5</SimpleData>
		<SimpleData name="OUT_DIAMET">114.3</SimpleData>
		<SimpleData name="PIP_MATERL">Steel</SimpleData>
		<SimpleData name="SUBSTANCE1">Natural Gas</SimpleData>
		<SimpleData name="GEOM_SRCE">Mapping</SimpleData>
		<SimpleData name="SHAPE_LEN">743.7235287480074</SimpleData>
	</SchemaData></ExtendedData>
      <MultiGeometry><LineString><coordinates>-116.327028679532,53.5366237926047 -116.327089347255,53.537166047173 -116.328905424552,53.5371713778634 -116.334303649928,53.5386293832297 -116.334767219242,53.5390079852275 -116.336344463251,53.5392558067926 -116.336344041043,53.5393464191597</coordinates></LineString></MultiGeometry>
  </Placemark>
  <Placemark>
	<Style><LineStyle><color>ff0000ff</color></LineStyle><PolyStyle><fill>0</fill></PolyStyle></Style>
	<ExtendedData><SchemaData schemaUrl="#TOU_Edson_Sept2026">
		<SimpleData name="OBJECTID">42675201</SimpleData>
		<SimpleData name="LIC_LI_NO">55018-31</SimpleData>
		<SimpleData name="COMP_NAME">Tourmaline Oil Corp.</SimpleData>
		<SimpleData name="SEG_LENGTH">0.3</SimpleData>
		<SimpleData name="SEG_STATUS">Operating</SimpleData>
		<SimpleData name="FROM_FAC">Well</SimpleData>
		<SimpleData name="FROM_LOC">01-22-050-17W5</SimpleData>
		<SimpleData name="TO_FAC">Pipeline</SimpleData>
		<SimpleData name="TO_LOC">01-22-050-17W5</SimpleData>
		<SimpleData name="OUT_DIAMET">219.1</SimpleData>
		<SimpleData name="PIP_MATERL">Steel</SimpleData>
		<SimpleData name="SUBSTANCE1">Natural Gas</SimpleData>
		<SimpleData name="GEOM_SRCE">Mapping</SimpleData>
		<SimpleData name="SHAPE_LEN">314.622025332134</SimpleData>
	</SchemaData></ExtendedData>
      <MultiGeometry><LineString><coordinates>-116.392827765998,53.3238712609443 -116.392848491029,53.3267001843447</coordinates></LineString></MultiGeometry>
  </Placemark>
  <Placemark>
	<Style><LineStyle><color>ff0000ff</color></LineStyle><PolyStyle><fill>0</fill></PolyStyle></Style>
	<ExtendedData><SchemaData schemaUrl="#TOU_Edson_Sept2026">
		<SimpleData name="OBJECTID">42675371</SimpleData>
		<SimpleData name="LIC_LI_NO">42071-20</SimpleData>
		<SimpleData name="COMP_NAME">Tourmaline Oil Corp.</SimpleData>
		<SimpleData name="SEG_LENGTH">0.29</SimpleData>
		<SimpleData name="SEG_STATUS">Operating</SimpleData>
		<SimpleData name="FROM_FAC">Pipeline</SimpleData>
		<SimpleData name="FROM_LOC">02-03-053-15W5</SimpleData>
		<SimpleData name="TO_FAC">Pipeline</SimpleData>
		<SimpleData name="TO_LOC">07-03-053-15W5</SimpleData>
		<SimpleData name="OUT_DIAMET">114.3</SimpleData>
		<SimpleData name="PIP_MATERL">Steel</SimpleData>
		<SimpleData name="SUBSTANCE1">Natural Gas</SimpleData>
		<SimpleData name="GEOM_SRCE">Mapping</SimpleData>
		<SimpleData name="SHAPE_LEN">290.8558651882684</SimpleData>
	</SchemaData></ExtendedData>
      <MultiGeometry><LineString><coordinates>-116.120725001386,53.5446180534664 -116.123847567771,53.5464567322006</coordinates></LineString></MultiGeometry>
  </Placemark>
  <Placemark>
	<Style><LineStyle><color>ff0000ff</color></LineStyle><PolyStyle><fill>0</fill></PolyStyle></Style>
	<ExtendedData><SchemaData schemaUrl="#TOU_Edson_Sept2026">
		<SimpleData name="OBJECTID">42676490</SimpleData>
		<SimpleData name="LIC_LI_NO">55018-33</SimpleData>
		<SimpleData name="COMP_NAME">Tourmaline Oil Corp.</SimpleData>
		<SimpleData name="SEG_LENGTH">2.98</SimpleData>
		<SimpleData name="SEG_STATUS">Operating</SimpleData>
		<SimpleData name="FROM_FAC">Well</SimpleData>
		<SimpleData name="FROM_LOC">11-29-050-17W5</SimpleData>
		<SimpleData name="TO_FAC">Gas Processing Plant</SimpleData>
		<SimpleData name="TO_LOC">12-31-050-17W5</SimpleData>
		<SimpleData name="OUT_DIAMET">273.1</SimpleData>
		<SimpleData name="PIP_MATERL">Steel</SimpleData>
		<SimpleData name="SUBSTANCE1">Natural Gas</SimpleData>
		<SimpleData name="GEOM_SRCE">Mapping</SimpleData>
		<SimpleData name="SHAPE_LEN">2987.344015599123</SimpleData>
	</SchemaData></ExtendedData>
      <MultiGeometry><LineString><coordinates>-116.45522650633,53.3458076720282 -116.454962162685,53.3464144479236 -116.455104775626,53.3465639002791 -116.456165122733,53.3468507207955 -116.456659020968,53.3470216157731 -116.457684879056,53.3474022224609 -116.458982835946,53.34742189729 -116.46045531124,53.3481552939449 -116.460796966594,53.3487779349479 -116.461238640371,53.3493672151966 -116.462627191459,53.3505062452158 -116.463227192407,53.3507028398929 -116.463925576845,53.3506144452994 -116.464807897625,53.3500250364376 -116.465895362175,53.3496302457083 -116.46690179689,53.3495317661036 -116.467600947591,53.349588075889 -116.46796455777,53.3498372526335 -116.468957426128,53.3514735930001 -116.469492484271,53.3518897397268 -116.469813996701,53.3519572750144 -116.470271832069,53.3520456657509 -116.470955343999,53.3524607655999 -116.471279289965,53.3531815604306 -116.471979156623,53.3541958239034 -116.472377347449,53.3543101221672 -116.473781163608,53.3543712190193 -116.474797669336,53.354751620688 -116.475411944514,53.3553216710143 -116.476079780842,53.3557154225084 -116.476862336524,53.3558903862017 -116.478038189908,53.3560054230272 -116.47856458919,53.3562428892357 -116.479854615752,53.3570648168492 -116.48113298847,53.357505589863 -116.481672947821,53.357636129921 -116.481433229692,53.358287936394 -116.481751264744,53.3583747163599 -116.483646735146,53.3585752511433 -116.484310495818,53.3587145255678 -116.484659854225,53.3588593687065 -116.48525975546,53.3592719650415 -116.484817848121,53.3596391202943</coordinates></LineString></MultiGeometry>
  </Placemark>
  <Placemark>
	<Style><LineStyle><color>ff0000ff</color></LineStyle><PolyStyle><fill>0</fill></PolyStyle></Style>
	<ExtendedData><SchemaData schemaUrl="#TOU_Edson_Sept2026">
		<SimpleData name="OBJECTID">42677762</SimpleData>
		<SimpleData name="LIC_LI_NO">54867-14</SimpleData>
		<SimpleData name="COMP_NAME">Tourmaline Oil Corp.</SimpleData>
		<SimpleData name="SEG_LENGTH">1.29</SimpleData>
		<SimpleData name="SEG_STATUS">Operating</SimpleData>
		<SimpleData name="FROM_FAC">Battery</SimpleData>
		<SimpleData name="FROM_LOC">05-27-051-16W5</SimpleData>
		<SimpleData name="TO_FAC">Pipeline</SimpleData>
		<SimpleData name="TO_LOC">15-28-051-16W5</SimpleData>
		<SimpleData name="OUT_DIAMET">219.1</SimpleData>
		<SimpleData name="PIP_MATERL">Steel</SimpleData>
		<SimpleData name="SUBSTANCE1">Natural Gas</SimpleData>
		<SimpleData name="GEOM_SRCE">ROW centre-line</SimpleData>
		<SimpleData name="SHAPE_LEN">1283.2765123750303</SimpleData>
	</SchemaData></ExtendedData>
      <MultiGeometry><LineString><coordinates>-116.281376289606,53.4301996635086 -116.281785752493,53.4303254459092 -116.285047946718,53.4313274753813 -116.285742533977,53.4315555142846 -116.286242733893,53.4318739312519 -116.286344991817,53.4320202762388 -116.28655165913,53.4323159227021 -116.287074504676,53.4329388553903 -116.288254379818,53.4346162144327 -116.288465271908,53.4348685645577 -116.288827495088,53.4351815949865 -116.289608375412,53.4356382440283 -116.293504276272,53.4376075727329 -116.293831107627,53.4378088796472 -116.29410537586,53.4380533798858 -116.294229803307,53.438270979511</coordinates></LineString></MultiGeometry>
  </Placemark>
  <Placemark>
	<Style><LineStyle><color>ff0000ff</color></LineStyle><PolyStyle><fill>0</fill></PolyStyle></Style>
	<ExtendedData><SchemaData schemaUrl="#TOU_Edson_Sept2026">
		<SimpleData name="OBJECTID">42677808</SimpleData>
		<SimpleData name="LIC_LI_NO">49495-117</SimpleData>
		<SimpleData name="COMP_NAME">Tourmaline Oil Corp.</SimpleData>
		<SimpleData name="SEG_LENGTH">9.46</SimpleData>
		<SimpleData name="SEG_STATUS">Operating</SimpleData>
		<SimpleData name="FROM_FAC">Pipeline</SimpleData>
		<SimpleData name="FROM_LOC">16-19-050-19W5</SimpleData>
		<SimpleData name="TO_FAC">Pipeline</SimpleData>
		<SimpleData name="TO_LOC">13-36-050-19W5</SimpleData>
		<SimpleData name="OUT_DIAMET">323.9</SimpleData>
		<SimpleData name="PIP_MATERL">Steel</SimpleData>
		<SimpleData name="SUBSTANCE1">Natural Gas</SimpleData>
		<SimpleData name="GEOM_SRCE">ROW centre-line</SimpleData>
		<SimpleData name="SHAPE_LEN">9411.127529934232</SimpleData>
	</SchemaData></ExtendedData>
      <MultiGeometry><LineString><coordinates>-116.757809731964,53.3359838187432 -116.757189026645,53.3363426828798 -116.758247303135,53.3369983862682 -116.753500513546,53.3397337387909 -116.753129126651,53.339729218917 -116.747543104872,53.3429394578839 -116.747419040345,53.3463110604236 -116.747283991218,53.346309280532 -116.747218775325,53.3480911733796 -116.74603351658,53.3480756349656 -116.74594724777,53.350447349375 -116.745805597822,53.3506087259837 -116.74557294674,53.3506858841331 -116.745542911569,53.351428933777 -116.745565352383,53.3516793946987 -116.745310141909,53.3518790392526 -116.744453551573,53.3518231314293 -116.744395356912,53.3532742906619 -116.743847871476,53.353237974777 -116.741058596231,53.3534291574837 -116.738392081159,53.3534041187592 -116.735455215407,53.3534238943019 -116.734280694224,53.35373291264 -116.732375530102,53.3535819637316 -116.732275950056,53.3540329499297 -116.730484763278,53.3550584525767 -116.729890641804,53.3550505768713 -116.728727739431,53.3557163039475 -116.726516477968,53.3543336161825 -116.721190269631,53.3573822110864 -116.721114685383,53.3574005447276 -116.719447021448,53.3583712926865 -116.719370462528,53.3584761263422 -116.714618949597,53.3612113952695 -116.714493986754,53.3614703369004 -116.713810504469,53.3618637421059 -116.713101886423,53.3618454688173 -116.712644226227,53.3620965327278 -116.710969537467,53.3623562189441 -116.709861213137,53.3624617729246 -116.709427941303,53.3625142193299 -116.708987501811,53.3626015685714 -116.706637547655,53.3631734244247 -116.704823818554,53.3636615928601 -116.702604502796,53.3640769789396 -116.702087350772,53.3641489066008 -116.700019397547,53.3643120383501 -116.699568606768,53.3643285502032 -116.699082593945,53.3643133414803 -116.698112580524,53.3642199609181 -116.697695586163,53.3641303721641 -116.696458550321,53.3637585587032 -116.695161245609,53.3633405267474 -116.694236223411,53.3631596647999 -116.692359176557,53.3628719274483 -116.692040686958,53.3628076553342 -116.691307830569,53.3626074615724 -116.690976472603,53.3631918895897 -116.690223873042,53.3630392882637 -116.688986592858,53.362955689688 -116.682448374844,53.363032712914 -116.682244040456,53.3631567679234 -116.677422840717,53.3631799397138 -116.677265119011,53.3630870712874 -116.675744067317,53.3630996762575 -116.674685231177,53.3636047398795 -116.67312304383,53.3632371840493 -116.664008162035,53.3632882973913 -116.658511281879,53.3632110853978 -116.657976230024,53.3635574313103 -116.657470629436,53.3635586985479 -116.657206972103,53.3635767427418 -116.657099428493,53.3637551413589 -116.657021117858,53.3639982910188 -116.656977438175,53.3643518966436 -116.657033894596,53.3649291204889 -116.657184719037,53.3654413672429 -116.657373769489,53.365806551431 -116.655082847224,53.3662893825431</coordinates></LineString></MultiGeometry>
  </Placemark>
  <Placemark>
	<Style><LineStyle><color>ff0000ff</color></LineStyle><PolyStyle><fill>0</fill></PolyStyle></Style>
	<ExtendedData><SchemaData schemaUrl="#TOU_Edson_Sept2026">
		<SimpleData name="OBJECTID">42690044</SimpleData>
		<SimpleData name="LIC_LI_NO">55137-6</SimpleData>
		<SimpleData name="COMP_NAME">Tourmaline Oil Corp.</SimpleData>
		<SimpleData name="SEG_LENGTH">0.95</SimpleData>
		<SimpleData name="SEG_STATUS">Operating</SimpleData>
		<SimpleData name="FROM_FAC">Pipeline</SimpleData>
		<SimpleData name="FROM_LOC">15-02-053-18W5</SimpleData>
		<SimpleData name="TO_FAC">Pipeline</SimpleData>
		<SimpleData name="TO_LOC">02-11-053-18W5</SimpleData>
		<SimpleData name="OUT_DIAMET">273.1</SimpleData>
		<SimpleData name="PIP_MATERL">Steel</SimpleData>
		<SimpleData name="SUBSTANCE1">Natural Gas</SimpleData>
		<SimpleData name="GEOM_SRCE">Mapping</SimpleData>
		<SimpleData name="SHAPE_LEN">950.7807042247159</SimpleData>
	</SchemaData></ExtendedData>
      <MultiGeometry><LineString><coordinates>-116.5404855282,53.5557115687221 -116.540550309308,53.5564667577762 -116.540300124908,53.5566343140223 -116.540292780282,53.5569748135534 -116.539748305999,53.5571813720401 -116.539418871326,53.5573382077906 -116.539053432177,53.5575894113353 -116.540227309268,53.5589711292985 -116.543073293361,53.5589547559362</coordinates></LineString><LineString><coordinates>-116.540197186061,53.5527151205106 -116.540343625826,53.5529479958992 -116.54031743185,53.5533122134812 -116.540339593289,53.5539223091579 -116.540386903063,53.555224626274 -116.540481915176,53.5556694493455 -116.5404855282,53.5557115687221</coordinates></LineString></MultiGeometry>
  </Placemark>
  <Placemark>
	<Style><LineStyle><color>ff0000ff</color></LineStyle><PolyStyle><fill>0</fill></PolyStyle></Style>
	<ExtendedData><SchemaData schemaUrl="#TOU_Edson_Sept2026">
		<SimpleData name="OBJECTID">42712845</SimpleData>
		<SimpleData name="LIC_LI_NO">55018-32</SimpleData>
		<SimpleData name="COMP_NAME">Tourmaline Oil Corp.</SimpleData>
		<SimpleData name="SEG_LENGTH">1.94</SimpleData>
		<SimpleData name="SEG_STATUS">Operating</SimpleData>
		<SimpleData name="FROM_FAC">Well</SimpleData>
		<SimpleData name="FROM_LOC">06-21-050-17W5</SimpleData>
		<SimpleData name="TO_FAC">Pipeline</SimpleData>
		<SimpleData name="TO_LOC">03-29-050-17W5</SimpleData>
		<SimpleData name="OUT_DIAMET">219.1</SimpleData>
		<SimpleData name="PIP_MATERL">Steel</SimpleData>
		<SimpleData name="SUBSTANCE1">Natural Gas</SimpleData>
		<SimpleData name="GEOM_SRCE">Mapping</SimpleData>
		<SimpleData name="SHAPE_LEN">1936.8770541117858</SimpleData>
	</SchemaData></ExtendedData>
      <MultiGeometry><LineString><coordinates>-116.430256304974,53.3283287214147 -116.4305868311,53.3283964619498 -116.430581623566,53.3287874905087 -116.430407340519,53.3289051987081 -116.432056199122,53.3306097608111 -116.443890840033,53.3353247595216 -116.44741824927,53.3367323003004 -116.452475407688,53.3387556890279</coordinates></LineString></MultiGeometry>
  </Placemark>
  <Placemark>
	<Style><LineStyle><color>ff0000ff</color></LineStyle><PolyStyle><fill>0</fill></PolyStyle></Style>
	<ExtendedData><SchemaData schemaUrl="#TOU_Edson_Sept2026">
		<SimpleData name="OBJECTID">42712846</SimpleData>
		<SimpleData name="LIC_LI_NO">55018-34</SimpleData>
		<SimpleData name="COMP_NAME">Tourmaline Oil Corp.</SimpleData>
		<SimpleData name="SEG_LENGTH">0.93</SimpleData>
		<SimpleData name="SEG_STATUS">Operating</SimpleData>
		<SimpleData name="FROM_FAC">Pipeline</SimpleData>
		<SimpleData name="FROM_LOC">03-29-050-17W5</SimpleData>
		<SimpleData name="TO_FAC">Pipeline</SimpleData>
		<SimpleData name="TO_LOC">11-29-050-17W5</SimpleData>
		<SimpleData name="OUT_DIAMET">273.1</SimpleData>
		<SimpleData name="PIP_MATERL">Steel</SimpleData>
		<SimpleData name="SUBSTANCE1">Natural Gas</SimpleData>
		<SimpleData name="GEOM_SRCE">Mapping</SimpleData>
		<SimpleData name="SHAPE_LEN">937.8701775089523</SimpleData>
	</SchemaData></ExtendedData>
      <MultiGeometry><LineString><coordinates>-116.452651765843,53.3387501317136 -116.451106364415,53.3396664158446 -116.454982313694,53.3422579049053 -116.455430686208,53.3437770913871 -116.455851411273,53.3444942333917 -116.455294631867,53.3458025441205</coordinates></LineString></MultiGeometry>
  </Placemark>
  <Placemark>
	<Style><LineStyle><color>ff0000ff</color></LineStyle><PolyStyle><fill>0</fill></PolyStyle></Style>
	<ExtendedData><SchemaData schemaUrl="#TOU_Edson_Sept2026">
		<SimpleData name="OBJECTID">42713256</SimpleData>
		<SimpleData name="LIC_LI_NO">47909-1</SimpleData>
		<SimpleData name="COMP_NAME">Tourmaline Oil Corp.</SimpleData>
		<SimpleData name="SEG_LENGTH">4.53</SimpleData>
		<SimpleData name="SEG_STATUS">Discontinued</SimpleData>
		<SimpleData name="FROM_FAC">Blind End</SimpleData>
		<SimpleData name="FROM_LOC">16-14-050-18W5</SimpleData>
		<SimpleData name="TO_FAC">Blind End</SimpleData>
		<SimpleData name="TO_LOC">01-36-050-18W5</SimpleData>
		<SimpleData name="OUT_DIAMET">114.3</SimpleData>
		<SimpleData name="PIP_MATERL">Steel</SimpleData>
		<SimpleData name="SUBSTANCE1">Natural Gas</SimpleData>
		<SimpleData name="GEOM_SRCE">Mapping</SimpleData>
		<SimpleData name="SHAPE_LEN">4586.522602062183</SimpleData>
	</SchemaData></ExtendedData>
      <MultiGeometry><LineString><coordinates>-116.517982521923,53.3200418742087 -116.51773571968,53.3205904584869 -116.517478196943,53.3208370868467 -116.516824407571,53.3211431706756 -116.516331876572,53.3213131937024 -116.515438910755,53.3214252384632 -116.514362344566,53.3214976512779 -116.513459219702,53.3217188994044 -116.503440001216,53.3285335645279 -116.500418677658,53.3307114144228 -116.499396940142,53.3315550110642 -116.498695863453,53.3319498253979 -116.494708249093,53.3345066686666 -116.494705188533,53.3364334554138 -116.49469217464,53.3528040702118 -116.49215651985,53.3547159049612</coordinates></LineString></MultiGeometry>
  </Placemark>
  <Placemark>
	<Style><LineStyle><color>ff0000ff</color></LineStyle><PolyStyle><fill>0</fill></PolyStyle></Style>
	<ExtendedData><SchemaData schemaUrl="#TOU_Edson_Sept2026">
		<SimpleData name="OBJECTID">42713257</SimpleData>
		<SimpleData name="LIC_LI_NO">47909-2</SimpleData>
		<SimpleData name="COMP_NAME">Tourmaline Oil Corp.</SimpleData>
		<SimpleData name="SEG_LENGTH">1</SimpleData>
		<SimpleData name="SEG_STATUS">Discontinued</SimpleData>
		<SimpleData name="FROM_FAC">Blind End</SimpleData>
		<SimpleData name="FROM_LOC">12-13-050-18W5</SimpleData>
		<SimpleData name="TO_FAC">Blind End</SimpleData>
		<SimpleData name="TO_LOC">16-14-050-18W5</SimpleData>
		<SimpleData name="OUT_DIAMET">114.3</SimpleData>
		<SimpleData name="PIP_MATERL">Steel</SimpleData>
		<SimpleData name="SUBSTANCE1">Natural Gas</SimpleData>
		<SimpleData name="GEOM_SRCE">Mapping</SimpleData>
		<SimpleData name="SHAPE_LEN">976.2530269990754</SimpleData>
	</SchemaData></ExtendedData>
      <MultiGeometry><LineString><coordinates>-116.506873449368,53.3168319530458 -116.507929054269,53.3168606125192 -116.510484644471,53.3161177960072 -116.513671381111,53.3181173816689 -116.515503316368,53.3181014073228 -116.516746449075,53.3192093112926 -116.517214756104,53.319217230109 -116.517340747518,53.3201818830408</coordinates></LineString></MultiGeometry>
  </Placemark>
  <Placemark>
	<Style><LineStyle><color>ff0000ff</color></LineStyle><PolyStyle><fill>0</fill></PolyStyle></Style>
	<ExtendedData><SchemaData schemaUrl="#TOU_Edson_Sept2026">
		<SimpleData name="OBJECTID">42714879</SimpleData>
		<SimpleData name="LIC_LI_NO">55018-35</SimpleData>
		<SimpleData name="COMP_NAME">Tourmaline Oil Corp.</SimpleData>
		<SimpleData name="SEG_LENGTH">0.5</SimpleData>
		<SimpleData name="SEG_STATUS">Operating</SimpleData>
		<SimpleData name="FROM_FAC">Well</SimpleData>
		<SimpleData name="FROM_LOC">06-28-050-17W5</SimpleData>
		<SimpleData name="TO_FAC">Pipeline</SimpleData>
		<SimpleData name="TO_LOC">10-28-050-17W5</SimpleData>
		<SimpleData name="OUT_DIAMET">219.1</SimpleData>
		<SimpleData name="PIP_MATERL">Steel</SimpleData>
		<SimpleData name="SUBSTANCE1">Natural Gas</SimpleData>
		<SimpleData name="GEOM_SRCE">Mapping</SimpleData>
		<SimpleData name="SHAPE_LEN">491.65599535228927</SimpleData>
	</SchemaData></ExtendedData>
      <MultiGeometry><LineString><coordinates>-116.431098387518,53.3448616634329 -116.430611489854,53.3456987255754 -116.424992369649,53.3464286232034 -116.424836065484,53.3464280274052</coordinates></LineString></MultiGeometry>
  </Placemark>
  <Placemark>
	<Style><LineStyle><color>ff0000ff</color></LineStyle><PolyStyle><fill>0</fill></PolyStyle></Style>
	<ExtendedData><SchemaData schemaUrl="#TOU_Edson_Sept2026">
		<SimpleData name="OBJECTID">42718548</SimpleData>
		<SimpleData name="LIC_LI_NO">31063-7</SimpleData>
		<SimpleData name="COMP_NAME">Tourmaline Oil Corp.</SimpleData>
		<SimpleData name="SEG_LENGTH">1.65</SimpleData>
		<SimpleData name="SEG_STATUS">Operating</SimpleData>
		<SimpleData name="FROM_FAC">Well</SimpleData>
		<SimpleData name="FROM_LOC">01-09-053-16W5</SimpleData>
		<SimpleData name="TO_FAC">Pipeline</SimpleData>
		<SimpleData name="TO_LOC">02-10-053-16W5</SimpleData>
		<SimpleData name="OUT_DIAMET">114.3</SimpleData>
		<SimpleData name="PIP_MATERL">Steel</SimpleData>
		<SimpleData name="SUBSTANCE1">Natural Gas</SimpleData>
		<SimpleData name="GEOM_SRCE">Mapping</SimpleData>
		<SimpleData name="SHAPE_LEN">1759.394297232118</SimpleData>
	</SchemaData></ExtendedData>
      <MultiGeometry><LineString><coordinates>-116.29202921383,53.5585221409694 -116.286628726496,53.5595550957799 -116.277636481806,53.5612743417306 -116.270384083378,53.5603675998365 -116.270308473978,53.5597294622176 -116.270288132526,53.5595597139796 -116.268421131532,53.5584132489653</coordinates></LineString></MultiGeometry>
  </Placemark>
  <Placemark>
	<Style><LineStyle><color>ff0000ff</color></LineStyle><PolyStyle><fill>0</fill></PolyStyle></Style>
	<ExtendedData><SchemaData schemaUrl="#TOU_Edson_Sept2026">
		<SimpleData name="OBJECTID">42767590</SimpleData>
		<SimpleData name="LIC_LI_NO">50289-17</SimpleData>
		<SimpleData name="COMP_NAME">Tourmaline Oil Corp.</SimpleData>
		<SimpleData name="SEG_LENGTH">0.34</SimpleData>
		<SimpleData name="SEG_STATUS">Operating</SimpleData>
		<SimpleData name="FROM_FAC">Pipeline</SimpleData>
		<SimpleData name="FROM_LOC">11-02-053-18W5</SimpleData>
		<SimpleData name="TO_FAC">Pipeline</SimpleData>
		<SimpleData name="TO_LOC">06-02-053-18W5</SimpleData>
		<SimpleData name="OUT_DIAMET">168.3</SimpleData>
		<SimpleData name="PIP_MATERL">Steel</SimpleData>
		<SimpleData name="SUBSTANCE1">Natural Gas</SimpleData>
		<SimpleData name="GEOM_SRCE">Mapping</SimpleData>
		<SimpleData name="SHAPE_LEN">196.46217904918618</SimpleData>
	</SchemaData></ExtendedData>
      <MultiGeometry><LineString><coordinates>-116.547444722807,53.5484492685195 -116.547409797207,53.5491391602444 -116.547397439982,53.5502153282534</coordinates></LineString></MultiGeometry>
  </Placemark>
  <Placemark>
	<Style><LineStyle><color>ff0000ff</color></LineStyle><PolyStyle><fill>0</fill></PolyStyle></Style>
	<ExtendedData><SchemaData schemaUrl="#TOU_Edson_Sept2026">
		<SimpleData name="OBJECTID">42769250</SimpleData>
		<SimpleData name="LIC_LI_NO">55018-36</SimpleData>
		<SimpleData name="COMP_NAME">Tourmaline Oil Corp.</SimpleData>
		<SimpleData name="SEG_LENGTH">0.33</SimpleData>
		<SimpleData name="SEG_STATUS">Operating</SimpleData>
		<SimpleData name="FROM_FAC">Pipeline</SimpleData>
		<SimpleData name="FROM_LOC">10-28-050-17W5</SimpleData>
		<SimpleData name="TO_FAC">Pipeline</SimpleData>
		<SimpleData name="TO_LOC">07-28-050-17W5</SimpleData>
		<SimpleData name="OUT_DIAMET">219.1</SimpleData>
		<SimpleData name="PIP_MATERL">Steel</SimpleData>
		<SimpleData name="SUBSTANCE1">Natural Gas</SimpleData>
		<SimpleData name="GEOM_SRCE">Mapping</SimpleData>
		<SimpleData name="SHAPE_LEN">320.7241567270977</SimpleData>
	</SchemaData></ExtendedData>
      <MultiGeometry><LineString><coordinates>-116.425124200111,53.3464328152413 -116.423619446552,53.3464247593635 -116.42353259743,53.3462038678032 -116.422208857994,53.3455084944223 -116.421611608586,53.3449039215888</coordinates></LineString></MultiGeometry>
  </Placemark>
  <Placemark>
	<Style><LineStyle><color>ff0000ff</color></LineStyle><PolyStyle><fill>0</fill></PolyStyle></Style>
	<ExtendedData><SchemaData schemaUrl="#TOU_Edson_Sept2026">
		<SimpleData name="OBJECTID">42781319</SimpleData>
		<SimpleData name="LIC_LI_NO">36010-1</SimpleData>
		<SimpleData name="COMP_NAME">Tourmaline Oil Corp.</SimpleData>
		<SimpleData name="SEG_LENGTH">11.61</SimpleData>
		<SimpleData name="SEG_STATUS">Operating</SimpleData>
		<SimpleData name="FROM_FAC">Compressor Station</SimpleData>
		<SimpleData name="FROM_LOC">11-10-053-19W5</SimpleData>
		<SimpleData name="TO_FAC">Pipeline</SimpleData>
		<SimpleData name="TO_LOC">01-10-053-18W5</SimpleData>
		<SimpleData name="OUT_DIAMET">168.3</SimpleData>
		<SimpleData name="PIP_MATERL">Steel</SimpleData>
		<SimpleData name="SUBSTANCE1">Natural Gas</SimpleData>
		<SimpleData name="GEOM_SRCE">Mapping</SimpleData>
		<SimpleData name="SHAPE_LEN">11883.948215252078</SimpleData>
	</SchemaData></ExtendedData>
      <MultiGeometry><LineString><coordinates>-116.720357357089,53.5640054778283 -116.71830203238,53.5640077853515 -116.717063744287,53.5634873052375 -116.716274506038,53.5631608283882 -116.714938710312,53.562979296722 -116.711965564301,53.5625286590457 -116.708875195332,53.5620467517937 -116.704253642571,53.5613452050835 -116.702061719142,53.5610080237777 -116.698750132848,53.5601352556432 -116.694445330548,53.5590385462907 -116.692488697451,53.55852343335 -116.691083663176,53.5576978433529 -116.687181475007,53.5565664059991 -116.683416832382,53.5554637042142 -116.674446117615,53.5528503089379 -116.667902053365,53.5527619951883 -116.653077534422,53.5504627928085 -116.642431725754,53.5494845224566 -116.642070727875,53.5493865392934 -116.641884577185,53.5492926681925 -116.636368524286,53.5453364595606 -116.636243460832,53.5452958847208 -116.634381281096,53.5453304007727 -116.63161856544,53.5453674868821 -116.625291961761,53.5470482563123 -116.624809805405,53.5470237771465 -116.621365725691,53.5456512009487 -116.61201271399,53.5458103735425 -116.611848348344,53.5458500346251 -116.606867531453,53.5488861351052 -116.606422462942,53.549022478994 -116.600595644158,53.5495507067429 -116.600458520822,53.54976844536 -116.599913189545,53.5502108024321 -116.59871786338,53.5511197788465 -116.596600998685,53.5525084932558 -116.595084767351,53.5535617449484 -116.594649043116,53.553721045222 -116.592491811724,53.5552985105646 -116.59093154767,53.5555769545584 -116.588664791883,53.5554887921829 -116.586009881248,53.5553015613913 -116.582080693314,53.5554946104464 -116.581647731398,53.5553667722918 -116.579948592293,53.5554526899013 -116.57949360728,53.5556003833813 -116.577900700245,53.5566455617551 -116.570536607091,53.5572475149397 -116.563481708669,53.5577949513621 -116.560397418599,53.5580237204368 -116.560076280767,53.558171958824 -116.559744527542,53.5582431848884 -116.559252787959,53.5583319316894 -116.558811261505,53.5583484152149 -116.558434252954,53.5583500005486</coordinates></LineString></MultiGeometry>
  </Placemark>
  <Placemark>
	<Style><LineStyle><color>ff0000ff</color></LineStyle><PolyStyle><fill>0</fill></PolyStyle></Style>
	<ExtendedData><SchemaData schemaUrl="#TOU_Edson_Sept2026">
		<SimpleData name="OBJECTID">42781321</SimpleData>
		<SimpleData name="LIC_LI_NO">36010-2</SimpleData>
		<SimpleData name="COMP_NAME">Tourmaline Oil Corp.</SimpleData>
		<SimpleData name="SEG_LENGTH">0.09</SimpleData>
		<SimpleData name="SEG_STATUS">Operating</SimpleData>
		<SimpleData name="FROM_FAC">Compressor Station</SimpleData>
		<SimpleData name="FROM_LOC">11-10-053-19W5</SimpleData>
		<SimpleData name="TO_FAC">Compressor Station</SimpleData>
		<SimpleData name="TO_LOC">11-10-053-19W5</SimpleData>
		<SimpleData name="OUT_DIAMET">168.3</SimpleData>
		<SimpleData name="PIP_MATERL">Steel</SimpleData>
		<SimpleData name="SUBSTANCE1">Natural Gas</SimpleData>
		<SimpleData name="GEOM_SRCE">Mapping</SimpleData>
		<SimpleData name="SHAPE_LEN">55.77089762985624</SimpleData>
	</SchemaData></ExtendedData>
      <MultiGeometry><LineString><coordinates>-116.719745888248,53.5656470932351 -116.720588170218,53.5656470932351</coordinates></LineString></MultiGeometry>
  </Placemark>
  <Placemark>
	<Style><LineStyle><color>ff0000ff</color></LineStyle><PolyStyle><fill>0</fill></PolyStyle></Style>
	<ExtendedData><SchemaData schemaUrl="#TOU_Edson_Sept2026">
		<SimpleData name="OBJECTID">42782127</SimpleData>
		<SimpleData name="LIC_LI_NO">58444-6</SimpleData>
		<SimpleData name="COMP_NAME">Tourmaline Oil Corp.</SimpleData>
		<SimpleData name="SEG_LENGTH">1.95</SimpleData>
		<SimpleData name="SEG_STATUS">Discontinued</SimpleData>
		<SimpleData name="FROM_FAC">Blind End</SimpleData>
		<SimpleData name="FROM_LOC">11-18-052-14W5</SimpleData>
		<SimpleData name="TO_FAC">Blind End</SimpleData>
		<SimpleData name="TO_LOC">03-13-052-15W5</SimpleData>
		<SimpleData name="OUT_DIAMET">168.3</SimpleData>
		<SimpleData name="PIP_MATERL">Steel</SimpleData>
		<SimpleData name="SUBSTANCE1">Natural Gas</SimpleData>
		<SimpleData name="GEOM_SRCE">Mapping</SimpleData>
		<SimpleData name="SHAPE_LEN">1960.134525891647</SimpleData>
	</SchemaData></ExtendedData>
      <MultiGeometry><LineString><coordinates>-116.057003161217,53.4918304843726 -116.06254752093,53.4912914877522 -116.069409857386,53.4914677809872 -116.074472516189,53.4881120546456 -116.076968476223,53.4880256502614 -116.082804007767,53.4857225743386</coordinates></LineString></MultiGeometry>
  </Placemark>
  <Placemark>
	<Style><LineStyle><color>ff0000ff</color></LineStyle><PolyStyle><fill>0</fill></PolyStyle></Style>
	<ExtendedData><SchemaData schemaUrl="#TOU_Edson_Sept2026">
		<SimpleData name="OBJECTID">42788588</SimpleData>
		<SimpleData name="LIC_LI_NO">50289-25</SimpleData>
		<SimpleData name="COMP_NAME">Tourmaline Oil Corp.</SimpleData>
		<SimpleData name="SEG_LENGTH">1.37</SimpleData>
		<SimpleData name="SEG_STATUS">Operating</SimpleData>
		<SimpleData name="FROM_FAC">Pipeline</SimpleData>
		<SimpleData name="FROM_LOC">01-10-053-18W5</SimpleData>
		<SimpleData name="TO_FAC">Pipeline</SimpleData>
		<SimpleData name="TO_LOC">11-02-053-18W5</SimpleData>
		<SimpleData name="OUT_DIAMET">168.3</SimpleData>
		<SimpleData name="PIP_MATERL">Steel</SimpleData>
		<SimpleData name="SUBSTANCE1">Natural Gas</SimpleData>
		<SimpleData name="GEOM_SRCE">Mapping</SimpleData>
		<SimpleData name="SHAPE_LEN">1750.1431518615855</SimpleData>
	</SchemaData></ExtendedData>
      <MultiGeometry><LineString><coordinates>-116.558434252954,53.5583500005486 -116.559041788072,53.5575822940137 -116.557536485642,53.5556989834488 -116.552789225335,53.5556985741499 -116.552571153012,53.5554908050685 -116.552614725795,53.5545234830002 -116.552467378732,53.5542056029929 -116.552503505379,53.5524030119848 -116.551541085418,53.5524304504825 -116.55123274229,53.5525396690182 -116.550537253122,53.5525370582752 -116.547747535008,53.55201509321 -116.546869534225,53.5510725004777 -116.547004268942,53.5509384906425 -116.546861552694,53.55073444582 -116.546893220104,53.5504827719454 -116.547162132581,53.5502664886803 -116.547148238339,53.5491860346135 -116.547195699929,53.5491098665394 -116.547177540485,53.548562030598</coordinates></LineString></MultiGeometry>
  </Placemark>
  <Placemark>
	<Style><LineStyle><color>ff0000ff</color></LineStyle><PolyStyle><fill>0</fill></PolyStyle></Style>
	<ExtendedData><SchemaData schemaUrl="#TOU_Edson_Sept2026">
		<SimpleData name="OBJECTID">42791429</SimpleData>
		<SimpleData name="LIC_LI_NO">42009-7</SimpleData>
		<SimpleData name="COMP_NAME">Tourmaline Oil Corp.</SimpleData>
		<SimpleData name="SEG_LENGTH">0.25</SimpleData>
		<SimpleData name="SEG_STATUS">Discontinued</SimpleData>
		<SimpleData name="FROM_FAC">Blind End</SimpleData>
		<SimpleData name="FROM_LOC">08-19-052-14W5</SimpleData>
		<SimpleData name="TO_FAC">Blind End</SimpleData>
		<SimpleData name="TO_LOC">08-19-052-14W5</SimpleData>
		<SimpleData name="OUT_DIAMET">114.3</SimpleData>
		<SimpleData name="PIP_MATERL">Steel</SimpleData>
		<SimpleData name="SUBSTANCE1">Natural Gas</SimpleData>
		<SimpleData name="GEOM_SRCE">Mapping</SimpleData>
		<SimpleData name="SHAPE_LEN">242.9218821271532</SimpleData>
	</SchemaData></ExtendedData>
      <MultiGeometry><LineString><coordinates>-116.04606540637,53.5025812323234 -116.046618761398,53.5031762322311 -116.045803342649,53.5036759355754 -116.045816907209,53.5044826741964</coordinates></LineString></MultiGeometry>
  </Placemark>
  <Placemark>
	<Style><LineStyle><color>ff0000ff</color></LineStyle><PolyStyle><fill>0</fill></PolyStyle></Style>
	<ExtendedData><SchemaData schemaUrl="#TOU_Edson_Sept2026">
		<SimpleData name="OBJECTID">42801169</SimpleData>
		<SimpleData name="LIC_LI_NO">42010-5</SimpleData>
		<SimpleData name="COMP_NAME">Tourmaline Oil Corp.</SimpleData>
		<SimpleData name="SEG_LENGTH">0.25</SimpleData>
		<SimpleData name="SEG_STATUS">Discontinued</SimpleData>
		<SimpleData name="FROM_FAC">Blind End</SimpleData>
		<SimpleData name="FROM_LOC">08-19-052-14W5</SimpleData>
		<SimpleData name="TO_FAC">Blind End</SimpleData>
		<SimpleData name="TO_LOC">08-19-052-14W5</SimpleData>
		<SimpleData name="OUT_DIAMET">60.3</SimpleData>
		<SimpleData name="PIP_MATERL">Steel</SimpleData>
		<SimpleData name="SUBSTANCE1">Fuel Gas</SimpleData>
		<SimpleData name="GEOM_SRCE">Mapping</SimpleData>
		<SimpleData name="SHAPE_LEN">217.29939463785095</SimpleData>
	</SchemaData></ExtendedData>
      <MultiGeometry><LineString><coordinates>-116.045864393952,53.5026476817549 -116.046334942278,53.5031536479674 -116.045572555571,53.5036208489585 -116.045587552944,53.5043443312891</coordinates></LineString></MultiGeometry>
  </Placemark>
  <Placemark>
	<Style><LineStyle><color>ff0000ff</color></LineStyle><PolyStyle><fill>0</fill></PolyStyle></Style>
	<ExtendedData><SchemaData schemaUrl="#TOU_Edson_Sept2026">
		<SimpleData name="OBJECTID">42802011</SimpleData>
		<SimpleData name="LIC_LI_NO">35053-10</SimpleData>
		<SimpleData name="COMP_NAME">Tourmaline Oil Corp.</SimpleData>
		<SimpleData name="SEG_LENGTH">0.93</SimpleData>
		<SimpleData name="SEG_STATUS">Operating</SimpleData>
		<SimpleData name="FROM_FAC">Well</SimpleData>
		<SimpleData name="FROM_LOC">16-03-054-15W5</SimpleData>
		<SimpleData name="TO_FAC">Pipeline</SimpleData>
		<SimpleData name="TO_LOC">01-03-054-15W5</SimpleData>
		<SimpleData name="OUT_DIAMET">114.3</SimpleData>
		<SimpleData name="PIP_MATERL">Steel</SimpleData>
		<SimpleData name="SUBSTANCE1">Natural Gas</SimpleData>
		<SimpleData name="GEOM_SRCE">Mapping</SimpleData>
		<SimpleData name="SHAPE_LEN">936.2984832161876</SimpleData>
	</SchemaData></ExtendedData>
      <MultiGeometry><LineString><coordinates>-116.119640571344,53.6404323991912 -116.119948907286,53.6320157044295</coordinates></LineString></MultiGeometry>
  </Placemark>
  <Placemark>
	<Style><LineStyle><color>ff0000ff</color></LineStyle><PolyStyle><fill>0</fill></PolyStyle></Style>
	<ExtendedData><SchemaData schemaUrl="#TOU_Edson_Sept2026">
		<SimpleData name="OBJECTID">42802012</SimpleData>
		<SimpleData name="LIC_LI_NO">35053-3</SimpleData>
		<SimpleData name="COMP_NAME">Tourmaline Oil Corp.</SimpleData>
		<SimpleData name="SEG_LENGTH">1.69</SimpleData>
		<SimpleData name="SEG_STATUS">Operating</SimpleData>
		<SimpleData name="FROM_FAC">Pipeline</SimpleData>
		<SimpleData name="FROM_LOC">08-34-053-15W5</SimpleData>
		<SimpleData name="TO_FAC">Pipeline</SimpleData>
		<SimpleData name="TO_LOC">01-03-054-15W5</SimpleData>
		<SimpleData name="OUT_DIAMET">114.3</SimpleData>
		<SimpleData name="PIP_MATERL">Steel</SimpleData>
		<SimpleData name="SUBSTANCE1">Natural Gas</SimpleData>
		<SimpleData name="GEOM_SRCE">Mapping</SimpleData>
		<SimpleData name="SHAPE_LEN">1647.1207992173734</SimpleData>
	</SchemaData></ExtendedData>
      <MultiGeometry><LineString><coordinates>-116.119673727263,53.6184389303565 -116.116273512285,53.623355468579 -116.116335807755,53.6283753576497 -116.116444821908,53.6294046207367 -116.119656211912,53.6312408539082 -116.119948907286,53.6320157044295</coordinates></LineString></MultiGeometry>
  </Placemark>
  <Placemark>
	<Style><LineStyle><color>ff0000ff</color></LineStyle><PolyStyle><fill>0</fill></PolyStyle></Style>
	<ExtendedData><SchemaData schemaUrl="#TOU_Edson_Sept2026">
		<SimpleData name="OBJECTID">42802013</SimpleData>
		<SimpleData name="LIC_LI_NO">35053-4</SimpleData>
		<SimpleData name="COMP_NAME">Tourmaline Oil Corp.</SimpleData>
		<SimpleData name="SEG_LENGTH">0.81</SimpleData>
		<SimpleData name="SEG_STATUS">Operating</SimpleData>
		<SimpleData name="FROM_FAC">Pipeline</SimpleData>
		<SimpleData name="FROM_LOC">16-27-053-15W5</SimpleData>
		<SimpleData name="TO_FAC">Pipeline</SimpleData>
		<SimpleData name="TO_LOC">08-34-053-15W5</SimpleData>
		<SimpleData name="OUT_DIAMET">114.3</SimpleData>
		<SimpleData name="PIP_MATERL">Steel</SimpleData>
		<SimpleData name="SUBSTANCE1">Natural Gas</SimpleData>
		<SimpleData name="GEOM_SRCE">Mapping</SimpleData>
		<SimpleData name="SHAPE_LEN">837.7411796920736</SimpleData>
	</SchemaData></ExtendedData>
      <MultiGeometry><LineString><coordinates>-116.119661334106,53.6109063916519 -116.119673727263,53.6184389303565</coordinates></LineString></MultiGeometry>
  </Placemark>
  <Placemark>
	<Style><LineStyle><color>ff0000ff</color></LineStyle><PolyStyle><fill>0</fill></PolyStyle></Style>
	<ExtendedData><SchemaData schemaUrl="#TOU_Edson_Sept2026">
		<SimpleData name="OBJECTID">42802015</SimpleData>
		<SimpleData name="LIC_LI_NO">35053-2</SimpleData>
		<SimpleData name="COMP_NAME">Tourmaline Oil Corp.</SimpleData>
		<SimpleData name="SEG_LENGTH">1.93</SimpleData>
		<SimpleData name="SEG_STATUS">Operating</SimpleData>
		<SimpleData name="FROM_FAC">Pipeline</SimpleData>
		<SimpleData name="FROM_LOC">14-19-053-15W5</SimpleData>
		<SimpleData name="TO_FAC">Pipeline</SimpleData>
		<SimpleData name="TO_LOC">14-20-053-15W5</SimpleData>
		<SimpleData name="OUT_DIAMET">114.3</SimpleData>
		<SimpleData name="PIP_MATERL">Steel</SimpleData>
		<SimpleData name="SUBSTANCE1">Natural Gas</SimpleData>
		<SimpleData name="GEOM_SRCE">Mapping</SimpleData>
		<SimpleData name="SHAPE_LEN">1923.1764509370066</SimpleData>
	</SchemaData></ExtendedData>
      <MultiGeometry><LineString><coordinates>-116.176930526181,53.5971639810035 -116.178366782302,53.597677161033 -116.180299496856,53.5977219424941 -116.182702370765,53.5958710618617 -116.18743063889,53.5958465389703 -116.189276058758,53.595817650263 -116.193795946483,53.5955719880274 -116.196529296212,53.595555244978 -116.196915257374,53.5953929764696 -116.199314392495,53.5954851186921 -116.200164453875,53.5954132313445 -116.200381308083,53.5955483430331 -116.202333484638,53.5955287418448 -116.203280033164,53.5963535113224</coordinates></LineString></MultiGeometry>
  </Placemark>
  <Placemark>
	<Style><LineStyle><color>ff0000ff</color></LineStyle><PolyStyle><fill>0</fill></PolyStyle></Style>
	<ExtendedData><SchemaData schemaUrl="#TOU_Edson_Sept2026">
		<SimpleData name="OBJECTID">42826492</SimpleData>
		<SimpleData name="LIC_LI_NO">49495-125</SimpleData>
		<SimpleData name="COMP_NAME">Tourmaline Oil Corp.</SimpleData>
		<SimpleData name="SEG_LENGTH">0.32</SimpleData>
		<SimpleData name="SEG_STATUS">Operating</SimpleData>
		<SimpleData name="FROM_FAC">Battery</SimpleData>
		<SimpleData name="FROM_LOC">14-35-050-19W5</SimpleData>
		<SimpleData name="TO_FAC">Pipeline</SimpleData>
		<SimpleData name="TO_LOC">14-35-050-19W5</SimpleData>
		<SimpleData name="OUT_DIAMET">219.1</SimpleData>
		<SimpleData name="PIP_MATERL">Steel</SimpleData>
		<SimpleData name="SUBSTANCE1">Natural Gas</SimpleData>
		<SimpleData name="GEOM_SRCE">ROW centre-line</SimpleData>
		<SimpleData name="SHAPE_LEN">347.7591868236033</SimpleData>
	</SchemaData></ExtendedData>
      <MultiGeometry><LineString><coordinates>-116.676597400362,53.3653086764022 -116.67657950682,53.3643147153688 -116.675469535878,53.3634821490753 -116.67532404204,53.3634723408308 -116.674723900057,53.3637586042678 -116.673913190276,53.3635678624327</coordinates></LineString></MultiGeometry>
  </Placemark>
  <Placemark>
	<Style><LineStyle><color>ff0000ff</color></LineStyle><PolyStyle><fill>0</fill></PolyStyle></Style>
	<ExtendedData><SchemaData schemaUrl="#TOU_Edson_Sept2026">
		<SimpleData name="OBJECTID">42835881</SimpleData>
		<SimpleData name="LIC_LI_NO">13465-4</SimpleData>
		<SimpleData name="COMP_NAME">Tourmaline Oil Corp.</SimpleData>
		<SimpleData name="SEG_LENGTH">2.54</SimpleData>
		<SimpleData name="SEG_STATUS">Abandoned</SimpleData>
		<SimpleData name="FROM_FAC">Blind End</SimpleData>
		<SimpleData name="FROM_LOC">07-14-054-15W5</SimpleData>
		<SimpleData name="TO_FAC">Blind End</SimpleData>
		<SimpleData name="TO_LOC">11-24-054-15W5</SimpleData>
		<SimpleData name="OUT_DIAMET">60.3</SimpleData>
		<SimpleData name="PIP_MATERL">Steel</SimpleData>
		<SimpleData name="SUBSTANCE1">Fuel Gas</SimpleData>
		<SimpleData name="GEOM_SRCE">Mapping</SimpleData>
		<SimpleData name="SHAPE_LEN">454.4176055963717</SimpleData>
	</SchemaData></ExtendedData>
      <MultiGeometry><LineString><coordinates>-116.103928569901,53.6673880287229 -116.100589554448,53.6657601852566 -116.100582674251,53.664239890503</coordinates></LineString></MultiGeometry>
  </Placemark>
  <Placemark>
	<Style><LineStyle><color>ff0000ff</color></LineStyle><PolyStyle><fill>0</fill></PolyStyle></Style>
	<ExtendedData><SchemaData schemaUrl="#TOU_Edson_Sept2026">
		<SimpleData name="OBJECTID">42854502</SimpleData>
		<SimpleData name="LIC_LI_NO">50289-21</SimpleData>
		<SimpleData name="COMP_NAME">Tourmaline Oil Corp.</SimpleData>
		<SimpleData name="SEG_LENGTH">0.44</SimpleData>
		<SimpleData name="SEG_STATUS">Discontinued</SimpleData>
		<SimpleData name="FROM_FAC">Blind End</SimpleData>
		<SimpleData name="FROM_LOC">04-11-053-18W5</SimpleData>
		<SimpleData name="TO_FAC">Blind End</SimpleData>
		<SimpleData name="TO_LOC">01-10-053-18W5</SimpleData>
		<SimpleData name="OUT_DIAMET">168.3</SimpleData>
		<SimpleData name="PIP_MATERL">Steel</SimpleData>
		<SimpleData name="SUBSTANCE1">Natural Gas</SimpleData>
		<SimpleData name="GEOM_SRCE">Mapping</SimpleData>
		<SimpleData name="SHAPE_LEN">422.6873200926183</SimpleData>
	</SchemaData></ExtendedData>
      <MultiGeometry><LineString><coordinates>-116.554405599959,53.5590074868375 -116.554426848708,53.5596260372484 -116.557441346867,53.5596044205815 -116.558434252954,53.5583500005486</coordinates></LineString></MultiGeometry>
  </Placemark>
  <Placemark>
	<Style><LineStyle><color>ff0000ff</color></LineStyle><PolyStyle><fill>0</fill></PolyStyle></Style>
	<ExtendedData><SchemaData schemaUrl="#TOU_Edson_Sept2026">
		<SimpleData name="OBJECTID">42854503</SimpleData>
		<SimpleData name="LIC_LI_NO">36010-7</SimpleData>
		<SimpleData name="COMP_NAME">Tourmaline Oil Corp.</SimpleData>
		<SimpleData name="SEG_LENGTH">0.44</SimpleData>
		<SimpleData name="SEG_STATUS">Discontinued</SimpleData>
		<SimpleData name="FROM_FAC">Blind End</SimpleData>
		<SimpleData name="FROM_LOC">01-10-053-18W5</SimpleData>
		<SimpleData name="TO_FAC">Blind End</SimpleData>
		<SimpleData name="TO_LOC">04-11-053-18W5</SimpleData>
		<SimpleData name="OUT_DIAMET">168.3</SimpleData>
		<SimpleData name="PIP_MATERL">Steel</SimpleData>
		<SimpleData name="SUBSTANCE1">Natural Gas</SimpleData>
		<SimpleData name="GEOM_SRCE">Mapping</SimpleData>
		<SimpleData name="SHAPE_LEN">419.36953330250407</SimpleData>
	</SchemaData></ExtendedData>
      <MultiGeometry><LineString><coordinates>-116.558434252954,53.5583500005486 -116.557164595691,53.5583546829122 -116.557123563343,53.5594655927817 -116.554968681945,53.5594790349449 -116.554937014535,53.5588590224652</coordinates></LineString></MultiGeometry>
  </Placemark>
  <Placemark>
	<Style><LineStyle><color>ff0000ff</color></LineStyle><PolyStyle><fill>0</fill></PolyStyle></Style>
	<ExtendedData><SchemaData schemaUrl="#TOU_Edson_Sept2026">
		<SimpleData name="OBJECTID">42869545</SimpleData>
		<SimpleData name="LIC_LI_NO">28988-3</SimpleData>
		<SimpleData name="COMP_NAME">Tourmaline Oil Corp.</SimpleData>
		<SimpleData name="SEG_LENGTH">0.48</SimpleData>
		<SimpleData name="SEG_STATUS">Abandoned</SimpleData>
		<SimpleData name="FROM_FAC">Blind End</SimpleData>
		<SimpleData name="FROM_LOC">10-21-052-15W5</SimpleData>
		<SimpleData name="TO_FAC">Blind End</SimpleData>
		<SimpleData name="TO_LOC">10-21-052-15W5</SimpleData>
		<SimpleData name="OUT_DIAMET">114.3</SimpleData>
		<SimpleData name="PIP_MATERL">Steel</SimpleData>
		<SimpleData name="SUBSTANCE1">Natural Gas</SimpleData>
		<SimpleData name="GEOM_SRCE">Mapping</SimpleData>
		<SimpleData name="SHAPE_LEN">451.138308279531</SimpleData>
	</SchemaData></ExtendedData>
      <MultiGeometry><LineString><coordinates>-116.149956163663,53.5061734770686 -116.149959281715,53.5048142455769 -116.145435205146,53.504791164773</coordinates></LineString></MultiGeometry>
  </Placemark>
  <Placemark>
	<Style><LineStyle><color>ff0000ff</color></LineStyle><PolyStyle><fill>0</fill></PolyStyle></Style>
	<ExtendedData><SchemaData schemaUrl="#TOU_Edson_Sept2026">
		<SimpleData name="OBJECTID">42869546</SimpleData>
		<SimpleData name="LIC_LI_NO">28988-4</SimpleData>
		<SimpleData name="COMP_NAME">Tourmaline Oil Corp.</SimpleData>
		<SimpleData name="SEG_LENGTH">0.35</SimpleData>
		<SimpleData name="SEG_STATUS">Abandoned</SimpleData>
		<SimpleData name="FROM_FAC">Blind End</SimpleData>
		<SimpleData name="FROM_LOC">10-21-052-15W5</SimpleData>
		<SimpleData name="TO_FAC">Blind End</SimpleData>
		<SimpleData name="TO_LOC">10-21-052-15W5</SimpleData>
		<SimpleData name="OUT_DIAMET">114.3</SimpleData>
		<SimpleData name="PIP_MATERL">Steel</SimpleData>
		<SimpleData name="SUBSTANCE1">Natural Gas</SimpleData>
		<SimpleData name="GEOM_SRCE">Mapping</SimpleData>
		<SimpleData name="SHAPE_LEN">260.57525928719616</SimpleData>
	</SchemaData></ExtendedData>
      <MultiGeometry><LineString><coordinates>-116.145922396559,53.5050925333669 -116.14822731278,53.5056333099902 -116.149171016342,53.5056450157873 -116.149397501388,53.5059169168766</coordinates></LineString></MultiGeometry>
  </Placemark>
  <Placemark>
	<Style><LineStyle><color>ff0000ff</color></LineStyle><PolyStyle><fill>0</fill></PolyStyle></Style>
	<ExtendedData><SchemaData schemaUrl="#TOU_Edson_Sept2026">
		<SimpleData name="OBJECTID">42869947</SimpleData>
		<SimpleData name="LIC_LI_NO">50289-23</SimpleData>
		<SimpleData name="COMP_NAME">Tourmaline Oil Corp.</SimpleData>
		<SimpleData name="SEG_LENGTH">1.6</SimpleData>
		<SimpleData name="SEG_STATUS">Discontinued</SimpleData>
		<SimpleData name="FROM_FAC">Blind End</SimpleData>
		<SimpleData name="FROM_LOC">15-25-052-18W5</SimpleData>
		<SimpleData name="TO_FAC">Blind End</SimpleData>
		<SimpleData name="TO_LOC">09-35-052-18W5</SimpleData>
		<SimpleData name="OUT_DIAMET">168.3</SimpleData>
		<SimpleData name="PIP_MATERL">Steel</SimpleData>
		<SimpleData name="SUBSTANCE1">Natural Gas</SimpleData>
		<SimpleData name="GEOM_SRCE">Mapping</SimpleData>
		<SimpleData name="SHAPE_LEN">1554.2901583279142</SimpleData>
	</SchemaData></ExtendedData>
      <MultiGeometry><LineString><coordinates>-116.518600682315,53.5264202087972 -116.520127302665,53.5264202776838 -116.522542185253,53.5267496354236 -116.523708260475,53.5278302894947 -116.531209631475,53.5316720400345 -116.532125308499,53.5321522023793 -116.536089093249,53.5341859068269 -116.537041170906,53.5341785330304</coordinates></LineString></MultiGeometry>
  </Placemark>
  <Placemark>
	<Style><LineStyle><color>ff0000ff</color></LineStyle><PolyStyle><fill>0</fill></PolyStyle></Style>
	<ExtendedData><SchemaData schemaUrl="#TOU_Edson_Sept2026">
		<SimpleData name="OBJECTID">42872039</SimpleData>
		<SimpleData name="LIC_LI_NO">55018-37</SimpleData>
		<SimpleData name="COMP_NAME">Tourmaline Oil Corp.</SimpleData>
		<SimpleData name="SEG_LENGTH">1.58</SimpleData>
		<SimpleData name="SEG_STATUS">Operating</SimpleData>
		<SimpleData name="FROM_FAC">Well</SimpleData>
		<SimpleData name="FROM_LOC">04-19-050-16W5</SimpleData>
		<SimpleData name="TO_FAC">Pipeline</SimpleData>
		<SimpleData name="TO_LOC">02-25-050-17W5</SimpleData>
		<SimpleData name="OUT_DIAMET">219.1</SimpleData>
		<SimpleData name="PIP_MATERL">Steel</SimpleData>
		<SimpleData name="SUBSTANCE1">Natural Gas</SimpleData>
		<SimpleData name="GEOM_SRCE">rowcentreline</SimpleData>
		<SimpleData name="SHAPE_LEN">1569.3645048514747</SimpleData>
	</SchemaData></ExtendedData>
      <MultiGeometry><LineString><coordinates>-116.341429193661,53.3259327058185 -116.342322602347,53.3324324221309 -116.342972355589,53.3326264286526 -116.343256621172,53.3328689346251 -116.347276962056,53.3351484277754 -116.347926715297,53.3379127566888 -116.348657686122,53.3384946977559 -116.348657685224,53.3385189449716</coordinates></LineString></MultiGeometry>
  </Placemark>
  <Placemark>
	<Style><LineStyle><color>ff0000ff</color></LineStyle><PolyStyle><fill>0</fill></PolyStyle></Style>
	<ExtendedData><SchemaData schemaUrl="#TOU_Edson_Sept2026">
		<SimpleData name="OBJECTID">42896822</SimpleData>
		<SimpleData name="LIC_LI_NO">59901-1</SimpleData>
		<SimpleData name="COMP_NAME">Tourmaline Oil Corp.</SimpleData>
		<SimpleData name="SEG_LENGTH">2.29</SimpleData>
		<SimpleData name="SEG_STATUS">Operating</SimpleData>
		<SimpleData name="FROM_FAC">Well</SimpleData>
		<SimpleData name="FROM_LOC">04-09-053-19W5</SimpleData>
		<SimpleData name="TO_FAC">Compressor Station</SimpleData>
		<SimpleData name="TO_LOC">11-10-053-19W5</SimpleData>
		<SimpleData name="OUT_DIAMET">168.3</SimpleData>
		<SimpleData name="PIP_MATERL">Steel</SimpleData>
		<SimpleData name="SUBSTANCE1">Natural Gas</SimpleData>
		<SimpleData name="GEOM_SRCE">Mapping</SimpleData>
		<SimpleData name="SHAPE_LEN">2572.264962524355</SimpleData>
	</SchemaData></ExtendedData>
      <MultiGeometry><LineString><coordinates>-116.749443711841,53.5591281505078 -116.747772944227,53.5582985942985 -116.745416636288,53.5582344732676 -116.742932843036,53.5568583396079 -116.733722899722,53.5620368377868 -116.734114068417,53.563186497088 -116.729837860391,53.5643569663115 -116.727181445078,53.5639026784765 -116.722020924706,53.5641926471603 -116.722034600658,53.5640200112207 -116.718700101036,53.5640313412879</coordinates></LineString></MultiGeometry>
  </Placemark>
  <Placemark>
	<Style><LineStyle><color>ff0000ff</color></LineStyle><PolyStyle><fill>0</fill></PolyStyle></Style>
	<ExtendedData><SchemaData schemaUrl="#TOU_Edson_Sept2026">
		<SimpleData name="OBJECTID">43057394</SimpleData>
		<SimpleData name="LIC_LI_NO">31063-4</SimpleData>
		<SimpleData name="COMP_NAME">Tourmaline Oil Corp.</SimpleData>
		<SimpleData name="SEG_LENGTH">3.71</SimpleData>
		<SimpleData name="SEG_STATUS">Operating</SimpleData>
		<SimpleData name="FROM_FAC">Well</SimpleData>
		<SimpleData name="FROM_LOC">02-10-053-16W5</SimpleData>
		<SimpleData name="TO_FAC">Pipeline</SimpleData>
		<SimpleData name="TO_LOC">15-33-052-16W5</SimpleData>
		<SimpleData name="OUT_DIAMET">168.3</SimpleData>
		<SimpleData name="PIP_MATERL">Steel</SimpleData>
		<SimpleData name="SUBSTANCE1">Natural Gas</SimpleData>
		<SimpleData name="GEOM_SRCE">mapping</SimpleData>
		<SimpleData name="SHAPE_LEN">3836.076088734967</SimpleData>
	</SchemaData></ExtendedData>
      <MultiGeometry><LineString><coordinates>-116.268517531542,53.5586747685935 -116.269833586789,53.5573346282977 -116.269645579282,53.554840364834 -116.271024304597,53.5492184264982 -116.270773627022,53.5468353928312 -116.268705539947,53.541882722816 -116.269206894199,53.5407282577493 -116.296029364179,53.5389406361487</coordinates></LineString></MultiGeometry>
  </Placemark>
  <Placemark>
	<Style><LineStyle><color>ff0000ff</color></LineStyle><PolyStyle><fill>0</fill></PolyStyle></Style>
	<ExtendedData><SchemaData schemaUrl="#TOU_Edson_Sept2026">
		<SimpleData name="OBJECTID">43082371</SimpleData>
		<SimpleData name="LIC_LI_NO">13465-2</SimpleData>
		<SimpleData name="COMP_NAME">Tourmaline Oil Corp.</SimpleData>
		<SimpleData name="SEG_LENGTH">1.5</SimpleData>
		<SimpleData name="SEG_STATUS">Operating</SimpleData>
		<SimpleData name="FROM_FAC">Pipeline</SimpleData>
		<SimpleData name="FROM_LOC">10-11-054-15W5</SimpleData>
		<SimpleData name="TO_FAC">Pipeline</SimpleData>
		<SimpleData name="TO_LOC">07-14-054-15W5</SimpleData>
		<SimpleData name="OUT_DIAMET">60.3</SimpleData>
		<SimpleData name="PIP_MATERL">Steel</SimpleData>
		<SimpleData name="SUBSTANCE1">Fuel Gas</SimpleData>
		<SimpleData name="GEOM_SRCE">Mapping</SimpleData>
		<SimpleData name="SHAPE_LEN">1867.5964884977793</SimpleData>
	</SchemaData></ExtendedData>
      <MultiGeometry><LineString><coordinates>-116.095849639665,53.649317265015 -116.099678052794,53.6522420495621 -116.100403124382,53.6522107971603 -116.100691651573,53.6521448683009 -116.100624816018,53.659996702731 -116.100591395994,53.6642214245863</coordinates></LineString><LineString><coordinates>-116.12419263313,53.6795859810231 -116.124857839191,53.6795961909592</coordinates></LineString></MultiGeometry>
  </Placemark>
  <Placemark>
	<Style><LineStyle><color>ff0000ff</color></LineStyle><PolyStyle><fill>0</fill></PolyStyle></Style>
	<ExtendedData><SchemaData schemaUrl="#TOU_Edson_Sept2026">
		<SimpleData name="OBJECTID">43086457</SimpleData>
		<SimpleData name="LIC_LI_NO">31063-9</SimpleData>
		<SimpleData name="COMP_NAME">Tourmaline Oil Corp.</SimpleData>
		<SimpleData name="SEG_LENGTH">1.21</SimpleData>
		<SimpleData name="SEG_STATUS">Discontinued</SimpleData>
		<SimpleData name="FROM_FAC">Blind End</SimpleData>
		<SimpleData name="FROM_LOC">07-14-053-16W5</SimpleData>
		<SimpleData name="TO_FAC">Blind End</SimpleData>
		<SimpleData name="TO_LOC">11-11-053-16W5</SimpleData>
		<SimpleData name="OUT_DIAMET">168.3</SimpleData>
		<SimpleData name="PIP_MATERL">Steel</SimpleData>
		<SimpleData name="SUBSTANCE1">Natural Gas</SimpleData>
		<SimpleData name="GEOM_SRCE">Mapping</SimpleData>
		<SimpleData name="SHAPE_LEN">1247.665054390878</SimpleData>
	</SchemaData></ExtendedData>
      <MultiGeometry><LineString><coordinates>-116.250101721468,53.5646268185814 -116.249394896459,53.5650511101253 -116.249439114232,53.5749709575753 -116.248962567856,53.575611813813</coordinates></LineString></MultiGeometry>
  </Placemark>
  <Placemark>
	<Style><LineStyle><color>ff0000ff</color></LineStyle><PolyStyle><fill>0</fill></PolyStyle></Style>
	<ExtendedData><SchemaData schemaUrl="#TOU_Edson_Sept2026">
		<SimpleData name="OBJECTID">43086458</SimpleData>
		<SimpleData name="LIC_LI_NO">31063-23</SimpleData>
		<SimpleData name="COMP_NAME">Tourmaline Oil Corp.</SimpleData>
		<SimpleData name="SEG_LENGTH">1.47</SimpleData>
		<SimpleData name="SEG_STATUS">Discontinued</SimpleData>
		<SimpleData name="FROM_FAC">Blind End</SimpleData>
		<SimpleData name="FROM_LOC">11-11-053-16W5</SimpleData>
		<SimpleData name="TO_FAC">Blind End</SimpleData>
		<SimpleData name="TO_LOC">02-10-053-16W5</SimpleData>
		<SimpleData name="OUT_DIAMET">168.3</SimpleData>
		<SimpleData name="PIP_MATERL">Steel</SimpleData>
		<SimpleData name="SUBSTANCE1">Natural Gas</SimpleData>
		<SimpleData name="GEOM_SRCE">mapping</SimpleData>
		<SimpleData name="SHAPE_LEN">1465.9863947722358</SimpleData>
	</SchemaData></ExtendedData>
      <MultiGeometry><LineString><coordinates>-116.250171087577,53.5646211296194 -116.252865868139,53.5649933305986 -116.266653119492,53.5602661303921 -116.267593159724,53.5596333153694 -116.268595868228,53.5585723981073</coordinates></LineString></MultiGeometry>
  </Placemark>
  <Placemark>
	<Style><LineStyle><color>ff0000ff</color></LineStyle><PolyStyle><fill>0</fill></PolyStyle></Style>
	<ExtendedData><SchemaData schemaUrl="#TOU_Edson_Sept2026">
		<SimpleData name="OBJECTID">43106026</SimpleData>
		<SimpleData name="LIC_LI_NO">13465-9</SimpleData>
		<SimpleData name="COMP_NAME">Tourmaline Oil Corp.</SimpleData>
		<SimpleData name="SEG_LENGTH">1.61</SimpleData>
		<SimpleData name="SEG_STATUS">Discontinued</SimpleData>
		<SimpleData name="FROM_FAC">Blind End</SimpleData>
		<SimpleData name="FROM_LOC">11-36-053-15W5</SimpleData>
		<SimpleData name="TO_FAC">Blind End</SimpleData>
		<SimpleData name="TO_LOC">11-31-053-14W5</SimpleData>
		<SimpleData name="OUT_DIAMET">60.3</SimpleData>
		<SimpleData name="PIP_MATERL">Steel</SimpleData>
		<SimpleData name="SUBSTANCE1">Fuel Gas</SimpleData>
		<SimpleData name="GEOM_SRCE">Mapping</SimpleData>
		<SimpleData name="SHAPE_LEN">1795.7279393275494</SimpleData>
	</SchemaData></ExtendedData>
      <MultiGeometry><LineString><coordinates>-116.082119601115,53.6223581972237 -116.06548734124,53.6221340465482 -116.054967956076,53.6219844318393</coordinates></LineString></MultiGeometry>
  </Placemark>
  <Placemark>
	<Style><LineStyle><color>ff0000ff</color></LineStyle><PolyStyle><fill>0</fill></PolyStyle></Style>
	<ExtendedData><SchemaData schemaUrl="#TOU_Edson_Sept2026">
		<SimpleData name="OBJECTID">43172444</SimpleData>
		<SimpleData name="LIC_LI_NO">29134-1</SimpleData>
		<SimpleData name="COMP_NAME">Tourmaline Oil Corp.</SimpleData>
		<SimpleData name="SEG_LENGTH">0.25</SimpleData>
		<SimpleData name="SEG_STATUS">Abandoned</SimpleData>
		<SimpleData name="FROM_FAC">Blind End</SimpleData>
		<SimpleData name="FROM_LOC">08-24-054-16W5</SimpleData>
		<SimpleData name="TO_FAC">Blind End</SimpleData>
		<SimpleData name="TO_LOC">07-24-054-16W5</SimpleData>
		<SimpleData name="OUT_DIAMET">114.3</SimpleData>
		<SimpleData name="PIP_MATERL">Steel</SimpleData>
		<SimpleData name="SUBSTANCE1">Natural Gas</SimpleData>
		<SimpleData name="GEOM_SRCE">mapping</SimpleData>
		<SimpleData name="SHAPE_LEN">249.1449376111452</SimpleData>
	</SchemaData></ExtendedData>
      <MultiGeometry><LineString><coordinates>-116.218157465573,53.6775349063765 -116.220991659277,53.6785324272487 -116.220977967156,53.6788162711387</coordinates></LineString></MultiGeometry>
  </Placemark>
  <Placemark>
	<Style><LineStyle><color>ff0000ff</color></LineStyle><PolyStyle><fill>0</fill></PolyStyle></Style>
	<ExtendedData><SchemaData schemaUrl="#TOU_Edson_Sept2026">
		<SimpleData name="OBJECTID">43238885</SimpleData>
		<SimpleData name="LIC_LI_NO">49495-46</SimpleData>
		<SimpleData name="COMP_NAME">Tourmaline Oil Corp.</SimpleData>
		<SimpleData name="SEG_LENGTH">4.85</SimpleData>
		<SimpleData name="SEG_STATUS">Operating</SimpleData>
		<SimpleData name="FROM_FAC">Pipeline</SimpleData>
		<SimpleData name="FROM_LOC">13-30-050-19W5</SimpleData>
		<SimpleData name="TO_FAC">Pipeline</SimpleData>
		<SimpleData name="TO_LOC">10-33-050-19W5</SimpleData>
		<SimpleData name="OUT_DIAMET">219.1</SimpleData>
		<SimpleData name="PIP_MATERL">Steel</SimpleData>
		<SimpleData name="SUBSTANCE1">Natural Gas</SimpleData>
		<SimpleData name="GEOM_SRCE">mapping</SimpleData>
		<SimpleData name="SHAPE_LEN">4848.951181533555</SimpleData>
	</SchemaData></ExtendedData>
      <MultiGeometry><LineString><coordinates>-116.776809769468,53.3498247166676 -116.775106658012,53.3502672831547 -116.774795681024,53.3501847807684 -116.753580127636,53.3563307306486 -116.752819960666,53.3558564101746 -116.749191893406,53.3540828180528 -116.747706114062,53.353567225158 -116.746427652411,53.353629097321 -116.745909357729,53.353175370687 -116.744423576589,53.3528041361634 -116.743767069813,53.3527422633391 -116.741002827919,53.352969129565 -116.73474873086,53.352948506095 -116.733712141498,53.3532372423465 -116.731293429392,53.3530103780837 -116.730360497528,53.3528247607756 -116.730084074237,53.3526391421231 -116.714915299318,53.3614035655947</coordinates></LineString></MultiGeometry>
  </Placemark>
  <Placemark>
	<Style><LineStyle><color>ff0000ff</color></LineStyle><PolyStyle><fill>0</fill></PolyStyle></Style>
	<ExtendedData><SchemaData schemaUrl="#TOU_Edson_Sept2026">
		<SimpleData name="OBJECTID">43238886</SimpleData>
		<SimpleData name="LIC_LI_NO">49495-130</SimpleData>
		<SimpleData name="COMP_NAME">Tourmaline Oil Corp.</SimpleData>
		<SimpleData name="SEG_LENGTH">5.6</SimpleData>
		<SimpleData name="SEG_STATUS">Operating</SimpleData>
		<SimpleData name="FROM_FAC">Pipeline</SimpleData>
		<SimpleData name="FROM_LOC">10-33-050-19W5</SimpleData>
		<SimpleData name="TO_FAC">Pipeline</SimpleData>
		<SimpleData name="TO_LOC">03-06-051-18W5</SimpleData>
		<SimpleData name="OUT_DIAMET">219.1</SimpleData>
		<SimpleData name="PIP_MATERL">Steel</SimpleData>
		<SimpleData name="SUBSTANCE1">Natural Gas</SimpleData>
		<SimpleData name="GEOM_SRCE">mapping</SimpleData>
		<SimpleData name="SHAPE_LEN">5334.769265461901</SimpleData>
	</SchemaData></ExtendedData>
      <MultiGeometry><LineString><coordinates>-116.714880746519,53.3614448054148 -116.713844154461,53.3620427820726 -116.713118542087,53.3619809226597 -116.712669352106,53.3622077397109 -116.709386816429,53.3626613696552 -116.704653052411,53.3638572809706 -116.702027022613,53.3643315118617 -116.699988393992,53.3644758416752 -116.69839895625,53.3644139868665 -116.697120494599,53.3641253252596 -116.694701782494,53.3634242827053 -116.692075752695,53.3629912795037 -116.690900950339,53.3625995116763 -116.690728184547,53.3630737565667 -116.689968020272,53.3628881836205 -116.682228142971,53.3629294220037 -116.682089931774,53.3630325183232 -116.677528931752,53.3630737571027 -116.677252508461,53.362970660347 -116.675490304029,53.3629912800397 -116.675110220545,53.3631974721298 -116.673106146519,53.3630943762095 -116.65665890905,53.3630943756734 -116.655829635584,53.3643315123978 -116.655795083683,53.3649913031413 -116.656140613471,53.3657747922833 -116.653894667157,53.3662696194022 -116.64936822173,53.3640634688699 -116.647156829114,53.3657129382884 -116.646638534433,53.3673211092204</coordinates></LineString></MultiGeometry>
  </Placemark>
  <Placemark>
	<Style><LineStyle><color>ff0000ff</color></LineStyle><PolyStyle><fill>0</fill></PolyStyle></Style>
	<ExtendedData><SchemaData schemaUrl="#TOU_Edson_Sept2026">
		<SimpleData name="OBJECTID">43305897</SimpleData>
		<SimpleData name="LIC_LI_NO">49495-131</SimpleData>
		<SimpleData name="COMP_NAME">Tourmaline Oil Corp.</SimpleData>
		<SimpleData name="SEG_LENGTH">0.42</SimpleData>
		<SimpleData name="SEG_STATUS">Operating</SimpleData>
		<SimpleData name="FROM_FAC">Pipeline</SimpleData>
		<SimpleData name="FROM_LOC">13-09-052-17W5</SimpleData>
		<SimpleData name="TO_FAC">Meter Station</SimpleData>
		<SimpleData name="TO_LOC">13-09-052-17W5</SimpleData>
		<SimpleData name="OUT_DIAMET">323.9</SimpleData>
		<SimpleData name="PIP_MATERL">Steel</SimpleData>
		<SimpleData name="SUBSTANCE1">Natural Gas</SimpleData>
		<SimpleData name="GEOM_SRCE">ROW centre-line</SimpleData>
		<SimpleData name="SHAPE_LEN">374.63162723074134</SimpleData>
	</SchemaData></ExtendedData>
      <MultiGeometry><LineString><coordinates>-116.457016981642,53.4818417793436 -116.455972650599,53.4825394848717 -116.455793734042,53.4828295149746 -116.456301203126,53.4834846447545 -116.457806057296,53.4834877910952 -116.457807300565,53.4829830420375</coordinates></LineString></MultiGeometry>
  </Placemark>
  <Placemark>
	<Style><LineStyle><color>ff0000ff</color></LineStyle><PolyStyle><fill>0</fill></PolyStyle></Style>
	<ExtendedData><SchemaData schemaUrl="#TOU_Edson_Sept2026">
		<SimpleData name="OBJECTID">43459146</SimpleData>
		<SimpleData name="LIC_LI_NO">55137-19</SimpleData>
		<SimpleData name="COMP_NAME">Tourmaline Oil Corp.</SimpleData>
		<SimpleData name="SEG_LENGTH">1.54</SimpleData>
		<SimpleData name="SEG_STATUS">Operating</SimpleData>
		<SimpleData name="FROM_FAC">Battery</SimpleData>
		<SimpleData name="FROM_LOC">16-27-050-18W5</SimpleData>
		<SimpleData name="TO_FAC">Pipeline</SimpleData>
		<SimpleData name="TO_LOC">13-27-050-18W5</SimpleData>
		<SimpleData name="OUT_DIAMET">219.1</SimpleData>
		<SimpleData name="PIP_MATERL">Steel</SimpleData>
		<SimpleData name="SUBSTANCE1">Natural Gas</SimpleData>
		<SimpleData name="GEOM_SRCE">ROW centre-line</SimpleData>
		<SimpleData name="SHAPE_LEN">1538.042187689703</SimpleData>
	</SchemaData></ExtendedData>
      <MultiGeometry><LineString><coordinates>-116.541306984526,53.3519928927831 -116.542719723651,53.3533064301674 -116.543741283301,53.3539360423813 -116.554574353875,53.3537555405069 -116.55983080803,53.3521308031773 -116.559830327432,53.351228078494 -116.560603975419,53.3512279251375</coordinates></LineString></MultiGeometry>
  </Placemark>
  <Placemark>
	<Style><LineStyle><color>ff0000ff</color></LineStyle><PolyStyle><fill>0</fill></PolyStyle></Style>
	<ExtendedData><SchemaData schemaUrl="#TOU_Edson_Sept2026">
		<SimpleData name="OBJECTID">43681158</SimpleData>
		<SimpleData name="LIC_LI_NO">31063-13</SimpleData>
		<SimpleData name="COMP_NAME">Tourmaline Oil Corp.</SimpleData>
		<SimpleData name="SEG_LENGTH">0.41</SimpleData>
		<SimpleData name="SEG_STATUS">Abandoned</SimpleData>
		<SimpleData name="FROM_FAC">Blind End</SimpleData>
		<SimpleData name="FROM_LOC">06-11-053-16W5</SimpleData>
		<SimpleData name="TO_FAC">Blind End</SimpleData>
		<SimpleData name="TO_LOC">12-11-053-16W5</SimpleData>
		<SimpleData name="OUT_DIAMET">114.3</SimpleData>
		<SimpleData name="PIP_MATERL">Steel</SimpleData>
		<SimpleData name="SUBSTANCE1">Natural Gas</SimpleData>
		<SimpleData name="GEOM_SRCE">Mapping</SimpleData>
		<SimpleData name="SHAPE_LEN">451.8446564139681</SimpleData>
	</SchemaData></ExtendedData>
      <MultiGeometry><LineString><coordinates>-116.254521234138,53.5601266767398 -116.254426628962,53.5605536583558 -116.256746843492,53.5629148237096 -116.256464497608,53.5637953987898</coordinates></LineString></MultiGeometry>
  </Placemark>
  <Placemark>
	<Style><LineStyle><color>ff0000ff</color></LineStyle><PolyStyle><fill>0</fill></PolyStyle></Style>
	<ExtendedData><SchemaData schemaUrl="#TOU_Edson_Sept2026">
		<SimpleData name="OBJECTID">43681558</SimpleData>
		<SimpleData name="LIC_LI_NO">36265-1</SimpleData>
		<SimpleData name="COMP_NAME">Tourmaline Oil Corp.</SimpleData>
		<SimpleData name="SEG_LENGTH">0.21</SimpleData>
		<SimpleData name="SEG_STATUS">Abandoned</SimpleData>
		<SimpleData name="FROM_FAC">Blind End</SimpleData>
		<SimpleData name="FROM_LOC">07-25-053-15W5</SimpleData>
		<SimpleData name="TO_FAC">Blind End</SimpleData>
		<SimpleData name="TO_LOC">07-25-053-15W5</SimpleData>
		<SimpleData name="OUT_DIAMET">88.9</SimpleData>
		<SimpleData name="PIP_MATERL">Steel</SimpleData>
		<SimpleData name="SUBSTANCE1">Natural Gas</SimpleData>
		<SimpleData name="GEOM_SRCE">Mapping</SimpleData>
		<SimpleData name="SHAPE_LEN">257.4415975327009</SimpleData>
	</SchemaData></ExtendedData>
      <MultiGeometry><LineString><coordinates>-116.072473929972,53.6036997467758 -116.073711680873,53.6028208629767 -116.075642680543,53.6026067630544</coordinates></LineString></MultiGeometry>
  </Placemark>
  <Placemark>
	<Style><LineStyle><color>ff0000ff</color></LineStyle><PolyStyle><fill>0</fill></PolyStyle></Style>
	<ExtendedData><SchemaData schemaUrl="#TOU_Edson_Sept2026">
		<SimpleData name="OBJECTID">43681958</SimpleData>
		<SimpleData name="LIC_LI_NO">43863-2</SimpleData>
		<SimpleData name="COMP_NAME">Tourmaline Oil Corp.</SimpleData>
		<SimpleData name="SEG_LENGTH">0.59</SimpleData>
		<SimpleData name="SEG_STATUS">Abandoned</SimpleData>
		<SimpleData name="FROM_FAC">Blind End</SimpleData>
		<SimpleData name="FROM_LOC">07-12-053-15W5</SimpleData>
		<SimpleData name="TO_FAC">Blind End</SimpleData>
		<SimpleData name="TO_LOC">14-12-053-15W5</SimpleData>
		<SimpleData name="OUT_DIAMET">88.9</SimpleData>
		<SimpleData name="PIP_MATERL">Steel</SimpleData>
		<SimpleData name="SUBSTANCE1">Natural Gas</SimpleData>
		<SimpleData name="GEOM_SRCE">Mapping</SimpleData>
		<SimpleData name="SHAPE_LEN">691.3977266619899</SimpleData>
	</SchemaData></ExtendedData>
      <MultiGeometry><LineString><coordinates>-116.073383861371,53.5622678536592 -116.074876393351,53.5632768234699 -116.077301860788,53.5661983832991 -116.079631940616,53.5670224128546</coordinates></LineString></MultiGeometry>
  </Placemark>
  <Placemark>
	<Style><LineStyle><color>ff0000ff</color></LineStyle><PolyStyle><fill>0</fill></PolyStyle></Style>
	<ExtendedData><SchemaData schemaUrl="#TOU_Edson_Sept2026">
		<SimpleData name="OBJECTID">43682358</SimpleData>
		<SimpleData name="LIC_LI_NO">49424-2</SimpleData>
		<SimpleData name="COMP_NAME">Tourmaline Oil Corp.</SimpleData>
		<SimpleData name="SEG_LENGTH">0.6</SimpleData>
		<SimpleData name="SEG_STATUS">Abandoned</SimpleData>
		<SimpleData name="FROM_FAC">Blind End</SimpleData>
		<SimpleData name="FROM_LOC">06-01-054-15W5</SimpleData>
		<SimpleData name="TO_FAC">Blind End</SimpleData>
		<SimpleData name="TO_LOC">05-01-054-15W5</SimpleData>
		<SimpleData name="OUT_DIAMET">114.3</SimpleData>
		<SimpleData name="PIP_MATERL">Steel</SimpleData>
		<SimpleData name="SUBSTANCE1">Sour Natural Gas</SimpleData>
		<SimpleData name="GEOM_SRCE">Mapping</SimpleData>
		<SimpleData name="SHAPE_LEN">494.64989923390857</SimpleData>
	</SchemaData></ExtendedData>
      <MultiGeometry><LineString><coordinates>-116.086936277837,53.6340470482573 -116.0834557921,53.635702654656 -116.081213421081,53.6356970306514 -116.081196227326,53.6352317323498</coordinates></LineString></MultiGeometry>
  </Placemark>
  <Placemark>
	<Style><LineStyle><color>ff0000ff</color></LineStyle><PolyStyle><fill>0</fill></PolyStyle></Style>
	<ExtendedData><SchemaData schemaUrl="#TOU_Edson_Sept2026">
		<SimpleData name="OBJECTID">44380013</SimpleData>
		<SimpleData name="LIC_LI_NO">57419-3</SimpleData>
		<SimpleData name="COMP_NAME">Tourmaline Oil Corp.</SimpleData>
		<SimpleData name="SEG_LENGTH">6.4</SimpleData>
		<SimpleData name="SEG_STATUS">Operating</SimpleData>
		<SimpleData name="FROM_FAC">Pipeline</SimpleData>
		<SimpleData name="FROM_LOC">15-11-053-15W5</SimpleData>
		<SimpleData name="TO_FAC">Pipeline</SimpleData>
		<SimpleData name="TO_LOC">11-36-053-15W5</SimpleData>
		<SimpleData name="OUT_DIAMET">168.3</SimpleData>
		<SimpleData name="PIP_MATERL">Steel</SimpleData>
		<SimpleData name="SUBSTANCE1">Natural Gas</SimpleData>
		<SimpleData name="GEOM_SRCE">mapping</SimpleData>
		<SimpleData name="SHAPE_LEN">6455.6748324817645</SimpleData>
	</SchemaData></ExtendedData>
      <MultiGeometry><LineString><coordinates>-116.101923463712,53.5692455929132 -116.095195082234,53.5776895047286 -116.094638126758,53.5960810466002 -116.093982355702,53.5970726501105 -116.094062014708,53.600089332748 -116.093865574715,53.608442446676 -116.091053847876,53.6126846798928 -116.091844355444,53.6132815551585 -116.091215754832,53.6187277049982 -116.090559449279,53.620544660261 -116.088071632473,53.6205232782709 -116.082807402501,53.622595808768</coordinates></LineString></MultiGeometry>
  </Placemark>
  <Placemark>
	<Style><LineStyle><color>ff0000ff</color></LineStyle><PolyStyle><fill>0</fill></PolyStyle></Style>
	<ExtendedData><SchemaData schemaUrl="#TOU_Edson_Sept2026">
		<SimpleData name="OBJECTID">44380014</SimpleData>
		<SimpleData name="LIC_LI_NO">57419-4</SimpleData>
		<SimpleData name="COMP_NAME">Tourmaline Oil Corp.</SimpleData>
		<SimpleData name="SEG_LENGTH">3.6</SimpleData>
		<SimpleData name="SEG_STATUS">Operating</SimpleData>
		<SimpleData name="FROM_FAC">Pipeline</SimpleData>
		<SimpleData name="FROM_LOC">11-36-053-15W5</SimpleData>
		<SimpleData name="TO_FAC">Pipeline</SimpleData>
		<SimpleData name="TO_LOC">10-11-054-15W5</SimpleData>
		<SimpleData name="OUT_DIAMET">168.3</SimpleData>
		<SimpleData name="PIP_MATERL">Steel</SimpleData>
		<SimpleData name="SUBSTANCE1">Natural Gas</SimpleData>
		<SimpleData name="GEOM_SRCE">mapping</SimpleData>
		<SimpleData name="SHAPE_LEN">3904.894421613523</SimpleData>
	</SchemaData></ExtendedData>
      <MultiGeometry><LineString><coordinates>-116.082807402501,53.622595808768 -116.083121724815,53.6283442106175 -116.094952536209,53.64568599234 -116.096248665026,53.645686076475 -116.096308992288,53.6456859928725 -116.099650744908,53.6457445732171 -116.099776489284,53.6535982086622</coordinates></LineString></MultiGeometry>
  </Placemark>
  <Placemark>
	<Style><LineStyle><color>ff0000ff</color></LineStyle><PolyStyle><fill>0</fill></PolyStyle></Style>
	<ExtendedData><SchemaData schemaUrl="#TOU_Edson_Sept2026">
		<SimpleData name="OBJECTID">44597260</SimpleData>
		<SimpleData name="LIC_LI_NO">55018-38</SimpleData>
		<SimpleData name="COMP_NAME">Tourmaline Oil Corp.</SimpleData>
		<SimpleData name="SEG_LENGTH">2.3</SimpleData>
		<SimpleData name="SEG_STATUS">Operating</SimpleData>
		<SimpleData name="FROM_FAC">Well</SimpleData>
		<SimpleData name="FROM_LOC">16-19-050-16W5</SimpleData>
		<SimpleData name="TO_FAC">Pipeline</SimpleData>
		<SimpleData name="TO_LOC">02-25-050-17W5</SimpleData>
		<SimpleData name="OUT_DIAMET">219.1</SimpleData>
		<SimpleData name="PIP_MATERL">Steel</SimpleData>
		<SimpleData name="SUBSTANCE1">Natural Gas</SimpleData>
		<SimpleData name="GEOM_SRCE">Mapping</SimpleData>
		<SimpleData name="SHAPE_LEN">2351.128962711785</SimpleData>
	</SchemaData></ExtendedData>
      <MultiGeometry><LineString><coordinates>-116.317589256188,53.3375611029577 -116.317815184279,53.3383900214568 -116.322058625357,53.3414794271553 -116.326525127103,53.3396562019962 -116.348283686028,53.3385990460757</coordinates></LineString></MultiGeometry>
  </Placemark>
  <Placemark>
	<Style><LineStyle><color>ff0000ff</color></LineStyle><PolyStyle><fill>0</fill></PolyStyle></Style>
	<ExtendedData><SchemaData schemaUrl="#TOU_Edson_Sept2026">
		<SimpleData name="OBJECTID">44980511</SimpleData>
		<SimpleData name="LIC_LI_NO">13983-2</SimpleData>
		<SimpleData name="COMP_NAME">Tourmaline Oil Corp.</SimpleData>
		<SimpleData name="SEG_LENGTH">0.6</SimpleData>
		<SimpleData name="SEG_STATUS">Discontinued</SimpleData>
		<SimpleData name="FROM_FAC">Blind End</SimpleData>
		<SimpleData name="FROM_LOC">10-11-054-15W5</SimpleData>
		<SimpleData name="TO_FAC">Blind End</SimpleData>
		<SimpleData name="TO_LOC">08-11-054-15W5</SimpleData>
		<SimpleData name="OUT_DIAMET">88.9</SimpleData>
		<SimpleData name="PIP_MATERL">Steel</SimpleData>
		<SimpleData name="SUBSTANCE1">Salt Water</SimpleData>
		<SimpleData name="GEOM_SRCE">Mapping</SimpleData>
		<SimpleData name="SHAPE_LEN">754.900490365925</SimpleData>
	</SchemaData></ExtendedData>
      <MultiGeometry><LineString><coordinates>-116.097387747671,53.6535864537869 -116.097308373431,53.653298700829 -116.095151612757,53.6526959859696 -116.095365026417,53.6509318577067 -116.095287761422,53.650333481957 -116.094738533253,53.6499384279443 -116.094573820858,53.6485170456365 -116.093280223493,53.6484242827118</coordinates></LineString></MultiGeometry>
  </Placemark>
  <Placemark>
	<Style><LineStyle><color>ff0000ff</color></LineStyle><PolyStyle><fill>0</fill></PolyStyle></Style>
	<ExtendedData><SchemaData schemaUrl="#TOU_Edson_Sept2026">
		<SimpleData name="OBJECTID">44980512</SimpleData>
		<SimpleData name="LIC_LI_NO">13983-3</SimpleData>
		<SimpleData name="COMP_NAME">Tourmaline Oil Corp.</SimpleData>
		<SimpleData name="SEG_LENGTH">0.6</SimpleData>
		<SimpleData name="SEG_STATUS">Discontinued</SimpleData>
		<SimpleData name="FROM_FAC">Blind End</SimpleData>
		<SimpleData name="FROM_LOC">10-11-054-15W5</SimpleData>
		<SimpleData name="TO_FAC">Blind End</SimpleData>
		<SimpleData name="TO_LOC">08-11-054-15W5</SimpleData>
		<SimpleData name="OUT_DIAMET">88.9</SimpleData>
		<SimpleData name="PIP_MATERL">Steel</SimpleData>
		<SimpleData name="SUBSTANCE1">Salt Water</SimpleData>
		<SimpleData name="GEOM_SRCE">Mapping</SimpleData>
		<SimpleData name="SHAPE_LEN">777.3162660304578</SimpleData>
	</SchemaData></ExtendedData>
      <MultiGeometry><LineString><coordinates>-116.09761543646,53.6535641334105 -116.097516351386,53.6532052509723 -116.095393140093,53.6526120340924 -116.095596299484,53.6509315398434 -116.0955120429,53.6502796328823 -116.094963582792,53.6498850224264 -116.09479056637,53.6483946536324 -116.09330788262,53.6482882427613</coordinates></LineString></MultiGeometry>
  </Placemark>
  <Placemark>
	<Style><LineStyle><color>ff0000ff</color></LineStyle><PolyStyle><fill>0</fill></PolyStyle></Style>
	<ExtendedData><SchemaData schemaUrl="#TOU_Edson_Sept2026">
		<SimpleData name="OBJECTID">45085323</SimpleData>
		<SimpleData name="LIC_LI_NO">57880-23</SimpleData>
		<SimpleData name="COMP_NAME">Tourmaline Oil Corp.</SimpleData>
		<SimpleData name="SEG_LENGTH">2.58</SimpleData>
		<SimpleData name="SEG_STATUS">Operating</SimpleData>
		<SimpleData name="FROM_FAC">Battery</SimpleData>
		<SimpleData name="FROM_LOC">15-09-050-19W5</SimpleData>
		<SimpleData name="TO_FAC">Pipeline</SimpleData>
		<SimpleData name="TO_LOC">15-08-050-19W5</SimpleData>
		<SimpleData name="OUT_DIAMET">219.1</SimpleData>
		<SimpleData name="PIP_MATERL">Steel</SimpleData>
		<SimpleData name="SUBSTANCE1">Natural Gas</SimpleData>
		<SimpleData name="GEOM_SRCE">ROW centre-line</SimpleData>
		<SimpleData name="SHAPE_LEN">2576.9402201289563</SimpleData>
	</SchemaData></ExtendedData>
      <MultiGeometry><LineString><coordinates>-116.714781366797,53.3074139044055 -116.714909374928,53.3081023532512 -116.719179312714,53.3112149306678 -116.719150154298,53.3130894711939 -116.72000983394,53.313094262773 -116.720549438457,53.3127245882836 -116.724815536843,53.3106669638679 -116.725333154194,53.3106945341794 -116.731425088277,53.3077339199956 -116.731790765479,53.3075546835847 -116.731993914989,53.3074954729196 -116.73251554781,53.3072400691891 -116.736515621803,53.3071011290083 -116.739125408264,53.3076385169561 -116.741333441182,53.3077292925997 -116.741496026367,53.3076442452561 -116.742018954558,53.3080028716957 -116.742612014224,53.3076926378734</coordinates></LineString></MultiGeometry>
  </Placemark>
  <Placemark>
	<Style><LineStyle><color>ff0000ff</color></LineStyle><PolyStyle><fill>0</fill></PolyStyle></Style>
	<ExtendedData><SchemaData schemaUrl="#TOU_Edson_Sept2026">
		<SimpleData name="OBJECTID">45473358</SimpleData>
		<SimpleData name="LIC_LI_NO">57880-25</SimpleData>
		<SimpleData name="COMP_NAME">Tourmaline Oil Corp.</SimpleData>
		<SimpleData name="SEG_LENGTH">0.19</SimpleData>
		<SimpleData name="SEG_STATUS">Operating</SimpleData>
		<SimpleData name="FROM_FAC">Battery</SimpleData>
		<SimpleData name="FROM_LOC">04-27-049-19W5</SimpleData>
		<SimpleData name="TO_FAC">Pipeline</SimpleData>
		<SimpleData name="TO_LOC">04-27-049-19W5</SimpleData>
		<SimpleData name="OUT_DIAMET">219.1</SimpleData>
		<SimpleData name="PIP_MATERL">Steel</SimpleData>
		<SimpleData name="SUBSTANCE1">Natural Gas</SimpleData>
		<SimpleData name="GEOM_SRCE">ROW centre-line</SimpleData>
		<SimpleData name="SHAPE_LEN">201.5917262346457</SimpleData>
	</SchemaData></ExtendedData>
      <MultiGeometry><LineString><coordinates>-116.705023328988,53.2530995633227 -116.705977558111,53.2533186883039 -116.706476457267,53.2533132338002 -116.707064144109,53.254141911605</coordinates></LineString></MultiGeometry>
  </Placemark>
  <Placemark>
	<Style><LineStyle><color>ff0000ff</color></LineStyle><PolyStyle><fill>0</fill></PolyStyle></Style>
	<ExtendedData><SchemaData schemaUrl="#TOU_Edson_Sept2026">
		<SimpleData name="OBJECTID">46228613</SimpleData>
		<SimpleData name="LIC_LI_NO">51207-4</SimpleData>
		<SimpleData name="COMP_NAME">Tourmaline Oil Corp.</SimpleData>
		<SimpleData name="SEG_LENGTH">0.23</SimpleData>
		<SimpleData name="SEG_STATUS">Discontinued</SimpleData>
		<SimpleData name="FROM_FAC">Blind End</SimpleData>
		<SimpleData name="FROM_LOC">05-13-053-15W5</SimpleData>
		<SimpleData name="TO_FAC">Blind End</SimpleData>
		<SimpleData name="TO_LOC">08-14-053-15W5</SimpleData>
		<SimpleData name="OUT_DIAMET">168.3</SimpleData>
		<SimpleData name="PIP_MATERL">Steel</SimpleData>
		<SimpleData name="SUBSTANCE1">Natural Gas</SimpleData>
		<SimpleData name="GEOM_SRCE">Mapping</SimpleData>
		<SimpleData name="SHAPE_LEN">193.28013085146245</SimpleData>
	</SchemaData></ExtendedData>
      <MultiGeometry><LineString><coordinates>-116.088105111786,53.5742200732272 -116.091025000277,53.5742189994878</coordinates></LineString></MultiGeometry>
  </Placemark>
  <Placemark>
	<Style><LineStyle><color>ff0000ff</color></LineStyle><PolyStyle><fill>0</fill></PolyStyle></Style>
	<ExtendedData><SchemaData schemaUrl="#TOU_Edson_Sept2026">
		<SimpleData name="OBJECTID">46318230</SimpleData>
		<SimpleData name="LIC_LI_NO">35053-5</SimpleData>
		<SimpleData name="COMP_NAME">Tourmaline Oil Corp.</SimpleData>
		<SimpleData name="SEG_LENGTH">4.6</SimpleData>
		<SimpleData name="SEG_STATUS">Operating</SimpleData>
		<SimpleData name="FROM_FAC">Pipeline</SimpleData>
		<SimpleData name="FROM_LOC">14-20-053-15W5</SimpleData>
		<SimpleData name="TO_FAC">Pipeline</SimpleData>
		<SimpleData name="TO_LOC">16-27-053-15W5</SimpleData>
		<SimpleData name="OUT_DIAMET">114.3</SimpleData>
		<SimpleData name="PIP_MATERL">Steel</SimpleData>
		<SimpleData name="SUBSTANCE1">Natural Gas</SimpleData>
		<SimpleData name="GEOM_SRCE">Mapping</SimpleData>
		<SimpleData name="SHAPE_LEN">4579.819002627091</SimpleData>
	</SchemaData></ExtendedData>
      <MultiGeometry><LineString><coordinates>-116.177059628461,53.5972113677961 -116.177078889239,53.59790418812 -116.176541449662,53.598374018331 -116.175090196168,53.5986700528853 -116.162415002543,53.5986415515359 -116.1621252231,53.5988119068385 -116.162151242803,53.600692676262 -116.145803021237,53.6016082168442 -116.131569572192,53.6023945511654 -116.119661334106,53.6109063916519</coordinates></LineString></MultiGeometry>
  </Placemark>
  <Placemark>
	<Style><LineStyle><color>ff0000ff</color></LineStyle><PolyStyle><fill>0</fill></PolyStyle></Style>
	<ExtendedData><SchemaData schemaUrl="#TOU_Edson_Sept2026">
		<SimpleData name="OBJECTID">46318619</SimpleData>
		<SimpleData name="LIC_LI_NO">47831-37</SimpleData>
		<SimpleData name="COMP_NAME">Tourmaline Oil Corp.</SimpleData>
		<SimpleData name="SEG_LENGTH">1.5</SimpleData>
		<SimpleData name="SEG_STATUS">Operating</SimpleData>
		<SimpleData name="FROM_FAC">Well</SimpleData>
		<SimpleData name="FROM_LOC">10-14-054-15W5</SimpleData>
		<SimpleData name="TO_FAC">Compressor Station</SimpleData>
		<SimpleData name="TO_LOC">10-11-054-15W5</SimpleData>
		<SimpleData name="OUT_DIAMET">168.3</SimpleData>
		<SimpleData name="PIP_MATERL">Steel</SimpleData>
		<SimpleData name="SUBSTANCE1">Natural Gas</SimpleData>
		<SimpleData name="GEOM_SRCE">Mapping</SimpleData>
		<SimpleData name="SHAPE_LEN">1534.1573572537602</SimpleData>
	</SchemaData></ExtendedData>
      <MultiGeometry><LineString><coordinates>-116.100348567898,53.6661403372639 -116.100450835704,53.6523461786345</coordinates></LineString></MultiGeometry>
  </Placemark>
  <Placemark>
	<Style><LineStyle><color>ff0000ff</color></LineStyle><PolyStyle><fill>0</fill></PolyStyle></Style>
	<ExtendedData><SchemaData schemaUrl="#TOU_Edson_Sept2026">
		<SimpleData name="OBJECTID">46937864</SimpleData>
		<SimpleData name="LIC_LI_NO">44923-3</SimpleData>
		<SimpleData name="COMP_NAME">Tourmaline Oil Corp.</SimpleData>
		<SimpleData name="SEG_LENGTH">1.45</SimpleData>
		<SimpleData name="SEG_STATUS">Discontinued</SimpleData>
		<SimpleData name="FROM_FAC">Blind End</SimpleData>
		<SimpleData name="FROM_LOC">09-18-052-15W5</SimpleData>
		<SimpleData name="TO_FAC">Blind End</SimpleData>
		<SimpleData name="TO_LOC">15-17-052-15W5</SimpleData>
		<SimpleData name="OUT_DIAMET">114.3</SimpleData>
		<SimpleData name="PIP_MATERL">Steel</SimpleData>
		<SimpleData name="SUBSTANCE1">Sour Natural Gas</SimpleData>
		<SimpleData name="GEOM_SRCE">Mapping</SimpleData>
		<SimpleData name="SHAPE_LEN">1522.3934348361854</SimpleData>
	</SchemaData></ExtendedData>
      <MultiGeometry><LineString><coordinates>-116.193255637687,53.4933229609592 -116.192304516736,53.4946404967608 -116.1767752973,53.4952038648355 -116.174178840939,53.4952979809182 -116.172262522435,53.4953285035639 -116.171867458645,53.4951723117782</coordinates></LineString></MultiGeometry>
  </Placemark>
  <Placemark>
	<Style><LineStyle><color>ff0000ff</color></LineStyle><PolyStyle><fill>0</fill></PolyStyle></Style>
	<ExtendedData><SchemaData schemaUrl="#TOU_Edson_Sept2026">
		<SimpleData name="OBJECTID">47654320</SimpleData>
		<SimpleData name="LIC_LI_NO">55137-20</SimpleData>
		<SimpleData name="COMP_NAME">Tourmaline Oil Corp.</SimpleData>
		<SimpleData name="SEG_LENGTH">2.26</SimpleData>
		<SimpleData name="SEG_STATUS">Operating</SimpleData>
		<SimpleData name="FROM_FAC">Battery</SimpleData>
		<SimpleData name="FROM_LOC">15-34-051-18W5</SimpleData>
		<SimpleData name="TO_FAC">Pipeline</SimpleData>
		<SimpleData name="TO_LOC">01-34-051-18W5</SimpleData>
		<SimpleData name="OUT_DIAMET">168.3</SimpleData>
		<SimpleData name="PIP_MATERL">Steel</SimpleData>
		<SimpleData name="SUBSTANCE1">Natural Gas</SimpleData>
		<SimpleData name="GEOM_SRCE">ROW centre-line</SimpleData>
		<SimpleData name="SHAPE_LEN">2244.6596767285287</SimpleData>
	</SchemaData></ExtendedData>
      <MultiGeometry><LineString><coordinates>-116.568315714791,53.4521751225651 -116.567875316621,53.4512335036882 -116.570467055929,53.4476353404197 -116.569631643376,53.4474208468165 -116.565898773264,53.4459270805319 -116.564217366004,53.4451192156333 -116.562180041737,53.444251724917 -116.561555633563,53.443843697663 -116.561471660847,53.4436903243389 -116.561471660847,53.4427302343632 -116.561020260112,53.4427302172412 -116.561019862158,53.4391727609393 -116.560851658011,53.4391132337076 -116.559933495349,53.4381131595727 -116.559214720052,53.4386154109316 -116.558426553493,53.4390127787733 -116.557999271625,53.438745640877 -116.557424979562,53.4390854585138 -116.557424533998,53.4394779113392</coordinates></LineString></MultiGeometry>
  </Placemark>
  <Placemark>
	<Style><LineStyle><color>ff0000ff</color></LineStyle><PolyStyle><fill>0</fill></PolyStyle></Style>
	<ExtendedData><SchemaData schemaUrl="#TOU_Edson_Sept2026">
		<SimpleData name="OBJECTID">47657920</SimpleData>
		<SimpleData name="LIC_LI_NO">55018-11</SimpleData>
		<SimpleData name="COMP_NAME">Tourmaline Oil Corp.</SimpleData>
		<SimpleData name="SEG_LENGTH">1.06</SimpleData>
		<SimpleData name="SEG_STATUS">Operating</SimpleData>
		<SimpleData name="FROM_FAC">Well</SimpleData>
		<SimpleData name="FROM_LOC">14-25-050-18W5</SimpleData>
		<SimpleData name="TO_FAC">Pipeline</SimpleData>
		<SimpleData name="TO_LOC">01-36-050-18W5</SimpleData>
		<SimpleData name="OUT_DIAMET">114.3</SimpleData>
		<SimpleData name="PIP_MATERL">Steel</SimpleData>
		<SimpleData name="SUBSTANCE1">Natural Gas</SimpleData>
		<SimpleData name="GEOM_SRCE">Mapping</SimpleData>
		<SimpleData name="SHAPE_LEN">1036.1900939097486</SimpleData>
	</SchemaData></ExtendedData>
      <MultiGeometry><LineString><coordinates>-116.502685895179,53.3519321389088 -116.502596491249,53.3519380912952 -116.502477086283,53.3519536760235 -116.502415694518,53.3519890321286 -116.502403460362,53.3520674778793 -116.50240308846,53.3520993426877 -116.502364946891,53.354530779778 -116.502359459981,53.3545932934093 -116.502347223131,53.35465160446 -116.502284081448,53.3546714437641 -116.494003246767,53.3548020729281 -116.493654969033,53.3546902284164 -116.492488079937,53.3546711091951 -116.49216267331,53.3545809577607 -116.491782177498,53.3544021631073 -116.491727065856,53.3543840131555</coordinates></LineString></MultiGeometry>
  </Placemark>
  <Placemark>
	<Style><LineStyle><color>ff0000ff</color></LineStyle><PolyStyle><fill>0</fill></PolyStyle></Style>
	<ExtendedData><SchemaData schemaUrl="#TOU_Edson_Sept2026">
		<SimpleData name="OBJECTID">47893529</SimpleData>
		<SimpleData name="LIC_LI_NO">61083-1</SimpleData>
		<SimpleData name="COMP_NAME">Tourmaline Oil Corp.</SimpleData>
		<SimpleData name="SEG_LENGTH">0.94</SimpleData>
		<SimpleData name="SEG_STATUS">Discontinued</SimpleData>
		<SimpleData name="FROM_FAC">Blind End</SimpleData>
		<SimpleData name="FROM_LOC">08-16-052-15W5</SimpleData>
		<SimpleData name="TO_FAC">Blind End</SimpleData>
		<SimpleData name="TO_LOC">04-15-052-15W5</SimpleData>
		<SimpleData name="OUT_DIAMET">114.3</SimpleData>
		<SimpleData name="PIP_MATERL">Steel</SimpleData>
		<SimpleData name="SUBSTANCE1">Natural Gas</SimpleData>
		<SimpleData name="GEOM_SRCE">mapping</SimpleData>
		<SimpleData name="SHAPE_LEN">940.1763520088953</SimpleData>
	</SchemaData></ExtendedData>
      <MultiGeometry><LineString><coordinates>-116.144030977559,53.4877178303395 -116.142276504028,53.4873501455393 -116.140841059086,53.4887024692034 -116.139844322583,53.488049959897 -116.137451974234,53.4880262595792 -116.132926194459,53.485902864849</coordinates></LineString></MultiGeometry>
  </Placemark>
  <Placemark>
	<Style><LineStyle><color>ff0000ff</color></LineStyle><PolyStyle><fill>0</fill></PolyStyle></Style>
	<ExtendedData><SchemaData schemaUrl="#TOU_Edson_Sept2026">
		<SimpleData name="OBJECTID">48121946</SimpleData>
		<SimpleData name="LIC_LI_NO">61083-2</SimpleData>
		<SimpleData name="COMP_NAME">Tourmaline Oil Corp.</SimpleData>
		<SimpleData name="SEG_LENGTH">0.89</SimpleData>
		<SimpleData name="SEG_STATUS">Operating</SimpleData>
		<SimpleData name="FROM_FAC">Pipeline</SimpleData>
		<SimpleData name="FROM_LOC">02-15-052-15W5</SimpleData>
		<SimpleData name="TO_FAC">Pipeline</SimpleData>
		<SimpleData name="TO_LOC">04-15-052-15W5</SimpleData>
		<SimpleData name="OUT_DIAMET">114.3</SimpleData>
		<SimpleData name="PIP_MATERL">Steel</SimpleData>
		<SimpleData name="SUBSTANCE1">Natural Gas</SimpleData>
		<SimpleData name="GEOM_SRCE">mapping</SimpleData>
		<SimpleData name="SHAPE_LEN">911.4487608399731</SimpleData>
	</SchemaData></ExtendedData>
      <MultiGeometry><LineString><coordinates>-116.12182141136,53.4861994571498 -116.122060771959,53.4864960468424 -116.122599064037,53.4865434502438 -116.126028163445,53.4863062205059 -116.128201247406,53.4845505588319 -116.129855956736,53.4844674928421 -116.132906277911,53.4858910140919</coordinates></LineString></MultiGeometry>
  </Placemark>
  <Placemark>
	<Style><LineStyle><color>ff0000ff</color></LineStyle><PolyStyle><fill>0</fill></PolyStyle></Style>
	<ExtendedData><SchemaData schemaUrl="#TOU_Edson_Sept2026">
		<SimpleData name="OBJECTID">48275574</SimpleData>
		<SimpleData name="LIC_LI_NO">31063-24</SimpleData>
		<SimpleData name="COMP_NAME">Tourmaline Oil Corp.</SimpleData>
		<SimpleData name="SEG_LENGTH">1.7</SimpleData>
		<SimpleData name="SEG_STATUS">Operating</SimpleData>
		<SimpleData name="FROM_FAC">Well</SimpleData>
		<SimpleData name="FROM_LOC">16-14-051-16W5</SimpleData>
		<SimpleData name="TO_FAC">Pipeline</SimpleData>
		<SimpleData name="TO_LOC">01-24-051-16W5</SimpleData>
		<SimpleData name="OUT_DIAMET">168.3</SimpleData>
		<SimpleData name="PIP_MATERL">Steel</SimpleData>
		<SimpleData name="SUBSTANCE1">Natural Gas</SimpleData>
		<SimpleData name="GEOM_SRCE">Mapping</SimpleData>
		<SimpleData name="SHAPE_LEN">1713.3883886308495</SimpleData>
	</SchemaData></ExtendedData>
      <MultiGeometry><LineString><coordinates>-116.238339226053,53.408795983347 -116.237532674574,53.4081363297616 -116.235369922136,53.4081304393107 -116.234349857284,53.4079502286033 -116.232693382764,53.4079194540666 -116.230609549122,53.4078141990817 -116.22495214721,53.4111550662114 -116.219685489091,53.4142110485045 -116.218890597744,53.4142085497038 -116.218231325953,53.4135038274425</coordinates></LineString></MultiGeometry>
  </Placemark>
  <Placemark>
	<Style><LineStyle><color>ff0000ff</color></LineStyle><PolyStyle><fill>0</fill></PolyStyle></Style>
	<ExtendedData><SchemaData schemaUrl="#TOU_Edson_Sept2026">
		<SimpleData name="OBJECTID">48438403</SimpleData>
		<SimpleData name="LIC_LI_NO">55018-7</SimpleData>
		<SimpleData name="COMP_NAME">Tourmaline Oil Corp.</SimpleData>
		<SimpleData name="SEG_LENGTH">2.99</SimpleData>
		<SimpleData name="SEG_STATUS">Operating</SimpleData>
		<SimpleData name="FROM_FAC">Well</SimpleData>
		<SimpleData name="FROM_LOC">15-26-049-17W5</SimpleData>
		<SimpleData name="TO_FAC">Pipeline</SimpleData>
		<SimpleData name="TO_LOC">05-02-050-17W5</SimpleData>
		<SimpleData name="OUT_DIAMET">219.1</SimpleData>
		<SimpleData name="PIP_MATERL">Steel</SimpleData>
		<SimpleData name="SUBSTANCE1">Natural Gas</SimpleData>
		<SimpleData name="GEOM_SRCE">as-built</SimpleData>
		<SimpleData name="SHAPE_LEN">2878.929456321818</SimpleData>
	</SchemaData></ExtendedData>
      <MultiGeometry><LineString><coordinates>-116.375180877874,53.264436032163 -116.380814123189,53.2626351332258 -116.382271106138,53.264145732942 -116.382854269963,53.2653074805462 -116.386447364911,53.283370953833 -116.387127412937,53.2841835407539</coordinates></LineString></MultiGeometry>
  </Placemark>
  <Placemark>
	<Style><LineStyle><color>ff0000ff</color></LineStyle><PolyStyle><fill>0</fill></PolyStyle></Style>
	<ExtendedData><SchemaData schemaUrl="#TOU_Edson_Sept2026">
		<SimpleData name="OBJECTID">48439603</SimpleData>
		<SimpleData name="LIC_LI_NO">55018-40</SimpleData>
		<SimpleData name="COMP_NAME">Tourmaline Oil Corp.</SimpleData>
		<SimpleData name="SEG_LENGTH">3.53</SimpleData>
		<SimpleData name="SEG_STATUS">Operating</SimpleData>
		<SimpleData name="FROM_FAC">Pipeline</SimpleData>
		<SimpleData name="FROM_LOC">05-02-050-17W5</SimpleData>
		<SimpleData name="TO_FAC">Pipeline</SimpleData>
		<SimpleData name="TO_LOC">01-09-050-17W5</SimpleData>
		<SimpleData name="OUT_DIAMET">219.1</SimpleData>
		<SimpleData name="PIP_MATERL">Steel</SimpleData>
		<SimpleData name="SUBSTANCE1">Natural Gas</SimpleData>
		<SimpleData name="GEOM_SRCE">Mapping</SimpleData>
		<SimpleData name="SHAPE_LEN">3541.6754350608007</SimpleData>
	</SchemaData></ExtendedData>
      <MultiGeometry><LineString><coordinates>-116.387474168027,53.2847337630827 -116.389614990791,53.2834880074871 -116.389848321898,53.2833797036921 -116.39701525461,53.2834275969478 -116.398047769214,53.2835045839442 -116.398608619785,53.2834749095842 -116.399147446361,53.2834454913831 -116.404395966596,53.2834696221936 -116.404398423488,53.2830406528588 -116.405929809401,53.2830457039922 -116.405922077601,53.2834813339374 -116.416891365111,53.2835398346059 -116.419100060985,53.2846523250931 -116.419139536552,53.2848081790313 -116.419099927136,53.2851089080453 -116.419088990148,53.2864269506836 -116.416862012659,53.2880749154799 -116.417120571154,53.2891833721537 -116.417144634326,53.2942971431467 -116.417480959975,53.2943045602624 -116.418166067313,53.2949154385967</coordinates></LineString></MultiGeometry>
  </Placemark>
  <Placemark>
	<Style><LineStyle><color>ff0000ff</color></LineStyle><PolyStyle><fill>0</fill></PolyStyle></Style>
	<ExtendedData><SchemaData schemaUrl="#TOU_Edson_Sept2026">
		<SimpleData name="OBJECTID">48657612</SimpleData>
		<SimpleData name="LIC_LI_NO">34897-9</SimpleData>
		<SimpleData name="COMP_NAME">Tourmaline Oil Corp.</SimpleData>
		<SimpleData name="SEG_LENGTH">1.93</SimpleData>
		<SimpleData name="SEG_STATUS">Operating</SimpleData>
		<SimpleData name="FROM_FAC">Well</SimpleData>
		<SimpleData name="FROM_LOC">03-26-052-15W5</SimpleData>
		<SimpleData name="TO_FAC">Pipeline</SimpleData>
		<SimpleData name="TO_LOC">01-34-052-15W5</SimpleData>
		<SimpleData name="OUT_DIAMET">168.3</SimpleData>
		<SimpleData name="PIP_MATERL">Steel</SimpleData>
		<SimpleData name="SUBSTANCE1">Natural Gas</SimpleData>
		<SimpleData name="GEOM_SRCE">Mapping</SimpleData>
		<SimpleData name="SHAPE_LEN">1933.0567325134396</SimpleData>
	</SchemaData></ExtendedData>
      <MultiGeometry><LineString><coordinates>-116.106877827912,53.5127379681686 -116.10829414862,53.5131723187701 -116.113680712965,53.5157780158825 -116.113714511179,53.5202524127748 -116.11374176876,53.5236804836514 -116.115230580816,53.5236775224 -116.11535115988,53.5271840741506</coordinates></LineString></MultiGeometry>
  </Placemark>
  <Placemark>
	<Style><LineStyle><color>ff0000ff</color></LineStyle><PolyStyle><fill>0</fill></PolyStyle></Style>
	<ExtendedData><SchemaData schemaUrl="#TOU_Edson_Sept2026">
		<SimpleData name="OBJECTID">48737215</SimpleData>
		<SimpleData name="LIC_LI_NO">50289-26</SimpleData>
		<SimpleData name="COMP_NAME">Tourmaline Oil Corp.</SimpleData>
		<SimpleData name="SEG_LENGTH">0.48</SimpleData>
		<SimpleData name="SEG_STATUS">Discontinued</SimpleData>
		<SimpleData name="FROM_FAC">Blind End</SimpleData>
		<SimpleData name="FROM_LOC">08-27-052-17W5</SimpleData>
		<SimpleData name="TO_FAC">Blind End</SimpleData>
		<SimpleData name="TO_LOC">05-26-052-17W5</SimpleData>
		<SimpleData name="OUT_DIAMET">168.3</SimpleData>
		<SimpleData name="PIP_MATERL">Steel</SimpleData>
		<SimpleData name="SUBSTANCE1">Natural Gas</SimpleData>
		<SimpleData name="GEOM_SRCE">mapping</SimpleData>
		<SimpleData name="SHAPE_LEN">475.88829608378984</SimpleData>
	</SchemaData></ExtendedData>
      <MultiGeometry><LineString><coordinates>-116.411084117024,53.5170731941661 -116.405396353852,53.5170619700997 -116.404546013096,53.5163316777948</coordinates></LineString></MultiGeometry>
  </Placemark>
  <Placemark>
	<Style><LineStyle><color>ff0000ff</color></LineStyle><PolyStyle><fill>0</fill></PolyStyle></Style>
	<ExtendedData><SchemaData schemaUrl="#TOU_Edson_Sept2026">
		<SimpleData name="OBJECTID">48740014</SimpleData>
		<SimpleData name="LIC_LI_NO">35053-15</SimpleData>
		<SimpleData name="COMP_NAME">Tourmaline Oil Corp.</SimpleData>
		<SimpleData name="SEG_LENGTH">2.2</SimpleData>
		<SimpleData name="SEG_STATUS">Operating</SimpleData>
		<SimpleData name="FROM_FAC">Pipeline</SimpleData>
		<SimpleData name="FROM_LOC">01-03-054-15W5</SimpleData>
		<SimpleData name="TO_FAC">Pipeline</SimpleData>
		<SimpleData name="TO_LOC">01-11-054-15W5</SimpleData>
		<SimpleData name="OUT_DIAMET">114.3</SimpleData>
		<SimpleData name="PIP_MATERL">Steel</SimpleData>
		<SimpleData name="SUBSTANCE1">Natural Gas</SimpleData>
		<SimpleData name="GEOM_SRCE">mapping</SimpleData>
		<SimpleData name="SHAPE_LEN">2220.288834199368</SimpleData>
	</SchemaData></ExtendedData>
      <MultiGeometry><LineString><coordinates>-116.12000585778,53.6318164607641 -116.120564246069,53.6320056353078 -116.121082441037,53.6326676306012 -116.095284263382,53.6436368229355</coordinates></LineString></MultiGeometry>
  </Placemark>
  <Placemark>
	<Style><LineStyle><color>ff0000ff</color></LineStyle><PolyStyle><fill>0</fill></PolyStyle></Style>
	<ExtendedData><SchemaData schemaUrl="#TOU_Edson_Sept2026">
		<SimpleData name="OBJECTID">48768415</SimpleData>
		<SimpleData name="LIC_LI_NO">52422-2</SimpleData>
		<SimpleData name="COMP_NAME">Tourmaline Oil Corp.</SimpleData>
		<SimpleData name="SEG_LENGTH">2.9</SimpleData>
		<SimpleData name="SEG_STATUS">Operating</SimpleData>
		<SimpleData name="FROM_FAC">Pipeline</SimpleData>
		<SimpleData name="FROM_LOC">02-11-054-15W5</SimpleData>
		<SimpleData name="TO_FAC">Compressor Station</SimpleData>
		<SimpleData name="TO_LOC">11-36-053-15W5</SimpleData>
		<SimpleData name="OUT_DIAMET">168.3</SimpleData>
		<SimpleData name="PIP_MATERL">Steel</SimpleData>
		<SimpleData name="SUBSTANCE1">Natural Gas</SimpleData>
		<SimpleData name="GEOM_SRCE">Mapping</SimpleData>
		<SimpleData name="SHAPE_LEN">2905.252560861156</SimpleData>
	</SchemaData></ExtendedData>
      <MultiGeometry><LineString><coordinates>-116.097099869064,53.6465543607989 -116.096825650238,53.6461022640692 -116.084665727566,53.6260439508989 -116.084630036601,53.624693412281 -116.085617009316,53.6236773020651 -116.084797569707,53.6233297128007 -116.084018789644,53.6233214077816 -116.083436938258,53.6226718098892</coordinates></LineString></MultiGeometry>
  </Placemark>
  <Placemark>
	<Style><LineStyle><color>ff0000ff</color></LineStyle><PolyStyle><fill>0</fill></PolyStyle></Style>
	<ExtendedData><SchemaData schemaUrl="#TOU_Edson_Sept2026">
		<SimpleData name="OBJECTID">48768416</SimpleData>
		<SimpleData name="LIC_LI_NO">52422-3</SimpleData>
		<SimpleData name="COMP_NAME">Tourmaline Oil Corp.</SimpleData>
		<SimpleData name="SEG_LENGTH">0.81</SimpleData>
		<SimpleData name="SEG_STATUS">Operating</SimpleData>
		<SimpleData name="FROM_FAC">Compressor Station</SimpleData>
		<SimpleData name="FROM_LOC">10-11-054-15W5</SimpleData>
		<SimpleData name="TO_FAC">Pipeline</SimpleData>
		<SimpleData name="TO_LOC">02-11-054-15W5</SimpleData>
		<SimpleData name="OUT_DIAMET">168.3</SimpleData>
		<SimpleData name="PIP_MATERL">Steel</SimpleData>
		<SimpleData name="SUBSTANCE1">Natural Gas</SimpleData>
		<SimpleData name="GEOM_SRCE">Mapping</SimpleData>
		<SimpleData name="SHAPE_LEN">848.2784441827715</SimpleData>
	</SchemaData></ExtendedData>
      <MultiGeometry><LineString><coordinates>-116.100924280198,53.6519412132863 -116.100929138287,53.651498237818 -116.100982523367,53.6466309369914 -116.100573570724,53.6465608081823 -116.097099875352,53.6465543607989</coordinates></LineString></MultiGeometry>
  </Placemark>
  <Placemark>
	<Style><LineStyle><color>ff0000ff</color></LineStyle><PolyStyle><fill>0</fill></PolyStyle></Style>
	<ExtendedData><SchemaData schemaUrl="#TOU_Edson_Sept2026">
		<SimpleData name="OBJECTID">48768815</SimpleData>
		<SimpleData name="LIC_LI_NO">35053-16</SimpleData>
		<SimpleData name="COMP_NAME">Tourmaline Oil Corp.</SimpleData>
		<SimpleData name="SEG_LENGTH">1.3</SimpleData>
		<SimpleData name="SEG_STATUS">Operating</SimpleData>
		<SimpleData name="FROM_FAC">Compressor Station</SimpleData>
		<SimpleData name="FROM_LOC">12-12-054-15W5</SimpleData>
		<SimpleData name="TO_FAC">Pipeline</SimpleData>
		<SimpleData name="TO_LOC">01-11-054-15W5</SimpleData>
		<SimpleData name="OUT_DIAMET">114.3</SimpleData>
		<SimpleData name="PIP_MATERL">Steel</SimpleData>
		<SimpleData name="SUBSTANCE1">Natural Gas</SimpleData>
		<SimpleData name="GEOM_SRCE">mapping</SimpleData>
		<SimpleData name="SHAPE_LEN">1273.5802514658064</SimpleData>
	</SchemaData></ExtendedData>
      <MultiGeometry><LineString><coordinates>-116.083920562461,53.6503019241159 -116.083960395558,53.6492147918546 -116.088545925875,53.649214792387 -116.088625592068,53.6464495124045 -116.095324454906,53.6436368240006</coordinates></LineString></MultiGeometry>
  </Placemark>
  <Placemark>
	<Style><LineStyle><color>ff0000ff</color></LineStyle><PolyStyle><fill>0</fill></PolyStyle></Style>
	<ExtendedData><SchemaData schemaUrl="#TOU_Edson_Sept2026">
		<SimpleData name="OBJECTID">48797617</SimpleData>
		<SimpleData name="LIC_LI_NO">50289-10</SimpleData>
		<SimpleData name="COMP_NAME">Tourmaline Oil Corp.</SimpleData>
		<SimpleData name="SEG_LENGTH">0.39</SimpleData>
		<SimpleData name="SEG_STATUS">Operating</SimpleData>
		<SimpleData name="FROM_FAC">Well</SimpleData>
		<SimpleData name="FROM_LOC">04-27-052-17W5</SimpleData>
		<SimpleData name="TO_FAC">Pipeline</SimpleData>
		<SimpleData name="TO_LOC">01-28-052-17W5</SimpleData>
		<SimpleData name="OUT_DIAMET">168.3</SimpleData>
		<SimpleData name="PIP_MATERL">Steel</SimpleData>
		<SimpleData name="SUBSTANCE1">Natural Gas</SimpleData>
		<SimpleData name="GEOM_SRCE">Mapping</SimpleData>
		<SimpleData name="SHAPE_LEN">349.30177507378033</SimpleData>
	</SchemaData></ExtendedData>
      <MultiGeometry><LineString><coordinates>-116.431302124526,53.5126173768139 -116.432048216692,53.5129848003492 -116.432242947191,53.513041461828 -116.43331769519,53.5136198743308 -116.4339348863,53.5138774978882 -116.434205155233,53.5143077216563 -116.434998795227,53.514772311628</coordinates></LineString></MultiGeometry>
  </Placemark>
  <Placemark>
	<Style><LineStyle><color>ff0000ff</color></LineStyle><PolyStyle><fill>0</fill></PolyStyle></Style>
	<ExtendedData><SchemaData schemaUrl="#TOU_Edson_Sept2026">
		<SimpleData name="OBJECTID">48797618</SimpleData>
		<SimpleData name="LIC_LI_NO">50289-11</SimpleData>
		<SimpleData name="COMP_NAME">Tourmaline Oil Corp.</SimpleData>
		<SimpleData name="SEG_LENGTH">1.78</SimpleData>
		<SimpleData name="SEG_STATUS">Operating</SimpleData>
		<SimpleData name="FROM_FAC">Well</SimpleData>
		<SimpleData name="FROM_LOC">12-28-052-17W5</SimpleData>
		<SimpleData name="TO_FAC">Pipeline</SimpleData>
		<SimpleData name="TO_LOC">01-28-052-17W5</SimpleData>
		<SimpleData name="OUT_DIAMET">114.3</SimpleData>
		<SimpleData name="PIP_MATERL">Steel</SimpleData>
		<SimpleData name="SUBSTANCE1">Natural Gas</SimpleData>
		<SimpleData name="GEOM_SRCE">Mapping</SimpleData>
		<SimpleData name="SHAPE_LEN">1763.6108306485871</SimpleData>
	</SchemaData></ExtendedData>
      <MultiGeometry><LineString><coordinates>-116.453509276054,53.5203382435838 -116.451305232555,53.5168502575003 -116.442371082812,53.5168881804299 -116.434631731025,53.5168895611444 -116.434650728597,53.5153320364097 -116.435230728555,53.5147996778389</coordinates></LineString></MultiGeometry>
  </Placemark>
  <Placemark>
	<Style><LineStyle><color>ff0000ff</color></LineStyle><PolyStyle><fill>0</fill></PolyStyle></Style>
	<ExtendedData><SchemaData schemaUrl="#TOU_Edson_Sept2026">
		<SimpleData name="OBJECTID">48797622</SimpleData>
		<SimpleData name="LIC_LI_NO">50289-3</SimpleData>
		<SimpleData name="COMP_NAME">Tourmaline Oil Corp.</SimpleData>
		<SimpleData name="SEG_LENGTH">0.3</SimpleData>
		<SimpleData name="SEG_STATUS">Operating</SimpleData>
		<SimpleData name="FROM_FAC">Well</SimpleData>
		<SimpleData name="FROM_LOC">01-27-052-17W5</SimpleData>
		<SimpleData name="TO_FAC">Pipeline</SimpleData>
		<SimpleData name="TO_LOC">08-27-052-17W5</SimpleData>
		<SimpleData name="OUT_DIAMET">168.3</SimpleData>
		<SimpleData name="PIP_MATERL">Steel</SimpleData>
		<SimpleData name="SUBSTANCE1">Natural Gas</SimpleData>
		<SimpleData name="GEOM_SRCE">Mapping</SimpleData>
		<SimpleData name="SHAPE_LEN">253.6229552298544</SimpleData>
	</SchemaData></ExtendedData>
      <MultiGeometry><LineString><coordinates>-116.41107893105,53.5147879959362 -116.411084244585,53.5170683886594</coordinates></LineString></MultiGeometry>
  </Placemark>
  <Placemark>
	<Style><LineStyle><color>ff0000ff</color></LineStyle><PolyStyle><fill>0</fill></PolyStyle></Style>
	<ExtendedData><SchemaData schemaUrl="#TOU_Edson_Sept2026">
		<SimpleData name="OBJECTID">48801217</SimpleData>
		<SimpleData name="LIC_LI_NO">50289-12</SimpleData>
		<SimpleData name="COMP_NAME">Tourmaline Oil Corp.</SimpleData>
		<SimpleData name="SEG_LENGTH">0.32</SimpleData>
		<SimpleData name="SEG_STATUS">Discontinued</SimpleData>
		<SimpleData name="FROM_FAC">Blind End</SimpleData>
		<SimpleData name="FROM_LOC">10-35-052-18W5</SimpleData>
		<SimpleData name="TO_FAC">Blind End</SimpleData>
		<SimpleData name="TO_LOC">09-35-052-18W5</SimpleData>
		<SimpleData name="OUT_DIAMET">168.3</SimpleData>
		<SimpleData name="PIP_MATERL">Steel</SimpleData>
		<SimpleData name="SUBSTANCE1">Natural Gas</SimpleData>
		<SimpleData name="GEOM_SRCE">Mapping</SimpleData>
		<SimpleData name="SHAPE_LEN">314.3162238121276</SimpleData>
	</SchemaData></ExtendedData>
      <MultiGeometry><LineString><coordinates>-116.540792427735,53.5349013511808 -116.53875879195,53.5362827838893 -116.538405657924,53.5361080181138 -116.53762114661,53.5366492910826</coordinates></LineString></MultiGeometry>
  </Placemark>
  <Placemark>
	<Style><LineStyle><color>ff0000ff</color></LineStyle><PolyStyle><fill>0</fill></PolyStyle></Style>
	<ExtendedData><SchemaData schemaUrl="#TOU_Edson_Sept2026">
		<SimpleData name="OBJECTID">48801618</SimpleData>
		<SimpleData name="LIC_LI_NO">50289-8</SimpleData>
		<SimpleData name="COMP_NAME">Tourmaline Oil Corp.</SimpleData>
		<SimpleData name="SEG_LENGTH">1.04</SimpleData>
		<SimpleData name="SEG_STATUS">Operating</SimpleData>
		<SimpleData name="FROM_FAC">Pipeline</SimpleData>
		<SimpleData name="FROM_LOC">06-27-052-17W5</SimpleData>
		<SimpleData name="TO_FAC">Pipeline</SimpleData>
		<SimpleData name="TO_LOC">01-28-052-17W5</SimpleData>
		<SimpleData name="OUT_DIAMET">168.3</SimpleData>
		<SimpleData name="PIP_MATERL">Steel</SimpleData>
		<SimpleData name="SUBSTANCE1">Natural Gas</SimpleData>
		<SimpleData name="GEOM_SRCE">Mapping</SimpleData>
		<SimpleData name="SHAPE_LEN">1030.4902555072001</SimpleData>
	</SchemaData></ExtendedData>
      <MultiGeometry><LineString><coordinates>-116.424226280086,53.516630871618 -116.426215964897,53.5166238761329 -116.434538966497,53.5164805028846 -116.43491601727,53.5164774001194 -116.434919367087,53.5164323451019 -116.434998795227,53.514772311628 -116.436216668207,53.5138340062751</coordinates></LineString></MultiGeometry>
  </Placemark>
  <Placemark>
	<Style><LineStyle><color>ff0000ff</color></LineStyle><PolyStyle><fill>0</fill></PolyStyle></Style>
	<ExtendedData><SchemaData schemaUrl="#TOU_Edson_Sept2026">
		<SimpleData name="OBJECTID">48801619</SimpleData>
		<SimpleData name="LIC_LI_NO">50289-4</SimpleData>
		<SimpleData name="COMP_NAME">Tourmaline Oil Corp.</SimpleData>
		<SimpleData name="SEG_LENGTH">0.58</SimpleData>
		<SimpleData name="SEG_STATUS">Operating</SimpleData>
		<SimpleData name="FROM_FAC">Pipeline</SimpleData>
		<SimpleData name="FROM_LOC">08-27-052-17W5</SimpleData>
		<SimpleData name="TO_FAC">Pipeline</SimpleData>
		<SimpleData name="TO_LOC">07-27-052-17W5</SimpleData>
		<SimpleData name="OUT_DIAMET">168.3</SimpleData>
		<SimpleData name="PIP_MATERL">Steel</SimpleData>
		<SimpleData name="SUBSTANCE1">Natural Gas</SimpleData>
		<SimpleData name="GEOM_SRCE">mapping</SimpleData>
		<SimpleData name="SHAPE_LEN">499.4247705677368</SimpleData>
	</SchemaData></ExtendedData>
      <MultiGeometry><LineString><coordinates>-116.411084117024,53.5170731941661 -116.414825618149,53.5170731941661 -116.415392456889,53.5173991026033 -116.417074261205,53.5174215505544 -116.416979872523,53.516635041027</coordinates></LineString></MultiGeometry>
  </Placemark>
  <Placemark>
	<Style><LineStyle><color>ff0000ff</color></LineStyle><PolyStyle><fill>0</fill></PolyStyle></Style>
	<ExtendedData><SchemaData schemaUrl="#TOU_Edson_Sept2026">
		<SimpleData name="OBJECTID">48801620</SimpleData>
		<SimpleData name="LIC_LI_NO">50289-27</SimpleData>
		<SimpleData name="COMP_NAME">Tourmaline Oil Corp.</SimpleData>
		<SimpleData name="SEG_LENGTH">0.48</SimpleData>
		<SimpleData name="SEG_STATUS">Operating</SimpleData>
		<SimpleData name="FROM_FAC">Pipeline</SimpleData>
		<SimpleData name="FROM_LOC">07-27-052-17W5</SimpleData>
		<SimpleData name="TO_FAC">Pipeline</SimpleData>
		<SimpleData name="TO_LOC">06-27-052-17W5</SimpleData>
		<SimpleData name="OUT_DIAMET">168.3</SimpleData>
		<SimpleData name="PIP_MATERL">Steel</SimpleData>
		<SimpleData name="SUBSTANCE1">Natural Gas</SimpleData>
		<SimpleData name="GEOM_SRCE">mapping</SimpleData>
		<SimpleData name="SHAPE_LEN">479.7439809270887</SimpleData>
	</SchemaData></ExtendedData>
      <MultiGeometry><LineString><coordinates>-116.416980042305,53.5166575908674 -116.424217297832,53.5166351419773</coordinates></LineString></MultiGeometry>
  </Placemark>
  <Placemark>
	<Style><LineStyle><color>ff0000ff</color></LineStyle><PolyStyle><fill>0</fill></PolyStyle></Style>
	<ExtendedData><SchemaData schemaUrl="#TOU_Edson_Sept2026">
		<SimpleData name="OBJECTID">48822018</SimpleData>
		<SimpleData name="LIC_LI_NO">58444-3</SimpleData>
		<SimpleData name="COMP_NAME">Tourmaline Oil Corp.</SimpleData>
		<SimpleData name="SEG_LENGTH">1.39</SimpleData>
		<SimpleData name="SEG_STATUS">Operating</SimpleData>
		<SimpleData name="FROM_FAC">Pipeline</SimpleData>
		<SimpleData name="FROM_LOC">04-14-052-15W5</SimpleData>
		<SimpleData name="TO_FAC">Pipeline</SimpleData>
		<SimpleData name="TO_LOC">02-15-052-15W5</SimpleData>
		<SimpleData name="OUT_DIAMET">114.3</SimpleData>
		<SimpleData name="PIP_MATERL">Steel</SimpleData>
		<SimpleData name="SUBSTANCE1">Natural Gas</SimpleData>
		<SimpleData name="GEOM_SRCE">Mapping</SimpleData>
		<SimpleData name="SHAPE_LEN">755.9071443817069</SimpleData>
	</SchemaData></ExtendedData>
      <MultiGeometry><LineString><coordinates>-116.113652402559,53.4842641988645 -116.115624994227,53.4841091038255 -116.120983651509,53.484075440171 -116.120776689549,53.4860002792192 -116.121017739879,53.4861360575274 -116.121494323985,53.4860954350456</coordinates></LineString></MultiGeometry>
  </Placemark>
  <Placemark>
	<Style><LineStyle><color>ff0000ff</color></LineStyle><PolyStyle><fill>0</fill></PolyStyle></Style>
	<ExtendedData><SchemaData schemaUrl="#TOU_Edson_Sept2026">
		<SimpleData name="OBJECTID">48840422</SimpleData>
		<SimpleData name="LIC_LI_NO">58444-2</SimpleData>
		<SimpleData name="COMP_NAME">Tourmaline Oil Corp.</SimpleData>
		<SimpleData name="SEG_LENGTH">1.86</SimpleData>
		<SimpleData name="SEG_STATUS">Discontinued</SimpleData>
		<SimpleData name="FROM_FAC">Blind End</SimpleData>
		<SimpleData name="FROM_LOC">04-14-052-15W5</SimpleData>
		<SimpleData name="TO_FAC">Blind End</SimpleData>
		<SimpleData name="TO_LOC">07-11-052-15W5</SimpleData>
		<SimpleData name="OUT_DIAMET">114.3</SimpleData>
		<SimpleData name="PIP_MATERL">Steel</SimpleData>
		<SimpleData name="SUBSTANCE1">Natural Gas</SimpleData>
		<SimpleData name="GEOM_SRCE">Mapping</SimpleData>
		<SimpleData name="SHAPE_LEN">1846.3860934095915</SimpleData>
	</SchemaData></ExtendedData>
      <MultiGeometry><LineString><coordinates>-116.113603152423,53.4842653368932 -116.113609676887,53.4837766023718 -116.113592994274,53.4820948085023 -116.113449416542,53.4819953890966 -116.111323218351,53.4819599794769 -116.107114073154,53.4798700560778 -116.102695430053,53.4779015531286 -116.099799084609,53.4764863607037 -116.097269794383,53.473046986302 -116.096947734879,53.4726008844251</coordinates></LineString></MultiGeometry>
  </Placemark>
  <Placemark>
	<Style><LineStyle><color>ff0000ff</color></LineStyle><PolyStyle><fill>0</fill></PolyStyle></Style>
	<ExtendedData><SchemaData schemaUrl="#TOU_Edson_Sept2026">
		<SimpleData name="OBJECTID">49530879</SimpleData>
		<SimpleData name="LIC_LI_NO">61813-10</SimpleData>
		<SimpleData name="COMP_NAME">Tourmaline Oil Corp.</SimpleData>
		<SimpleData name="SEG_LENGTH">0.38</SimpleData>
		<SimpleData name="SEG_STATUS">Operating</SimpleData>
		<SimpleData name="FROM_FAC">Well</SimpleData>
		<SimpleData name="FROM_LOC">16-17-052-15W5</SimpleData>
		<SimpleData name="TO_FAC">Pipeline</SimpleData>
		<SimpleData name="TO_LOC">15-17-052-15W5</SimpleData>
		<SimpleData name="OUT_DIAMET">114.3</SimpleData>
		<SimpleData name="PIP_MATERL">Steel</SimpleData>
		<SimpleData name="SUBSTANCE1">Sour Natural Gas</SimpleData>
		<SimpleData name="GEOM_SRCE">Mapping</SimpleData>
		<SimpleData name="SHAPE_LEN">352.8207145523582</SimpleData>
	</SchemaData></ExtendedData>
      <MultiGeometry><LineString><coordinates>-116.167641621852,53.4966517008053 -116.168956232608,53.4967353419742 -116.171965965204,53.4953332244292 -116.172105122326,53.49526627349</coordinates></LineString></MultiGeometry>
  </Placemark>
  <Placemark>
	<Style><LineStyle><color>ff0000ff</color></LineStyle><PolyStyle><fill>0</fill></PolyStyle></Style>
	<ExtendedData><SchemaData schemaUrl="#TOU_Edson_Sept2026">
		<SimpleData name="OBJECTID">49530880</SimpleData>
		<SimpleData name="LIC_LI_NO">61813-20</SimpleData>
		<SimpleData name="COMP_NAME">Tourmaline Oil Corp.</SimpleData>
		<SimpleData name="SEG_LENGTH">3.69</SimpleData>
		<SimpleData name="SEG_STATUS">Operating</SimpleData>
		<SimpleData name="FROM_FAC">Pipeline</SimpleData>
		<SimpleData name="FROM_LOC">15-17-052-15W5</SimpleData>
		<SimpleData name="TO_FAC">Pipeline</SimpleData>
		<SimpleData name="TO_LOC">14-10-052-15W5</SimpleData>
		<SimpleData name="OUT_DIAMET">114.3</SimpleData>
		<SimpleData name="PIP_MATERL">Steel</SimpleData>
		<SimpleData name="SUBSTANCE1">Sour Natural Gas</SimpleData>
		<SimpleData name="GEOM_SRCE">Mapping</SimpleData>
		<SimpleData name="SHAPE_LEN">3583.0252505045173</SimpleData>
	</SchemaData></ExtendedData>
      <MultiGeometry><LineString><coordinates>-116.171867458645,53.4951723117782 -116.171762560573,53.4951308391703 -116.17015152284,53.4951275868131 -116.16640058671,53.4948594519309 -116.164329908895,53.4942568391183 -116.162965312283,53.4934612233294 -116.161122185814,53.4930848985596 -116.143990247045,53.4895844618139 -116.142328574874,53.4880361470956 -116.140919022972,53.4874559962861 -116.138619537965,53.4873795450471 -116.13383015296,53.4867852011016 -116.133691575251,53.4863879124117 -116.133208875414,53.485567669041 -116.132073341115,53.4828688752941 -116.130576064234,53.4797476049141</coordinates></LineString></MultiGeometry>
  </Placemark>
  <Placemark>
	<Style><LineStyle><color>ff0000ff</color></LineStyle><PolyStyle><fill>0</fill></PolyStyle></Style>
	<ExtendedData><SchemaData schemaUrl="#TOU_Edson_Sept2026">
		<SimpleData name="OBJECTID">49792128</SimpleData>
		<SimpleData name="LIC_LI_NO">54867-13</SimpleData>
		<SimpleData name="COMP_NAME">Tourmaline Oil Corp.</SimpleData>
		<SimpleData name="SEG_LENGTH">0.77</SimpleData>
		<SimpleData name="SEG_STATUS">Discontinued</SimpleData>
		<SimpleData name="FROM_FAC">Blind End</SimpleData>
		<SimpleData name="FROM_LOC">15-28-051-16W5</SimpleData>
		<SimpleData name="TO_FAC">Blind End</SimpleData>
		<SimpleData name="TO_LOC">07-33-051-16W5</SimpleData>
		<SimpleData name="OUT_DIAMET">114.3</SimpleData>
		<SimpleData name="PIP_MATERL">Steel</SimpleData>
		<SimpleData name="SUBSTANCE1">Natural Gas</SimpleData>
		<SimpleData name="GEOM_SRCE">Mapping</SimpleData>
		<SimpleData name="SHAPE_LEN">741.1315095500552</SimpleData>
	</SchemaData></ExtendedData>
      <MultiGeometry><LineString><coordinates>-116.294365040181,53.4385114953147 -116.297520329497,53.4440396320897 -116.296214437789,53.4443050026374</coordinates></LineString></MultiGeometry>
  </Placemark>
  <Placemark>
	<Style><LineStyle><color>ff0000ff</color></LineStyle><PolyStyle><fill>0</fill></PolyStyle></Style>
	<ExtendedData><SchemaData schemaUrl="#TOU_Edson_Sept2026">
		<SimpleData name="OBJECTID">49975734</SimpleData>
		<SimpleData name="LIC_LI_NO">59901-2</SimpleData>
		<SimpleData name="COMP_NAME">Tourmaline Oil Corp.</SimpleData>
		<SimpleData name="SEG_LENGTH">4.95</SimpleData>
		<SimpleData name="SEG_STATUS">Operating</SimpleData>
		<SimpleData name="FROM_FAC">Well</SimpleData>
		<SimpleData name="FROM_LOC">01-13-053-20W5</SimpleData>
		<SimpleData name="TO_FAC">Pipeline</SimpleData>
		<SimpleData name="TO_LOC">04-09-053-19W5</SimpleData>
		<SimpleData name="OUT_DIAMET">168.3</SimpleData>
		<SimpleData name="PIP_MATERL">Steel</SimpleData>
		<SimpleData name="SUBSTANCE1">Natural Gas</SimpleData>
		<SimpleData name="GEOM_SRCE">Mapping</SimpleData>
		<SimpleData name="SHAPE_LEN">4971.809789007897</SimpleData>
	</SchemaData></ExtendedData>
      <MultiGeometry><LineString><coordinates>-116.803478942843,53.5722013706185 -116.785701468423,53.572207465033 -116.785259809917,53.5716137598542 -116.785276621888,53.57042262341 -116.785286149419,53.5698519988283 -116.776963795505,53.5698544746051 -116.765156697838,53.5698588857659 -116.765149709843,53.5656336983804 -116.762952666915,53.564313094901 -116.754050516062,53.5643119024669 -116.753439840433,53.5639594436482 -116.753401918952,53.5630548107843 -116.753416097062,53.5625816319921 -116.753421283036,53.5621277199204 -116.752260980387,53.5621293157836 -116.752272344974,53.5606250612921 -116.751936120835,53.5601394394454 -116.750908425692,53.5587774525874 -116.750515807115,53.5582988184119 -116.748547512089,53.5587527854429</coordinates></LineString></MultiGeometry>
  </Placemark>
  <Placemark>
	<Style><LineStyle><color>ff0000ff</color></LineStyle><PolyStyle><fill>0</fill></PolyStyle></Style>
	<ExtendedData><SchemaData schemaUrl="#TOU_Edson_Sept2026">
		<SimpleData name="OBJECTID">50081739</SimpleData>
		<SimpleData name="LIC_LI_NO">44988-1</SimpleData>
		<SimpleData name="COMP_NAME">Tourmaline Oil Corp.</SimpleData>
		<SimpleData name="SEG_LENGTH">2.5</SimpleData>
		<SimpleData name="SEG_STATUS">Discontinued</SimpleData>
		<SimpleData name="FROM_FAC">Blind End</SimpleData>
		<SimpleData name="FROM_LOC">11-17-051-16W5</SimpleData>
		<SimpleData name="TO_FAC">Blind End</SimpleData>
		<SimpleData name="TO_LOC">04-18-051-16W5</SimpleData>
		<SimpleData name="OUT_DIAMET">88.9</SimpleData>
		<SimpleData name="PIP_MATERL">Steel</SimpleData>
		<SimpleData name="SUBSTANCE1">Natural Gas</SimpleData>
		<SimpleData name="GEOM_SRCE">Mapping</SimpleData>
		<SimpleData name="SHAPE_LEN">2304.619472652474</SimpleData>
	</SchemaData></ExtendedData>
      <MultiGeometry><LineString><coordinates>-116.35390946275,53.397797588981 -116.353641471945,53.3978067433578 -116.352060870931,53.3978605361952 -116.343587500336,53.4052086151424 -116.343061834079,53.4055347970097 -116.341036373862,53.4055101166477 -116.338493513685,53.405443756039 -116.335694190784,53.4054276564157 -116.33508553906,53.4050074408667 -116.334350620139,53.404991932309 -116.334155161106,53.4050890107848 -116.33413977027,53.4052315236038 -116.33380615394,53.4053538689417 -116.33229587664,53.4052995602208 -116.329655304914,53.4052815476247 -116.328965980884,53.4054552870563 -116.328092892988,53.4054650015558 -116.327306190683,53.4056991219289 -116.327157412604,53.4060210437058</coordinates></LineString></MultiGeometry>
  </Placemark>
  <Placemark>
	<Style><LineStyle><color>ff0000ff</color></LineStyle><PolyStyle><fill>0</fill></PolyStyle></Style>
	<ExtendedData><SchemaData schemaUrl="#TOU_Edson_Sept2026">
		<SimpleData name="OBJECTID">50202148</SimpleData>
		<SimpleData name="LIC_LI_NO">49968-1</SimpleData>
		<SimpleData name="COMP_NAME">Tourmaline Oil Corp.</SimpleData>
		<SimpleData name="SEG_LENGTH">0.57</SimpleData>
		<SimpleData name="SEG_STATUS">Abandoned</SimpleData>
		<SimpleData name="FROM_FAC">Blind End</SimpleData>
		<SimpleData name="FROM_LOC">14-21-052-15W5</SimpleData>
		<SimpleData name="TO_FAC">Blind End</SimpleData>
		<SimpleData name="TO_LOC">10-21-052-15W5</SimpleData>
		<SimpleData name="OUT_DIAMET">114.3</SimpleData>
		<SimpleData name="PIP_MATERL">Steel</SimpleData>
		<SimpleData name="SUBSTANCE1">Natural Gas</SimpleData>
		<SimpleData name="GEOM_SRCE">Mapping</SimpleData>
		<SimpleData name="SHAPE_LEN">633.184361454049</SimpleData>
	</SchemaData></ExtendedData>
      <MultiGeometry><LineString><coordinates>-116.156890514463,53.5090977829626 -116.154002703014,53.5090884660997 -116.151337858808,53.5076530977043 -116.150312217214,53.5069206157558 -116.149361598421,53.5065366103 -116.149362678196,53.5063444315649</coordinates></LineString></MultiGeometry>
  </Placemark>
  <Placemark>
	<Style><LineStyle><color>ff0000ff</color></LineStyle><PolyStyle><fill>0</fill></PolyStyle></Style>
	<ExtendedData><SchemaData schemaUrl="#TOU_Edson_Sept2026">
		<SimpleData name="OBJECTID">50307782</SimpleData>
		<SimpleData name="LIC_LI_NO">57421-1</SimpleData>
		<SimpleData name="COMP_NAME">Tourmaline Oil Corp.</SimpleData>
		<SimpleData name="SEG_LENGTH">4.34</SimpleData>
		<SimpleData name="SEG_STATUS">Discontinued</SimpleData>
		<SimpleData name="FROM_FAC">Blind End</SimpleData>
		<SimpleData name="FROM_LOC">07-33-051-16W5</SimpleData>
		<SimpleData name="TO_FAC">Blind End</SimpleData>
		<SimpleData name="TO_LOC">08-02-052-16W5</SimpleData>
		<SimpleData name="OUT_DIAMET">114.3</SimpleData>
		<SimpleData name="PIP_MATERL">Steel</SimpleData>
		<SimpleData name="SUBSTANCE1">Natural Gas</SimpleData>
		<SimpleData name="GEOM_SRCE">Mapping</SimpleData>
		<SimpleData name="SHAPE_LEN">4326.18424305552</SimpleData>
	</SchemaData></ExtendedData>
      <MultiGeometry><LineString><coordinates>-116.296383076721,53.4439260443575 -116.2943510067,53.4475768661521 -116.280956761996,53.444956029615 -116.245113132353,53.4576635221975 -116.24310421551,53.4581701551257 -116.242872574134,53.4585986887689</coordinates></LineString></MultiGeometry>
  </Placemark>
  <Placemark>
	<Style><LineStyle><color>ff0000ff</color></LineStyle><PolyStyle><fill>0</fill></PolyStyle></Style>
	<ExtendedData><SchemaData schemaUrl="#TOU_Edson_Sept2026">
		<SimpleData name="OBJECTID">50679799</SimpleData>
		<SimpleData name="LIC_LI_NO">61813-3</SimpleData>
		<SimpleData name="COMP_NAME">Tourmaline Oil Corp.</SimpleData>
		<SimpleData name="SEG_LENGTH">3.97</SimpleData>
		<SimpleData name="SEG_STATUS">Operating</SimpleData>
		<SimpleData name="FROM_FAC">Well</SimpleData>
		<SimpleData name="FROM_LOC">10-26-051-15W5</SimpleData>
		<SimpleData name="TO_FAC">Pipeline</SimpleData>
		<SimpleData name="TO_LOC">08-33-051-15W5</SimpleData>
		<SimpleData name="OUT_DIAMET">168.3</SimpleData>
		<SimpleData name="PIP_MATERL">Steel</SimpleData>
		<SimpleData name="SUBSTANCE1">Sour Natural Gas</SimpleData>
		<SimpleData name="GEOM_SRCE">Mapping</SimpleData>
		<SimpleData name="SHAPE_LEN">4268.9743588873835</SimpleData>
	</SchemaData></ExtendedData>
      <MultiGeometry><LineString><coordinates>-116.143819022762,53.4446650638306 -116.143203523181,53.4450061203411 -116.1368812395,53.4450719435809 -116.134048145333,53.443119093268 -116.134048521727,53.4408709626465 -116.132656417803,53.4401869536887 -116.129793311821,53.43964913632 -116.128036831454,53.4384585346078 -116.128029371844,53.4373126437633 -116.127013662922,53.4364457861838 -116.128716918108,53.4346605354647 -116.128501535341,53.4333689457222 -116.126334996505,53.432297391172 -116.115570865341,53.4322266489913 -116.114897637324,53.4326652222826 -116.112920024972,53.4326836653466 -116.112269253041,53.4321957496586 -116.100688627844,53.4323078868074 -116.098181581701,53.4333780009298</coordinates></LineString></MultiGeometry>
  </Placemark>
  <Placemark>
	<Style><LineStyle><color>ff0000ff</color></LineStyle><PolyStyle><fill>0</fill></PolyStyle></Style>
	<ExtendedData><SchemaData schemaUrl="#TOU_Edson_Sept2026">
		<SimpleData name="OBJECTID">50696212</SimpleData>
		<SimpleData name="LIC_LI_NO">50289-7</SimpleData>
		<SimpleData name="COMP_NAME">Tourmaline Oil Corp.</SimpleData>
		<SimpleData name="SEG_LENGTH">0.33</SimpleData>
		<SimpleData name="SEG_STATUS">Discontinued</SimpleData>
		<SimpleData name="FROM_FAC">Blind End</SimpleData>
		<SimpleData name="FROM_LOC">11-27-052-17W5</SimpleData>
		<SimpleData name="TO_FAC">Blind End</SimpleData>
		<SimpleData name="TO_LOC">06-27-052-17W5</SimpleData>
		<SimpleData name="OUT_DIAMET">168.3</SimpleData>
		<SimpleData name="PIP_MATERL">Steel</SimpleData>
		<SimpleData name="SUBSTANCE1">Natural Gas</SimpleData>
		<SimpleData name="SHAPE_LEN">514.4151293427002</SimpleData>
	</SchemaData></ExtendedData>
      <MultiGeometry><LineString><coordinates>-116.425917978446,53.521039227936 -116.424803182653,53.5192754246223 -116.424840937946,53.5172755350399 -116.424217297832,53.5166351419773</coordinates></LineString></MultiGeometry>
  </Placemark>
  <Placemark>
	<Style><LineStyle><color>ff0000ff</color></LineStyle><PolyStyle><fill>0</fill></PolyStyle></Style>
	<ExtendedData><SchemaData schemaUrl="#TOU_Edson_Sept2026">
		<SimpleData name="OBJECTID">50839485</SimpleData>
		<SimpleData name="LIC_LI_NO">56657-4</SimpleData>
		<SimpleData name="COMP_NAME">Tourmaline Oil Corp.</SimpleData>
		<SimpleData name="SEG_LENGTH">2.12</SimpleData>
		<SimpleData name="SEG_STATUS">Operating</SimpleData>
		<SimpleData name="FROM_FAC">Battery</SimpleData>
		<SimpleData name="FROM_LOC">04-28-051-16W5</SimpleData>
		<SimpleData name="TO_FAC">Pipeline</SimpleData>
		<SimpleData name="TO_LOC">01-20-051-16W5</SimpleData>
		<SimpleData name="OUT_DIAMET">219.1</SimpleData>
		<SimpleData name="PIP_MATERL">Steel</SimpleData>
		<SimpleData name="SUBSTANCE1">Natural Gas</SimpleData>
		<SimpleData name="GEOM_SRCE">ROW centre-line</SimpleData>
		<SimpleData name="SHAPE_LEN">2126.977795747204</SimpleData>
	</SchemaData></ExtendedData>
      <MultiGeometry><LineString><coordinates>-116.307573404588,53.4264688048083 -116.306870281537,53.4258389782602 -116.306769751972,53.425234918273 -116.305104224231,53.4224650397445 -116.306974822978,53.4213569910158 -116.308932353492,53.4213707409404 -116.309124409706,53.4213563459443 -116.309202546966,53.4216121296862 -116.311170654244,53.4213973473131 -116.311173848654,53.4175002461428 -116.31117800426,53.412423590017 -116.312540471865,53.412134405631 -116.313298068755,53.4116455403105</coordinates></LineString></MultiGeometry>
  </Placemark>
  <Placemark>
	<Style><LineStyle><color>ff0000ff</color></LineStyle><PolyStyle><fill>0</fill></PolyStyle></Style>
	<ExtendedData><SchemaData schemaUrl="#TOU_Edson_Sept2026">
		<SimpleData name="OBJECTID">51095894</SimpleData>
		<SimpleData name="LIC_LI_NO">42010-8</SimpleData>
		<SimpleData name="COMP_NAME">Tourmaline Oil Corp.</SimpleData>
		<SimpleData name="SEG_LENGTH">1.22</SimpleData>
		<SimpleData name="SEG_STATUS">Operating</SimpleData>
		<SimpleData name="FROM_FAC">Pipeline</SimpleData>
		<SimpleData name="FROM_LOC">09-24-052-15W5</SimpleData>
		<SimpleData name="TO_FAC">Well</SimpleData>
		<SimpleData name="TO_LOC">03-19-052-14W5</SimpleData>
		<SimpleData name="OUT_DIAMET">60.3</SimpleData>
		<SimpleData name="PIP_MATERL">Steel</SimpleData>
		<SimpleData name="SUBSTANCE1">Fuel Gas</SimpleData>
		<SimpleData name="GEOM_SRCE">mapping</SimpleData>
		<SimpleData name="SHAPE_LEN">1224.2182330013145</SimpleData>
	</SchemaData></ExtendedData>
      <MultiGeometry><LineString><coordinates>-116.070900365462,53.5072336350341 -116.069728526648,53.5072336344999 -116.068683374545,53.5063671882969 -116.066529725635,53.5028823890161 -116.064122707797,53.5028823895504 -116.058485217942,53.5005464719449</coordinates></LineString></MultiGeometry>
  </Placemark>
  <Placemark>
	<Style><LineStyle><color>ff0000ff</color></LineStyle><PolyStyle><fill>0</fill></PolyStyle></Style>
	<ExtendedData><SchemaData schemaUrl="#TOU_Edson_Sept2026">
		<SimpleData name="OBJECTID">51166694</SimpleData>
		<SimpleData name="LIC_LI_NO">42010-1</SimpleData>
		<SimpleData name="COMP_NAME">Tourmaline Oil Corp.</SimpleData>
		<SimpleData name="SEG_LENGTH">6.22</SimpleData>
		<SimpleData name="SEG_STATUS">Discontinued</SimpleData>
		<SimpleData name="FROM_FAC">Blind End</SimpleData>
		<SimpleData name="FROM_LOC">10-21-052-15W5</SimpleData>
		<SimpleData name="TO_FAC">Blind End</SimpleData>
		<SimpleData name="TO_LOC">09-24-052-15W5</SimpleData>
		<SimpleData name="OUT_DIAMET">60.3</SimpleData>
		<SimpleData name="PIP_MATERL">Steel</SimpleData>
		<SimpleData name="SUBSTANCE1">Fuel Gas</SimpleData>
		<SimpleData name="GEOM_SRCE">mapping</SimpleData>
		<SimpleData name="SHAPE_LEN">6272.463791795294</SimpleData>
	</SchemaData></ExtendedData>
      <MultiGeometry><LineString><coordinates>-116.150236952766,53.5061788287566 -116.150205281763,53.5047095900587 -116.144314421184,53.5046154061759 -116.138898630151,53.5046719164238 -116.128035377082,53.5048037737322 -116.121796131869,53.5055383978147 -116.121511090141,53.5056702518935 -116.11143961935,53.5056890880043 -116.108747559785,53.5051805052652 -116.094083750345,53.5051805057994 -116.09313361215,53.5057079241068 -116.091106649051,53.5065555480687 -116.085120775461,53.5110382538904 -116.083568881909,53.5114337635704 -116.083157155268,53.5121494395151 -116.072420586214,53.5121117724928 -116.07216721549,53.5081754035996 -116.070900364564,53.507252469916</coordinates></LineString></MultiGeometry>
  </Placemark>
  <Placemark>
	<Style><LineStyle><color>ff0000ff</color></LineStyle><PolyStyle><fill>0</fill></PolyStyle></Style>
	<ExtendedData><SchemaData schemaUrl="#TOU_Edson_Sept2026">
		<SimpleData name="OBJECTID">51171096</SimpleData>
		<SimpleData name="LIC_LI_NO">42010-2</SimpleData>
		<SimpleData name="COMP_NAME">Tourmaline Oil Corp.</SimpleData>
		<SimpleData name="SEG_LENGTH">1.1</SimpleData>
		<SimpleData name="SEG_STATUS">Discontinued</SimpleData>
		<SimpleData name="FROM_FAC">Blind End</SimpleData>
		<SimpleData name="FROM_LOC">09-24-052-15W5</SimpleData>
		<SimpleData name="TO_FAC">Blind End</SimpleData>
		<SimpleData name="TO_LOC">07-24-052-15W5</SimpleData>
		<SimpleData name="OUT_DIAMET">60.3</SimpleData>
		<SimpleData name="PIP_MATERL">Steel</SimpleData>
		<SimpleData name="SUBSTANCE1">Fuel Gas</SimpleData>
		<SimpleData name="GEOM_SRCE">Mapping</SimpleData>
		<SimpleData name="SHAPE_LEN">1033.5639490185029</SimpleData>
	</SchemaData></ExtendedData>
      <MultiGeometry><LineString><coordinates>-116.071534497001,53.5073903812785 -116.071208157923,53.5017530089961 -116.074398443806,53.5011148413747 -116.075835782396,53.5011797318114 -116.076298474955,53.5019168300592</coordinates></LineString></MultiGeometry>
  </Placemark>
  <Placemark>
	<Style><LineStyle><color>ff0000ff</color></LineStyle><PolyStyle><fill>0</fill></PolyStyle></Style>
	<ExtendedData><SchemaData schemaUrl="#TOU_Edson_Sept2026">
		<SimpleData name="OBJECTID">51420703</SimpleData>
		<SimpleData name="LIC_LI_NO">47831-36</SimpleData>
		<SimpleData name="COMP_NAME">Tourmaline Oil Corp.</SimpleData>
		<SimpleData name="SEG_LENGTH">1.13</SimpleData>
		<SimpleData name="SEG_STATUS">Discontinued</SimpleData>
		<SimpleData name="FROM_FAC">Blind End</SimpleData>
		<SimpleData name="FROM_LOC">05-12-054-15W5</SimpleData>
		<SimpleData name="TO_FAC">Blind End</SimpleData>
		<SimpleData name="TO_LOC">10-11-054-15W5</SimpleData>
		<SimpleData name="OUT_DIAMET">88.9</SimpleData>
		<SimpleData name="PIP_MATERL">Steel</SimpleData>
		<SimpleData name="SUBSTANCE1">Natural Gas</SimpleData>
		<SimpleData name="GEOM_SRCE">Mapping</SimpleData>
		<SimpleData name="SHAPE_LEN">1291.5270269272696</SimpleData>
	</SchemaData></ExtendedData>
      <MultiGeometry><LineString><coordinates>-116.08413887733,53.6496347985016 -116.089292769033,53.6496471833027 -116.091415389235,53.6496557871699 -116.092759618344,53.6495015104432 -116.095686924225,53.6494306324541 -116.095979255781,53.6496566007542 -116.096203202188,53.649811139943 -116.099565951131,53.6523776449671 -116.101236323486,53.652318241137</coordinates></LineString></MultiGeometry>
  </Placemark>
  <Placemark>
	<Style><LineStyle><color>ff0000ff</color></LineStyle><PolyStyle><fill>0</fill></PolyStyle></Style>
	<ExtendedData><SchemaData schemaUrl="#TOU_Edson_Sept2026">
		<SimpleData name="OBJECTID">51421503</SimpleData>
		<SimpleData name="LIC_LI_NO">47831-40</SimpleData>
		<SimpleData name="COMP_NAME">Tourmaline Oil Corp.</SimpleData>
		<SimpleData name="SEG_LENGTH">1.75</SimpleData>
		<SimpleData name="SEG_STATUS">Discontinued</SimpleData>
		<SimpleData name="FROM_FAC">Blind End</SimpleData>
		<SimpleData name="FROM_LOC">06-12-054-15W5</SimpleData>
		<SimpleData name="TO_FAC">Blind End</SimpleData>
		<SimpleData name="TO_LOC">07-11-054-15W5</SimpleData>
		<SimpleData name="OUT_DIAMET">88.9</SimpleData>
		<SimpleData name="PIP_MATERL">Steel</SimpleData>
		<SimpleData name="SUBSTANCE1">Natural Gas</SimpleData>
		<SimpleData name="GEOM_SRCE">Mapping</SimpleData>
		<SimpleData name="SHAPE_LEN">1273.8466872950742</SimpleData>
	</SchemaData></ExtendedData>
      <MultiGeometry><LineString><coordinates>-116.077817288047,53.6498933674756 -116.090033103896,53.6499230072158 -116.090628480317,53.6498892452675 -116.092787431982,53.6496379090784 -116.095254115023,53.64956805895 -116.097049079216,53.6495664067529</coordinates></LineString></MultiGeometry>
  </Placemark>
  <Placemark>
	<Style><LineStyle><color>ff0000ff</color></LineStyle><PolyStyle><fill>0</fill></PolyStyle></Style>
	<ExtendedData><SchemaData schemaUrl="#TOU_Edson_Sept2026">
		<SimpleData name="OBJECTID">51499106</SimpleData>
		<SimpleData name="LIC_LI_NO">47831-35</SimpleData>
		<SimpleData name="COMP_NAME">Tourmaline Oil Corp.</SimpleData>
		<SimpleData name="SEG_LENGTH">0.03</SimpleData>
		<SimpleData name="SEG_STATUS">Discontinued</SimpleData>
		<SimpleData name="FROM_FAC">Blind End</SimpleData>
		<SimpleData name="FROM_LOC">05-12-054-15W5</SimpleData>
		<SimpleData name="TO_FAC">Blind End</SimpleData>
		<SimpleData name="TO_LOC">05-12-054-15W5</SimpleData>
		<SimpleData name="OUT_DIAMET">88.9</SimpleData>
		<SimpleData name="PIP_MATERL">Steel</SimpleData>
		<SimpleData name="SUBSTANCE1">Natural Gas</SimpleData>
		<SimpleData name="GEOM_SRCE">Mapping</SimpleData>
		<SimpleData name="SHAPE_LEN">14.772652935160837</SimpleData>
	</SchemaData></ExtendedData>
      <MultiGeometry><LineString><coordinates>-116.084164546689,53.650041752324 -116.084164891642,53.6499089245215</coordinates></LineString></MultiGeometry>
  </Placemark>
  <Placemark>
	<Style><LineStyle><color>ff0000ff</color></LineStyle><PolyStyle><fill>0</fill></PolyStyle></Style>
	<ExtendedData><SchemaData schemaUrl="#TOU_Edson_Sept2026">
		<SimpleData name="OBJECTID">51919531</SimpleData>
		<SimpleData name="LIC_LI_NO">58725-27</SimpleData>
		<SimpleData name="COMP_NAME">Tourmaline Oil Corp.</SimpleData>
		<SimpleData name="SEG_LENGTH">0.15</SimpleData>
		<SimpleData name="SEG_STATUS">Operating</SimpleData>
		<SimpleData name="FROM_FAC">Battery</SimpleData>
		<SimpleData name="FROM_LOC">08-35-051-16W5</SimpleData>
		<SimpleData name="TO_FAC">Pipeline</SimpleData>
		<SimpleData name="TO_LOC">12-36-051-16W5</SimpleData>
		<SimpleData name="OUT_DIAMET">168.3</SimpleData>
		<SimpleData name="PIP_MATERL">Steel</SimpleData>
		<SimpleData name="SUBSTANCE1">Natural Gas</SimpleData>
		<SimpleData name="GEOM_SRCE">ROW centre-line</SimpleData>
		<SimpleData name="SHAPE_LEN">144.0268171614305</SimpleData>
	</SchemaData></ExtendedData>
      <MultiGeometry><LineString><coordinates>-116.238692884696,53.4464926760111 -116.238250247924,53.4467564155078 -116.236706369141,53.4467555054571</coordinates></LineString></MultiGeometry>
  </Placemark>
  <Placemark>
	<Style><LineStyle><color>ff0000ff</color></LineStyle><PolyStyle><fill>0</fill></PolyStyle></Style>
	<ExtendedData><SchemaData schemaUrl="#TOU_Edson_Sept2026">
		<SimpleData name="OBJECTID">51954331</SimpleData>
		<SimpleData name="LIC_LI_NO">31063-6</SimpleData>
		<SimpleData name="COMP_NAME">Tourmaline Oil Corp.</SimpleData>
		<SimpleData name="SEG_LENGTH">0.6</SimpleData>
		<SimpleData name="SEG_STATUS">Operating</SimpleData>
		<SimpleData name="FROM_FAC">Well</SimpleData>
		<SimpleData name="FROM_LOC">01-05-053-16W5</SimpleData>
		<SimpleData name="TO_FAC">Pipeline</SimpleData>
		<SimpleData name="TO_LOC">14-32-052-16W5</SimpleData>
		<SimpleData name="OUT_DIAMET">114.3</SimpleData>
		<SimpleData name="PIP_MATERL">Steel</SimpleData>
		<SimpleData name="SUBSTANCE1">Natural Gas</SimpleData>
		<SimpleData name="GEOM_SRCE">Mapping</SimpleData>
		<SimpleData name="SHAPE_LEN">592.6327406264825</SimpleData>
	</SchemaData></ExtendedData>
      <MultiGeometry><LineString><coordinates>-116.317215057567,53.5446770420679 -116.317214657816,53.543861839984 -116.318724232634,53.5410946325082 -116.319221866064,53.5403865272577 -116.319083855192,53.5401915547453 -116.318109139989,53.5399615633996</coordinates></LineString></MultiGeometry>
  </Placemark>
  <Placemark>
	<Style><LineStyle><color>ff0000ff</color></LineStyle><PolyStyle><fill>0</fill></PolyStyle></Style>
	<ExtendedData><SchemaData schemaUrl="#TOU_Edson_Sept2026">
		<SimpleData name="OBJECTID">51957531</SimpleData>
		<SimpleData name="LIC_LI_NO">31063-12</SimpleData>
		<SimpleData name="COMP_NAME">Tourmaline Oil Corp.</SimpleData>
		<SimpleData name="SEG_LENGTH">0.51</SimpleData>
		<SimpleData name="SEG_STATUS">Abandoned</SimpleData>
		<SimpleData name="FROM_FAC">Blind End</SimpleData>
		<SimpleData name="FROM_LOC">06-03-053-16W5</SimpleData>
		<SimpleData name="TO_FAC">Blind End</SimpleData>
		<SimpleData name="TO_LOC">07-03-053-16W5</SimpleData>
		<SimpleData name="OUT_DIAMET">114.3</SimpleData>
		<SimpleData name="PIP_MATERL">Steel</SimpleData>
		<SimpleData name="SUBSTANCE1">Natural Gas</SimpleData>
		<SimpleData name="GEOM_SRCE">Mapping</SimpleData>
		<SimpleData name="SHAPE_LEN">493.5850982393513</SimpleData>
	</SchemaData></ExtendedData>
      <MultiGeometry><LineString><coordinates>-116.277531802923,53.5467215303648 -116.27513621974,53.5460157103162 -116.270366355126,53.5458417463933</coordinates></LineString></MultiGeometry>
  </Placemark>
  <Placemark>
	<Style><LineStyle><color>ff0000ff</color></LineStyle><PolyStyle><fill>0</fill></PolyStyle></Style>
	<ExtendedData><SchemaData schemaUrl="#TOU_Edson_Sept2026">
		<SimpleData name="OBJECTID">51957931</SimpleData>
		<SimpleData name="LIC_LI_NO">34897-1</SimpleData>
		<SimpleData name="COMP_NAME">Tourmaline Oil Corp.</SimpleData>
		<SimpleData name="SEG_LENGTH">0.55</SimpleData>
		<SimpleData name="SEG_STATUS">Abandoned</SimpleData>
		<SimpleData name="FROM_FAC">Blind End</SimpleData>
		<SimpleData name="FROM_LOC">01-02-054-15W5</SimpleData>
		<SimpleData name="TO_FAC">Blind End</SimpleData>
		<SimpleData name="TO_LOC">05-01-054-15W5</SimpleData>
		<SimpleData name="OUT_DIAMET">114.3</SimpleData>
		<SimpleData name="PIP_MATERL">Steel</SimpleData>
		<SimpleData name="SUBSTANCE1">Natural Gas</SimpleData>
		<SimpleData name="GEOM_SRCE">Mapping</SimpleData>
		<SimpleData name="SHAPE_LEN">685.8999364624378</SimpleData>
	</SchemaData></ExtendedData>
      <MultiGeometry><LineString><coordinates>-116.095325772734,53.6307747100894 -116.0934746827,53.6307959510505 -116.086936277837,53.6340470482573</coordinates></LineString></MultiGeometry>
  </Placemark>
  <Placemark>
	<Style><LineStyle><color>ff0000ff</color></LineStyle><PolyStyle><fill>0</fill></PolyStyle></Style>
	<ExtendedData><SchemaData schemaUrl="#TOU_Edson_Sept2026">
		<SimpleData name="OBJECTID">51958732</SimpleData>
		<SimpleData name="LIC_LI_NO">47831-30</SimpleData>
		<SimpleData name="COMP_NAME">Tourmaline Oil Corp.</SimpleData>
		<SimpleData name="SEG_LENGTH">0.26</SimpleData>
		<SimpleData name="SEG_STATUS">Abandoned</SimpleData>
		<SimpleData name="FROM_FAC">Blind End</SimpleData>
		<SimpleData name="FROM_LOC">03-04-053-15W5</SimpleData>
		<SimpleData name="TO_FAC">Blind End</SimpleData>
		<SimpleData name="TO_LOC">03-04-053-15W5</SimpleData>
		<SimpleData name="OUT_DIAMET">114.3</SimpleData>
		<SimpleData name="PIP_MATERL">Steel</SimpleData>
		<SimpleData name="SUBSTANCE1">Natural Gas</SimpleData>
		<SimpleData name="GEOM_SRCE">Mapping</SimpleData>
		<SimpleData name="SHAPE_LEN">250.9132702712629</SimpleData>
	</SchemaData></ExtendedData>
      <MultiGeometry><LineString><coordinates>-116.152143938672,53.543702307229 -116.152898034827,53.5427901416541 -116.15414407089,53.5417976055951</coordinates></LineString></MultiGeometry>
  </Placemark>
  <Placemark>
	<Style><LineStyle><color>ff0000ff</color></LineStyle><PolyStyle><fill>0</fill></PolyStyle></Style>
	<ExtendedData><SchemaData schemaUrl="#TOU_Edson_Sept2026">
		<SimpleData name="OBJECTID">51958733</SimpleData>
		<SimpleData name="LIC_LI_NO">47831-31</SimpleData>
		<SimpleData name="COMP_NAME">Tourmaline Oil Corp.</SimpleData>
		<SimpleData name="SEG_LENGTH">0.63</SimpleData>
		<SimpleData name="SEG_STATUS">Abandoned</SimpleData>
		<SimpleData name="FROM_FAC">Blind End</SimpleData>
		<SimpleData name="FROM_LOC">03-04-053-15W5</SimpleData>
		<SimpleData name="TO_FAC">Blind End</SimpleData>
		<SimpleData name="TO_LOC">06-04-053-15W5</SimpleData>
		<SimpleData name="OUT_DIAMET">114.3</SimpleData>
		<SimpleData name="PIP_MATERL">Steel</SimpleData>
		<SimpleData name="SUBSTANCE1">Natural Gas</SimpleData>
		<SimpleData name="GEOM_SRCE">Mapping</SimpleData>
		<SimpleData name="SHAPE_LEN">578.3056433628382</SimpleData>
	</SchemaData></ExtendedData>
      <MultiGeometry><LineString><coordinates>-116.152143938672,53.543702307229 -116.153296422385,53.5439948927348 -116.153637249492,53.5442518970926 -116.154581239616,53.5481783299155 -116.154585585666,53.5483379888397</coordinates></LineString></MultiGeometry>
  </Placemark>
  <Placemark>
	<Style><LineStyle><color>ff0000ff</color></LineStyle><PolyStyle><fill>0</fill></PolyStyle></Style>
	<ExtendedData><SchemaData schemaUrl="#TOU_Edson_Sept2026">
		<SimpleData name="OBJECTID">52654825</SimpleData>
		<SimpleData name="LIC_LI_NO">49495-143</SimpleData>
		<SimpleData name="COMP_NAME">Tourmaline Oil Corp.</SimpleData>
		<SimpleData name="SEG_LENGTH">2.32</SimpleData>
		<SimpleData name="SEG_STATUS">Operating</SimpleData>
		<SimpleData name="FROM_FAC">Battery</SimpleData>
		<SimpleData name="FROM_LOC">15-31-051-18W5</SimpleData>
		<SimpleData name="TO_FAC">Pipeline</SimpleData>
		<SimpleData name="TO_LOC">16-32-051-18W5</SimpleData>
		<SimpleData name="OUT_DIAMET">219.1</SimpleData>
		<SimpleData name="PIP_MATERL">Steel</SimpleData>
		<SimpleData name="SUBSTANCE1">Natural Gas</SimpleData>
		<SimpleData name="GEOM_SRCE">ROW centre-line</SimpleData>
		<SimpleData name="SHAPE_LEN">2315.6664762766936</SimpleData>
	</SchemaData></ExtendedData>
      <MultiGeometry><LineString><coordinates>-116.641169856884,53.4517333670874 -116.640003814001,53.4520690826898 -116.635864180441,53.4544141060353 -116.631387087557,53.4515874473318 -116.629512627851,53.4512560712022 -116.619395598102,53.4512633754436 -116.617225181239,53.4513771216959 -116.613196155443,53.4513796798316 -116.611429132448,53.4517097663098 -116.611523774455,53.4518901917229 -116.611477390844,53.452231725701 -116.611500237696,53.4524335924152</coordinates></LineString></MultiGeometry>
  </Placemark>
  <Placemark>
	<Style><LineStyle><color>ff0000ff</color></LineStyle><PolyStyle><fill>0</fill></PolyStyle></Style>
	<ExtendedData><SchemaData schemaUrl="#TOU_Edson_Sept2026">
		<SimpleData name="OBJECTID">53893359</SimpleData>
		<SimpleData name="LIC_LI_NO">42009-2</SimpleData>
		<SimpleData name="COMP_NAME">Tourmaline Oil Corp.</SimpleData>
		<SimpleData name="SEG_LENGTH">0.62</SimpleData>
		<SimpleData name="SEG_STATUS">Operating</SimpleData>
		<SimpleData name="FROM_FAC">Compressor Station</SimpleData>
		<SimpleData name="FROM_LOC">09-24-052-15W5</SimpleData>
		<SimpleData name="TO_FAC">Pipeline</SimpleData>
		<SimpleData name="TO_LOC">02-25-052-15W5</SimpleData>
		<SimpleData name="OUT_DIAMET">114.3</SimpleData>
		<SimpleData name="PIP_MATERL">Steel</SimpleData>
		<SimpleData name="SUBSTANCE1">Natural Gas</SimpleData>
		<SimpleData name="GEOM_SRCE">Mapping</SimpleData>
		<SimpleData name="SHAPE_LEN">759.6801089871847</SimpleData>
	</SchemaData></ExtendedData>
      <MultiGeometry><LineString><coordinates>-116.071194145103,53.5076677610404 -116.071014064329,53.5077529169539 -116.071708978575,53.5082469536807 -116.071917438925,53.5123954567567 -116.074005003271,53.5123961009804 -116.074022108092,53.5130503846699</coordinates></LineString></MultiGeometry>
  </Placemark>
  <Placemark>
	<Style><LineStyle><color>ff0000ff</color></LineStyle><PolyStyle><fill>0</fill></PolyStyle></Style>
	<ExtendedData><SchemaData schemaUrl="#TOU_Edson_Sept2026">
		<SimpleData name="OBJECTID">54325385</SimpleData>
		<SimpleData name="LIC_LI_NO">56338-5</SimpleData>
		<SimpleData name="COMP_NAME">Tourmaline Oil Corp.</SimpleData>
		<SimpleData name="SEG_LENGTH">1.75</SimpleData>
		<SimpleData name="SEG_STATUS">Operating</SimpleData>
		<SimpleData name="FROM_FAC">Battery</SimpleData>
		<SimpleData name="FROM_LOC">11-05-052-15W5</SimpleData>
		<SimpleData name="TO_FAC">Pipeline</SimpleData>
		<SimpleData name="TO_LOC">01-05-052-15W5</SimpleData>
		<SimpleData name="OUT_DIAMET">219.1</SimpleData>
		<SimpleData name="PIP_MATERL">Steel</SimpleData>
		<SimpleData name="SUBSTANCE1">Natural Gas</SimpleData>
		<SimpleData name="GEOM_SRCE">ROW centre-line</SimpleData>
		<SimpleData name="SHAPE_LEN">1749.1991733623008</SimpleData>
	</SchemaData></ExtendedData>
      <MultiGeometry><LineString><coordinates>-116.177673445498,53.4636072122784 -116.177739257872,53.4632509862706 -116.177709713181,53.4631048878894 -116.177444787427,53.4630395937055 -116.173542768141,53.4625814036918 -116.171621912247,53.4625817785934 -116.169249460683,53.4579430249733 -116.169115724894,53.4578026014837 -116.168828386173,53.4577702263201 -116.168024642828,53.4577696689851 -116.168026842802,53.4566466855026 -116.16811260047,53.4566467454097 -116.168390258945,53.4566132150829 -116.168447063912,53.4564447954885 -116.168450623935,53.4543786824924 -116.168394403772,53.4542101679143 -116.168089679956,53.4541762842239 -116.165518842648,53.4541746142168 -116.164875823178,53.4542626794503</coordinates></LineString></MultiGeometry>
  </Placemark>
  <Placemark>
	<Style><LineStyle><color>ff0000ff</color></LineStyle><PolyStyle><fill>0</fill></PolyStyle></Style>
	<ExtendedData><SchemaData schemaUrl="#TOU_Edson_Sept2026">
		<SimpleData name="OBJECTID">54325785</SimpleData>
		<SimpleData name="LIC_LI_NO">55137-21</SimpleData>
		<SimpleData name="COMP_NAME">Tourmaline Oil Corp.</SimpleData>
		<SimpleData name="SEG_LENGTH">2.21</SimpleData>
		<SimpleData name="SEG_STATUS">Operating</SimpleData>
		<SimpleData name="FROM_FAC">Battery</SimpleData>
		<SimpleData name="FROM_LOC">01-29-050-18W5</SimpleData>
		<SimpleData name="TO_FAC">Pipeline</SimpleData>
		<SimpleData name="TO_LOC">16-29-050-18W5</SimpleData>
		<SimpleData name="OUT_DIAMET">219.1</SimpleData>
		<SimpleData name="PIP_MATERL">Steel</SimpleData>
		<SimpleData name="SUBSTANCE1">Natural Gas</SimpleData>
		<SimpleData name="GEOM_SRCE">ROW centre-line</SimpleData>
		<SimpleData name="SHAPE_LEN">2212.0288469238253</SimpleData>
	</SchemaData></ExtendedData>
      <MultiGeometry><LineString><coordinates>-116.590950799465,53.3386019301397 -116.591135680835,53.3389536664709 -116.590712144044,53.3395405852244 -116.590861135023,53.3397240731148 -116.589024054216,53.3402583873929 -116.588824477306,53.3401665497619 -116.58865562188,53.3402156596174 -116.583934037221,53.3415887244243 -116.583717898971,53.3414767653284 -116.581671428057,53.3420718031341 -116.581300683458,53.342426441848 -116.581298862573,53.3483981288251 -116.581355174365,53.3485668136327 -116.581637432214,53.348599428583 -116.585422209677,53.3485844501939 -116.586035387114,53.3485820118884 -116.587598373961,53.349961970763 -116.587913275689,53.3501598511367 -116.588335369787,53.3505325597022 -116.589012760596,53.3511763142017</coordinates></LineString></MultiGeometry>
  </Placemark>
  <Placemark>
	<Style><LineStyle><color>ff0000ff</color></LineStyle><PolyStyle><fill>0</fill></PolyStyle></Style>
	<ExtendedData><SchemaData schemaUrl="#TOU_Edson_Sept2026">
		<SimpleData name="OBJECTID">54609801</SimpleData>
		<SimpleData name="LIC_LI_NO">56338-6</SimpleData>
		<SimpleData name="COMP_NAME">Tourmaline Oil Corp.</SimpleData>
		<SimpleData name="SEG_LENGTH">2.85</SimpleData>
		<SimpleData name="SEG_STATUS">Operating</SimpleData>
		<SimpleData name="FROM_FAC">Pipeline</SimpleData>
		<SimpleData name="FROM_LOC">04-17-052-15W5</SimpleData>
		<SimpleData name="TO_FAC">Pipeline</SimpleData>
		<SimpleData name="TO_LOC">11-05-052-15W5</SimpleData>
		<SimpleData name="OUT_DIAMET">219.1</SimpleData>
		<SimpleData name="PIP_MATERL">Steel</SimpleData>
		<SimpleData name="SUBSTANCE1">Natural Gas</SimpleData>
		<SimpleData name="GEOM_SRCE">ROW centre-line</SimpleData>
		<SimpleData name="SHAPE_LEN">2846.792868656516</SimpleData>
	</SchemaData></ExtendedData>
      <MultiGeometry><LineString><coordinates>-116.185136398248,53.4862645045765 -116.186292248846,53.4859924464382 -116.185273954573,53.4844534581113 -116.184000939407,53.483988820697 -116.183992364089,53.4826108451556 -116.182771322751,53.4805403159079 -116.182333173065,53.479672993756 -116.181282209759,53.4785102870586 -116.179985064947,53.4780400609078 -116.177833694165,53.4755188046726 -116.179466993946,53.4693716839817 -116.179149134964,53.4644124575197 -116.17908296506,53.4642530800528 -116.178777896292,53.4641994711826 -116.177578701981,53.4641206420673 -116.177673558685,53.4636072203004</coordinates></LineString></MultiGeometry>
  </Placemark>
  <Placemark>
	<Style><LineStyle><color>ff0000ff</color></LineStyle><PolyStyle><fill>0</fill></PolyStyle></Style>
	<ExtendedData><SchemaData schemaUrl="#TOU_Edson_Sept2026">
		<SimpleData name="OBJECTID">54610201</SimpleData>
		<SimpleData name="LIC_LI_NO">56338-7</SimpleData>
		<SimpleData name="COMP_NAME">Tourmaline Oil Corp.</SimpleData>
		<SimpleData name="SEG_LENGTH">1.22</SimpleData>
		<SimpleData name="SEG_STATUS">Operating</SimpleData>
		<SimpleData name="FROM_FAC">Battery</SimpleData>
		<SimpleData name="FROM_LOC">14-17-052-15W5</SimpleData>
		<SimpleData name="TO_FAC">Pipeline</SimpleData>
		<SimpleData name="TO_LOC">04-17-052-15W5</SimpleData>
		<SimpleData name="OUT_DIAMET">219.1</SimpleData>
		<SimpleData name="PIP_MATERL">Steel</SimpleData>
		<SimpleData name="SUBSTANCE1">Natural Gas</SimpleData>
		<SimpleData name="GEOM_SRCE">ROW centre-line</SimpleData>
		<SimpleData name="SHAPE_LEN">1218.9283209009918</SimpleData>
	</SchemaData></ExtendedData>
      <MultiGeometry><LineString><coordinates>-116.179761643156,53.4941747086523 -116.179670385103,53.4932781480015 -116.177903832825,53.4933420777839 -116.177694477753,53.4932914032959 -116.177582612348,53.4931515232029 -116.17744564981,53.4918069529131 -116.17768230109,53.491337299554 -116.183684042521,53.4865740176754 -116.184084877987,53.4865107955351 -116.185136356926,53.4862644409696</coordinates></LineString></MultiGeometry>
  </Placemark>
  <Placemark>
	<Style><LineStyle><color>ff0000ff</color></LineStyle><PolyStyle><fill>0</fill></PolyStyle></Style>
	<ExtendedData><SchemaData schemaUrl="#TOU_Edson_Sept2026">
		<SimpleData name="OBJECTID">54610601</SimpleData>
		<SimpleData name="LIC_LI_NO">57727-3</SimpleData>
		<SimpleData name="COMP_NAME">Tourmaline Oil Corp.</SimpleData>
		<SimpleData name="SEG_LENGTH">1.63</SimpleData>
		<SimpleData name="SEG_STATUS">Operating</SimpleData>
		<SimpleData name="FROM_FAC">Pipeline</SimpleData>
		<SimpleData name="FROM_LOC">16-36-051-16W5</SimpleData>
		<SimpleData name="TO_FAC">Pipeline</SimpleData>
		<SimpleData name="TO_LOC">04-01-052-16W5</SimpleData>
		<SimpleData name="OUT_DIAMET">219.1</SimpleData>
		<SimpleData name="PIP_MATERL">Steel</SimpleData>
		<SimpleData name="SUBSTANCE1">Natural Gas</SimpleData>
		<SimpleData name="GEOM_SRCE">ROW centre-line</SimpleData>
		<SimpleData name="SHAPE_LEN">1607.7992069902302</SimpleData>
	</SchemaData></ExtendedData>
      <MultiGeometry><LineString><coordinates>-116.213297506224,53.4527486904205 -116.213718604988,53.4528070783984 -116.236437293171,53.4570166266919</coordinates></LineString></MultiGeometry>
  </Placemark>
  <Placemark>
	<Style><LineStyle><color>ff0000ff</color></LineStyle><PolyStyle><fill>0</fill></PolyStyle></Style>
	<ExtendedData><SchemaData schemaUrl="#TOU_Edson_Sept2026">
		<SimpleData name="OBJECTID">54678204</SimpleData>
		<SimpleData name="LIC_LI_NO">61813-14</SimpleData>
		<SimpleData name="COMP_NAME">Tourmaline Oil Corp.</SimpleData>
		<SimpleData name="SEG_LENGTH">0.92</SimpleData>
		<SimpleData name="SEG_STATUS">Operating</SimpleData>
		<SimpleData name="FROM_FAC">Pipeline</SimpleData>
		<SimpleData name="FROM_LOC">13-33-051-15W5</SimpleData>
		<SimpleData name="TO_FAC">Pipeline</SimpleData>
		<SimpleData name="TO_LOC">15-33-051-15W5</SimpleData>
		<SimpleData name="OUT_DIAMET">168.3</SimpleData>
		<SimpleData name="PIP_MATERL">Steel</SimpleData>
		<SimpleData name="SUBSTANCE1">Sour Natural Gas</SimpleData>
		<SimpleData name="GEOM_SRCE">ROW centre-line</SimpleData>
		<SimpleData name="SHAPE_LEN">918.5516707515471</SimpleData>
	</SchemaData></ExtendedData>
      <MultiGeometry><LineString><coordinates>-116.160403000885,53.4525340006397 -116.159687102893,53.4525362152766 -116.146731699578,53.4512969998665</coordinates></LineString></MultiGeometry>
  </Placemark>
  <Placemark>
	<Style><LineStyle><color>ff0000ff</color></LineStyle><PolyStyle><fill>0</fill></PolyStyle></Style>
	<ExtendedData><SchemaData schemaUrl="#TOU_Edson_Sept2026">
		<SimpleData name="OBJECTID">54748604</SimpleData>
		<SimpleData name="LIC_LI_NO">36104-1</SimpleData>
		<SimpleData name="COMP_NAME">Tourmaline Oil Corp.</SimpleData>
		<SimpleData name="SEG_LENGTH">2.65</SimpleData>
		<SimpleData name="SEG_STATUS">Operating</SimpleData>
		<SimpleData name="FROM_FAC">Well</SimpleData>
		<SimpleData name="FROM_LOC">10-24-053-15W5</SimpleData>
		<SimpleData name="TO_FAC">Pipeline</SimpleData>
		<SimpleData name="TO_LOC">14-25-053-15W5</SimpleData>
		<SimpleData name="OUT_DIAMET">114.3</SimpleData>
		<SimpleData name="PIP_MATERL">Steel</SimpleData>
		<SimpleData name="SUBSTANCE1">Natural Gas</SimpleData>
		<SimpleData name="GEOM_SRCE">Mapping</SimpleData>
		<SimpleData name="SHAPE_LEN">2244.7554883141916</SimpleData>
	</SchemaData></ExtendedData>
      <MultiGeometry><LineString><coordinates>-116.074378671886,53.59331618554 -116.075238517717,53.6018435080643 -116.077689178406,53.6073014491652 -116.077870601262,53.6132924563566</coordinates></LineString></MultiGeometry>
  </Placemark>
  <Placemark>
	<Style><LineStyle><color>ff0000ff</color></LineStyle><PolyStyle><fill>0</fill></PolyStyle></Style>
	<ExtendedData><SchemaData schemaUrl="#TOU_Edson_Sept2026">
		<SimpleData name="OBJECTID">54749004</SimpleData>
		<SimpleData name="LIC_LI_NO">36104-3</SimpleData>
		<SimpleData name="COMP_NAME">Tourmaline Oil Corp.</SimpleData>
		<SimpleData name="SEG_LENGTH">1.8</SimpleData>
		<SimpleData name="SEG_STATUS">Operating</SimpleData>
		<SimpleData name="FROM_FAC">Pipeline</SimpleData>
		<SimpleData name="FROM_LOC">10-13-053-15W5</SimpleData>
		<SimpleData name="TO_FAC">Pipeline</SimpleData>
		<SimpleData name="TO_LOC">10-24-053-15W5</SimpleData>
		<SimpleData name="OUT_DIAMET">88.9</SimpleData>
		<SimpleData name="PIP_MATERL">Steel</SimpleData>
		<SimpleData name="SUBSTANCE1">Natural Gas</SimpleData>
		<SimpleData name="GEOM_SRCE">Mapping</SimpleData>
		<SimpleData name="SHAPE_LEN">1731.9809593965338</SimpleData>
	</SchemaData></ExtendedData>
      <MultiGeometry><LineString><coordinates>-116.074314578888,53.5933697277265 -116.07591500572,53.5914950480806 -116.075789430226,53.5811062997015 -116.07538245208,53.5805156367515 -116.074336441187,53.5796624636975 -116.075492817299,53.5784581231901</coordinates></LineString></MultiGeometry>
  </Placemark>
  <Placemark>
	<Style><LineStyle><color>ff0000ff</color></LineStyle><PolyStyle><fill>0</fill></PolyStyle></Style>
	<ExtendedData><SchemaData schemaUrl="#TOU_Edson_Sept2026">
		<SimpleData name="OBJECTID">54823809</SimpleData>
		<SimpleData name="LIC_LI_NO">61813-12</SimpleData>
		<SimpleData name="COMP_NAME">Tourmaline Oil Corp.</SimpleData>
		<SimpleData name="SEG_LENGTH">2.5</SimpleData>
		<SimpleData name="SEG_STATUS">Discontinued</SimpleData>
		<SimpleData name="FROM_FAC">Blind End</SimpleData>
		<SimpleData name="FROM_LOC">16-09-051-15W5</SimpleData>
		<SimpleData name="TO_FAC">Blind End</SimpleData>
		<SimpleData name="TO_LOC">04-22-051-15W5</SimpleData>
		<SimpleData name="OUT_DIAMET">114.3</SimpleData>
		<SimpleData name="PIP_MATERL">Steel</SimpleData>
		<SimpleData name="SUBSTANCE1">Sour Natural Gas</SimpleData>
		<SimpleData name="GEOM_SRCE">Mapping</SimpleData>
		<SimpleData name="SHAPE_LEN">2647.5901633175795</SimpleData>
	</SchemaData></ExtendedData>
      <MultiGeometry><LineString><coordinates>-116.144880958091,53.3934915205445 -116.144691702823,53.4008977645561 -116.147441328228,53.40342608567 -116.147378841417,53.4036204841178 -116.146739747585,53.4056185583652 -116.140609611747,53.4089020460928 -116.1338120555,53.4125417360973 -116.133867520181,53.4133198159923</coordinates></LineString></MultiGeometry>
  </Placemark>
  <Placemark>
	<Style><LineStyle><color>ff0000ff</color></LineStyle><PolyStyle><fill>0</fill></PolyStyle></Style>
	<ExtendedData><SchemaData schemaUrl="#TOU_Edson_Sept2026">
		<SimpleData name="OBJECTID">54823810</SimpleData>
		<SimpleData name="LIC_LI_NO">61813-11</SimpleData>
		<SimpleData name="COMP_NAME">Tourmaline Oil Corp.</SimpleData>
		<SimpleData name="SEG_LENGTH">2.35</SimpleData>
		<SimpleData name="SEG_STATUS">Discontinued</SimpleData>
		<SimpleData name="FROM_FAC">Blind End</SimpleData>
		<SimpleData name="FROM_LOC">04-22-051-15W5</SimpleData>
		<SimpleData name="TO_FAC">Blind End</SimpleData>
		<SimpleData name="TO_LOC">07-27-051-15W5</SimpleData>
		<SimpleData name="OUT_DIAMET">114.3</SimpleData>
		<SimpleData name="PIP_MATERL">Steel</SimpleData>
		<SimpleData name="SUBSTANCE1">Sour Natural Gas</SimpleData>
		<SimpleData name="GEOM_SRCE">Mapping</SimpleData>
		<SimpleData name="SHAPE_LEN">2273.7475367050606</SimpleData>
	</SchemaData></ExtendedData>
      <MultiGeometry><LineString><coordinates>-116.124210081107,53.4315208214941 -116.124551489425,53.4236957798864 -116.129013881378,53.4225807361709 -116.133894655591,53.4137061635697 -116.133867520181,53.4133198159923</coordinates></LineString></MultiGeometry>
  </Placemark>
  <Placemark>
	<Style><LineStyle><color>ff0000ff</color></LineStyle><PolyStyle><fill>0</fill></PolyStyle></Style>
	<ExtendedData><SchemaData schemaUrl="#TOU_Edson_Sept2026">
		<SimpleData name="OBJECTID">54837409</SimpleData>
		<SimpleData name="LIC_LI_NO">61813-17</SimpleData>
		<SimpleData name="COMP_NAME">Tourmaline Oil Corp.</SimpleData>
		<SimpleData name="SEG_LENGTH">0.71</SimpleData>
		<SimpleData name="SEG_STATUS">Discontinued</SimpleData>
		<SimpleData name="FROM_FAC">Blind End</SimpleData>
		<SimpleData name="FROM_LOC">10-05-052-15W5</SimpleData>
		<SimpleData name="TO_FAC">Blind End</SimpleData>
		<SimpleData name="TO_LOC">01-05-052-15W5</SimpleData>
		<SimpleData name="OUT_DIAMET">114.3</SimpleData>
		<SimpleData name="PIP_MATERL">Steel</SimpleData>
		<SimpleData name="SUBSTANCE1">Sour Natural Gas</SimpleData>
		<SimpleData name="GEOM_SRCE">Mapping</SimpleData>
		<SimpleData name="SHAPE_LEN">910.4181277358122</SimpleData>
	</SchemaData></ExtendedData>
      <MultiGeometry><LineString><coordinates>-116.173509678697,53.463464838927 -116.171331603696,53.4625152514011 -116.169025198069,53.4560844634625</coordinates></LineString></MultiGeometry>
  </Placemark>
  <Placemark>
	<Style><LineStyle><color>ff0000ff</color></LineStyle><PolyStyle><fill>0</fill></PolyStyle></Style>
	<ExtendedData><SchemaData schemaUrl="#TOU_Edson_Sept2026">
		<SimpleData name="OBJECTID">54837410</SimpleData>
		<SimpleData name="LIC_LI_NO">61813-16</SimpleData>
		<SimpleData name="COMP_NAME">Tourmaline Oil Corp.</SimpleData>
		<SimpleData name="SEG_LENGTH">0.73</SimpleData>
		<SimpleData name="SEG_STATUS">Discontinued</SimpleData>
		<SimpleData name="FROM_FAC">Blind End</SimpleData>
		<SimpleData name="FROM_LOC">01-05-052-15W5</SimpleData>
		<SimpleData name="TO_FAC">Blind End</SimpleData>
		<SimpleData name="TO_LOC">16-32-051-15W5</SimpleData>
		<SimpleData name="OUT_DIAMET">168.3</SimpleData>
		<SimpleData name="PIP_MATERL">Steel</SimpleData>
		<SimpleData name="SUBSTANCE1">Sour Natural Gas</SimpleData>
		<SimpleData name="GEOM_SRCE">Mapping</SimpleData>
		<SimpleData name="SHAPE_LEN">528.7245995623284</SimpleData>
	</SchemaData></ExtendedData>
      <MultiGeometry><LineString><coordinates>-116.169025198069,53.4560844634625 -116.168592677226,53.4556692672429 -116.168482746791,53.4539206873314 -116.168321096753,53.4514071388567</coordinates></LineString></MultiGeometry>
  </Placemark>
  <Placemark>
	<Style><LineStyle><color>ff0000ff</color></LineStyle><PolyStyle><fill>0</fill></PolyStyle></Style>
	<ExtendedData><SchemaData schemaUrl="#TOU_Edson_Sept2026">
		<SimpleData name="OBJECTID">54838609</SimpleData>
		<SimpleData name="LIC_LI_NO">61813-5</SimpleData>
		<SimpleData name="COMP_NAME">Tourmaline Oil Corp.</SimpleData>
		<SimpleData name="SEG_LENGTH">0.76</SimpleData>
		<SimpleData name="SEG_STATUS">Abandoned</SimpleData>
		<SimpleData name="FROM_FAC">Blind End</SimpleData>
		<SimpleData name="FROM_LOC">04-26-051-15W5</SimpleData>
		<SimpleData name="TO_FAC">Blind End</SimpleData>
		<SimpleData name="TO_LOC">12-26-051-15W5</SimpleData>
		<SimpleData name="OUT_DIAMET">114.3</SimpleData>
		<SimpleData name="PIP_MATERL">Steel</SimpleData>
		<SimpleData name="SUBSTANCE1">Sour Natural Gas</SimpleData>
		<SimpleData name="GEOM_SRCE">Mapping</SimpleData>
		<SimpleData name="SHAPE_LEN">751.9490432904171</SimpleData>
	</SchemaData></ExtendedData>
      <MultiGeometry><LineString><coordinates>-116.113308592147,53.432680044275 -116.113309020643,53.4312790421113 -116.111359581255,53.4269492358811 -116.110086169034,53.4273853618551</coordinates></LineString></MultiGeometry>
  </Placemark>
  <Placemark>
	<Style><LineStyle><color>ff0000ff</color></LineStyle><PolyStyle><fill>0</fill></PolyStyle></Style>
	<ExtendedData><SchemaData schemaUrl="#TOU_Edson_Sept2026">
		<SimpleData name="OBJECTID">55285829</SimpleData>
		<SimpleData name="LIC_LI_NO">31063-25</SimpleData>
		<SimpleData name="COMP_NAME">Tourmaline Oil Corp.</SimpleData>
		<SimpleData name="SEG_LENGTH">1.01</SimpleData>
		<SimpleData name="SEG_STATUS">Operating</SimpleData>
		<SimpleData name="FROM_FAC">Well</SimpleData>
		<SimpleData name="FROM_LOC">08-14-051-16W5</SimpleData>
		<SimpleData name="TO_FAC">Pipeline</SimpleData>
		<SimpleData name="TO_LOC">16-14-051-16W5</SimpleData>
		<SimpleData name="OUT_DIAMET">168.3</SimpleData>
		<SimpleData name="PIP_MATERL">Steel</SimpleData>
		<SimpleData name="SUBSTANCE1">Natural Gas</SimpleData>
		<SimpleData name="GEOM_SRCE">Mapping</SimpleData>
		<SimpleData name="SHAPE_LEN">1005.0691238571236</SimpleData>
	</SchemaData></ExtendedData>
      <MultiGeometry><LineString><coordinates>-116.238222712764,53.4000511688284 -116.23752249756,53.4007332572017 -116.237522813767,53.4081152756798 -116.238446049215,53.4087684871416</coordinates></LineString></MultiGeometry>
  </Placemark>
  <Placemark>
	<Style><LineStyle><color>ff0000ff</color></LineStyle><PolyStyle><fill>0</fill></PolyStyle></Style>
	<ExtendedData><SchemaData schemaUrl="#TOU_Edson_Sept2026">
		<SimpleData name="OBJECTID">55575439</SimpleData>
		<SimpleData name="LIC_LI_NO">34897-10</SimpleData>
		<SimpleData name="COMP_NAME">Tourmaline Oil Corp.</SimpleData>
		<SimpleData name="SEG_LENGTH">1.68</SimpleData>
		<SimpleData name="SEG_STATUS">Operating</SimpleData>
		<SimpleData name="FROM_FAC">Well</SimpleData>
		<SimpleData name="FROM_LOC">03-27-052-15W5</SimpleData>
		<SimpleData name="TO_FAC">Pipeline</SimpleData>
		<SimpleData name="TO_LOC">03-26-052-15W5</SimpleData>
		<SimpleData name="OUT_DIAMET">168.3</SimpleData>
		<SimpleData name="PIP_MATERL">Steel</SimpleData>
		<SimpleData name="SUBSTANCE1">Natural Gas</SimpleData>
		<SimpleData name="GEOM_SRCE">Mapping</SimpleData>
		<SimpleData name="SHAPE_LEN">1683.1882035954745</SimpleData>
	</SchemaData></ExtendedData>
      <MultiGeometry><LineString><coordinates>-116.132283375313,53.5128258136245 -116.10689268425,53.5127409392657</coordinates></LineString></MultiGeometry>
  </Placemark>
  <Placemark>
	<Style><LineStyle><color>ff0000ff</color></LineStyle><PolyStyle><fill>0</fill></PolyStyle></Style>
	<ExtendedData><SchemaData schemaUrl="#TOU_Edson_Sept2026">
		<SimpleData name="OBJECTID">55808676</SimpleData>
		<SimpleData name="LIC_LI_NO">56338-8</SimpleData>
		<SimpleData name="COMP_NAME">Tourmaline Oil Corp.</SimpleData>
		<SimpleData name="SEG_LENGTH">1.86</SimpleData>
		<SimpleData name="SEG_STATUS">Operating</SimpleData>
		<SimpleData name="FROM_FAC">Pipeline</SimpleData>
		<SimpleData name="FROM_LOC">16-31-051-15W5</SimpleData>
		<SimpleData name="TO_FAC">Pipeline</SimpleData>
		<SimpleData name="TO_LOC">01-05-052-15W5</SimpleData>
		<SimpleData name="OUT_DIAMET">168.3</SimpleData>
		<SimpleData name="PIP_MATERL">Steel</SimpleData>
		<SimpleData name="SUBSTANCE1">Natural Gas</SimpleData>
		<SimpleData name="GEOM_SRCE">ROW centre-line</SimpleData>
		<SimpleData name="SHAPE_LEN">1854.6239249259231</SimpleData>
	</SchemaData></ExtendedData>
      <MultiGeometry><LineString><coordinates>-116.190914321731,53.4525997052278 -116.190813510994,53.4526131230158 -116.190812719578,53.4532237415577 -116.1892494291,53.4541873703515 -116.169120818341,53.4541768202094 -116.169120494948,53.4543117642621 -116.165544301802,53.4543094566428 -116.164926338141,53.4543940901298</coordinates></LineString></MultiGeometry>
  </Placemark>
  <Placemark>
	<Style><LineStyle><color>ff0000ff</color></LineStyle><PolyStyle><fill>0</fill></PolyStyle></Style>
	<ExtendedData><SchemaData schemaUrl="#TOU_Edson_Sept2026">
		<SimpleData name="OBJECTID">55809076</SimpleData>
		<SimpleData name="LIC_LI_NO">56338-9</SimpleData>
		<SimpleData name="COMP_NAME">Tourmaline Oil Corp.</SimpleData>
		<SimpleData name="SEG_LENGTH">0.48</SimpleData>
		<SimpleData name="SEG_STATUS">Operating</SimpleData>
		<SimpleData name="FROM_FAC">Pipeline</SimpleData>
		<SimpleData name="FROM_LOC">16-36-051-16W5</SimpleData>
		<SimpleData name="TO_FAC">Pipeline</SimpleData>
		<SimpleData name="TO_LOC">13-31-051-15W5</SimpleData>
		<SimpleData name="OUT_DIAMET">168.3</SimpleData>
		<SimpleData name="PIP_MATERL">Steel</SimpleData>
		<SimpleData name="SUBSTANCE1">Natural Gas</SimpleData>
		<SimpleData name="GEOM_SRCE">ROW centre-line</SimpleData>
		<SimpleData name="SHAPE_LEN">484.37734190227997</SimpleData>
	</SchemaData></ExtendedData>
      <MultiGeometry><LineString><coordinates>-116.213297506224,53.4527486904205 -116.213297599648,53.4528412456256 -116.21273322319,53.4528414478302 -116.212430816129,53.4527999199243 -116.212197271223,53.4527596084168 -116.206514292479,53.4527568460196 -116.206514488312,53.4526221580746 -116.206401725489,53.452608618859</coordinates></LineString></MultiGeometry>
  </Placemark>
  <Placemark>
	<Style><LineStyle><color>ff0000ff</color></LineStyle><PolyStyle><fill>0</fill></PolyStyle></Style>
	<ExtendedData><SchemaData schemaUrl="#TOU_Edson_Sept2026">
		<SimpleData name="OBJECTID">56237496</SimpleData>
		<SimpleData name="LIC_LI_NO">56338-10</SimpleData>
		<SimpleData name="COMP_NAME">Tourmaline Oil Corp.</SimpleData>
		<SimpleData name="SEG_LENGTH">0.35</SimpleData>
		<SimpleData name="SEG_STATUS">Operating</SimpleData>
		<SimpleData name="FROM_FAC">Battery</SimpleData>
		<SimpleData name="FROM_LOC">13-33-051-15W5</SimpleData>
		<SimpleData name="TO_FAC">Pipeline</SimpleData>
		<SimpleData name="TO_LOC">01-05-052-15W5</SimpleData>
		<SimpleData name="OUT_DIAMET">219.1</SimpleData>
		<SimpleData name="PIP_MATERL">Steel</SimpleData>
		<SimpleData name="SUBSTANCE1">Natural Gas</SimpleData>
		<SimpleData name="GEOM_SRCE">ROW centre-line</SimpleData>
		<SimpleData name="SHAPE_LEN">351.9629174369221</SimpleData>
	</SchemaData></ExtendedData>
      <MultiGeometry><LineString><coordinates>-116.161014221791,53.4531156833383 -116.162170308646,53.4537435447973 -116.164234478167,53.4537458893568 -116.164232903421,53.4543310693059 -116.164595325129,53.4543314453503 -116.16488665147,53.4542363659195</coordinates></LineString></MultiGeometry>
  </Placemark>
  <Placemark>
	<Style><LineStyle><color>ff0000ff</color></LineStyle><PolyStyle><fill>0</fill></PolyStyle></Style>
	<ExtendedData><SchemaData schemaUrl="#TOU_Edson_Sept2026">
		<SimpleData name="OBJECTID">56280715</SimpleData>
		<SimpleData name="LIC_LI_NO">35053-12</SimpleData>
		<SimpleData name="COMP_NAME">Tourmaline Oil Corp.</SimpleData>
		<SimpleData name="SEG_LENGTH">1.21</SimpleData>
		<SimpleData name="SEG_STATUS">Operating</SimpleData>
		<SimpleData name="FROM_FAC">Well</SimpleData>
		<SimpleData name="FROM_LOC">12-17-054-14W5</SimpleData>
		<SimpleData name="TO_FAC">Pipeline</SimpleData>
		<SimpleData name="TO_LOC">10-18-054-14W5</SimpleData>
		<SimpleData name="OUT_DIAMET">114.3</SimpleData>
		<SimpleData name="PIP_MATERL">Steel</SimpleData>
		<SimpleData name="SUBSTANCE1">Natural Gas</SimpleData>
		<SimpleData name="GEOM_SRCE">Mapping</SimpleData>
		<SimpleData name="SHAPE_LEN">1137.5376017491383</SimpleData>
	</SchemaData></ExtendedData>
      <MultiGeometry><LineString><coordinates>-116.036455830433,53.6654854719711 -116.037337863753,53.6654813411747 -116.037982809211,53.6666611378654 -116.050858940693,53.6662322165445 -116.051572414133,53.6669165665647</coordinates></LineString></MultiGeometry>
  </Placemark>
  <Placemark>
	<Style><LineStyle><color>ff0000ff</color></LineStyle><PolyStyle><fill>0</fill></PolyStyle></Style>
	<ExtendedData><SchemaData schemaUrl="#TOU_Edson_Sept2026">
		<SimpleData name="OBJECTID">56280716</SimpleData>
		<SimpleData name="LIC_LI_NO">35053-8</SimpleData>
		<SimpleData name="COMP_NAME">Tourmaline Oil Corp.</SimpleData>
		<SimpleData name="SEG_LENGTH">3.26</SimpleData>
		<SimpleData name="SEG_STATUS">Operating</SimpleData>
		<SimpleData name="FROM_FAC">Well</SimpleData>
		<SimpleData name="FROM_LOC">06-18-054-14W5</SimpleData>
		<SimpleData name="TO_FAC">Pipeline</SimpleData>
		<SimpleData name="TO_LOC">05-12-054-15W5</SimpleData>
		<SimpleData name="OUT_DIAMET">114.3</SimpleData>
		<SimpleData name="PIP_MATERL">Steel</SimpleData>
		<SimpleData name="SUBSTANCE1">Natural Gas</SimpleData>
		<SimpleData name="GEOM_SRCE">Mapping</SimpleData>
		<SimpleData name="SHAPE_LEN">3235.356030233015</SimpleData>
	</SchemaData></ExtendedData>
      <MultiGeometry><LineString><coordinates>-116.058636252589,53.661869262222 -116.064420737367,53.6649068669867 -116.065689292398,53.6649081401474 -116.078779188782,53.6649045090846 -116.080072999946,53.6618787216564 -116.083478831192,53.6603160614804 -116.083867386688,53.6589815587189 -116.083963073435,53.6585914411888 -116.084164546689,53.650041752324</coordinates></LineString></MultiGeometry>
  </Placemark>
  <Placemark>
	<Style><LineStyle><color>ff0000ff</color></LineStyle><PolyStyle><fill>0</fill></PolyStyle></Style>
	<ExtendedData><SchemaData schemaUrl="#TOU_Edson_Sept2026">
		<SimpleData name="OBJECTID">56280717</SimpleData>
		<SimpleData name="LIC_LI_NO">35053-14</SimpleData>
		<SimpleData name="COMP_NAME">Tourmaline Oil Corp.</SimpleData>
		<SimpleData name="SEG_LENGTH">2.3</SimpleData>
		<SimpleData name="SEG_STATUS">Operating</SimpleData>
		<SimpleData name="FROM_FAC">Well</SimpleData>
		<SimpleData name="FROM_LOC">03-29-054-14W5</SimpleData>
		<SimpleData name="TO_FAC">Pipeline</SimpleData>
		<SimpleData name="TO_LOC">04-20-054-14W5</SimpleData>
		<SimpleData name="OUT_DIAMET">114.3</SimpleData>
		<SimpleData name="PIP_MATERL">Steel</SimpleData>
		<SimpleData name="SUBSTANCE1">Natural Gas</SimpleData>
		<SimpleData name="GEOM_SRCE">Mapping</SimpleData>
		<SimpleData name="SHAPE_LEN">2155.6774433553446</SimpleData>
	</SchemaData></ExtendedData>
      <MultiGeometry><LineString><coordinates>-116.036705999562,53.6737599999015 -116.036756412117,53.6742357825626 -116.039712092184,53.679274315269 -116.039520342295,53.6811284732325 -116.038615924755,53.6815893759135 -116.037970800532,53.68264992342 -116.033807519721,53.6838706602317 -116.029254717723,53.6867928426431 -116.028948875505,53.6871911367964 -116.029538180213,53.6886257588741 -116.031115080168,53.6894182744435</coordinates></LineString></MultiGeometry>
  </Placemark>
  <Placemark>
	<Style><LineStyle><color>ff0000ff</color></LineStyle><PolyStyle><fill>0</fill></PolyStyle></Style>
	<ExtendedData><SchemaData schemaUrl="#TOU_Edson_Sept2026">
		<SimpleData name="OBJECTID">56280719</SimpleData>
		<SimpleData name="LIC_LI_NO">35053-11</SimpleData>
		<SimpleData name="COMP_NAME">Tourmaline Oil Corp.</SimpleData>
		<SimpleData name="SEG_LENGTH">1.09</SimpleData>
		<SimpleData name="SEG_STATUS">Operating</SimpleData>
		<SimpleData name="FROM_FAC">Well</SimpleData>
		<SimpleData name="FROM_LOC">09-17-054-14W5</SimpleData>
		<SimpleData name="TO_FAC">Pipeline</SimpleData>
		<SimpleData name="TO_LOC">12-17-054-14W5</SimpleData>
		<SimpleData name="OUT_DIAMET">114.3</SimpleData>
		<SimpleData name="PIP_MATERL">Steel</SimpleData>
		<SimpleData name="SUBSTANCE1">Natural Gas</SimpleData>
		<SimpleData name="GEOM_SRCE">Mapping</SimpleData>
		<SimpleData name="SHAPE_LEN">1223.876694243721</SimpleData>
	</SchemaData></ExtendedData>
      <MultiGeometry><LineString><coordinates>-116.037982811008,53.6666612278133 -116.035852114053,53.6666510823359 -116.020199384351,53.6666413120825 -116.020307943058,53.6670797577608</coordinates></LineString></MultiGeometry>
  </Placemark>
  <Placemark>
	<Style><LineStyle><color>ff0000ff</color></LineStyle><PolyStyle><fill>0</fill></PolyStyle></Style>
	<ExtendedData><SchemaData schemaUrl="#TOU_Edson_Sept2026">
		<SimpleData name="OBJECTID">56658751</SimpleData>
		<SimpleData name="LIC_LI_NO">35053-13</SimpleData>
		<SimpleData name="COMP_NAME">Tourmaline Oil Corp.</SimpleData>
		<SimpleData name="SEG_LENGTH">1.03</SimpleData>
		<SimpleData name="SEG_STATUS">Operating</SimpleData>
		<SimpleData name="FROM_FAC">Well</SimpleData>
		<SimpleData name="FROM_LOC">04-20-054-14W5</SimpleData>
		<SimpleData name="TO_FAC">Pipeline</SimpleData>
		<SimpleData name="TO_LOC">02-19-054-14W5</SimpleData>
		<SimpleData name="OUT_DIAMET">114.3</SimpleData>
		<SimpleData name="PIP_MATERL">Steel</SimpleData>
		<SimpleData name="SUBSTANCE1">Natural Gas</SimpleData>
		<SimpleData name="GEOM_SRCE">mapping</SimpleData>
		<SimpleData name="SHAPE_LEN">1033.129056800698</SimpleData>
	</SchemaData></ExtendedData>
      <MultiGeometry><LineString><coordinates>-116.036746081491,53.6737928061571 -116.037708184347,53.6738244688072 -116.041271525297,53.6717241144584 -116.050518394759,53.6719352099498 -116.050767829066,53.6721251949345</coordinates></LineString></MultiGeometry>
  </Placemark>
  <Placemark>
	<Style><LineStyle><color>ff0000ff</color></LineStyle><PolyStyle><fill>0</fill></PolyStyle></Style>
	<ExtendedData><SchemaData schemaUrl="#TOU_Edson_Sept2026">
		<SimpleData name="OBJECTID">56659949</SimpleData>
		<SimpleData name="LIC_LI_NO">35053-18</SimpleData>
		<SimpleData name="COMP_NAME">Tourmaline Oil Corp.</SimpleData>
		<SimpleData name="SEG_LENGTH">1.55</SimpleData>
		<SimpleData name="SEG_STATUS">Operating</SimpleData>
		<SimpleData name="FROM_FAC">Well</SimpleData>
		<SimpleData name="FROM_LOC">02-19-054-14W5</SimpleData>
		<SimpleData name="TO_FAC">Pipeline</SimpleData>
		<SimpleData name="TO_LOC">12-18-054-14W5</SimpleData>
		<SimpleData name="OUT_DIAMET">114.3</SimpleData>
		<SimpleData name="PIP_MATERL">Steel</SimpleData>
		<SimpleData name="SUBSTANCE1">Natural Gas</SimpleData>
		<SimpleData name="GEOM_SRCE">mapping</SimpleData>
		<SimpleData name="SHAPE_LEN">1663.9077371713943</SimpleData>
	</SchemaData></ExtendedData>
      <MultiGeometry><LineString><coordinates>-116.051008353881,53.67211463994 -116.050625295176,53.6717874433766 -116.050251144165,53.6673700304162 -116.053128541445,53.6664041545448 -116.053084000279,53.6649632165519 -116.064424332425,53.6648998773765</coordinates></LineString></MultiGeometry>
  </Placemark>
  <Placemark>
	<Style><LineStyle><color>ff0000ff</color></LineStyle><PolyStyle><fill>0</fill></PolyStyle></Style>
	<ExtendedData><SchemaData schemaUrl="#TOU_Edson_Sept2026">
		<SimpleData name="OBJECTID">56663949</SimpleData>
		<SimpleData name="LIC_LI_NO">35053-17</SimpleData>
		<SimpleData name="COMP_NAME">Tourmaline Oil Corp.</SimpleData>
		<SimpleData name="SEG_LENGTH">0.31</SimpleData>
		<SimpleData name="SEG_STATUS">Operating</SimpleData>
		<SimpleData name="FROM_FAC">Well</SimpleData>
		<SimpleData name="FROM_LOC">03-19-054-14W5</SimpleData>
		<SimpleData name="TO_FAC">Pipeline</SimpleData>
		<SimpleData name="TO_LOC">02-19-054-14W5</SimpleData>
		<SimpleData name="OUT_DIAMET">114.3</SimpleData>
		<SimpleData name="PIP_MATERL">Steel</SimpleData>
		<SimpleData name="SUBSTANCE1">Natural Gas</SimpleData>
		<SimpleData name="GEOM_SRCE">mapping</SimpleData>
		<SimpleData name="SHAPE_LEN">347.2252746403848</SimpleData>
	</SchemaData></ExtendedData>
      <MultiGeometry><LineString><coordinates>-116.05075001188,53.6721251949345 -116.052210982451,53.6733917410245 -116.054883487489,53.6733917404924</coordinates></LineString></MultiGeometry>
  </Placemark>
  <Placemark>
	<Style><LineStyle><color>ff0000ff</color></LineStyle><PolyStyle><fill>0</fill></PolyStyle></Style>
	<ExtendedData><SchemaData schemaUrl="#TOU_Edson_Sept2026">
		<SimpleData name="OBJECTID">56891964</SimpleData>
		<SimpleData name="LIC_LI_NO">56338-4</SimpleData>
		<SimpleData name="COMP_NAME">Tourmaline Oil Corp.</SimpleData>
		<SimpleData name="SEG_LENGTH">1.03</SimpleData>
		<SimpleData name="SEG_STATUS">Operating</SimpleData>
		<SimpleData name="FROM_FAC">Pipeline</SimpleData>
		<SimpleData name="FROM_LOC">13-31-051-15W5</SimpleData>
		<SimpleData name="TO_FAC">Pipeline</SimpleData>
		<SimpleData name="TO_LOC">16-31-051-15W5</SimpleData>
		<SimpleData name="OUT_DIAMET">168.3</SimpleData>
		<SimpleData name="PIP_MATERL">Steel</SimpleData>
		<SimpleData name="SUBSTANCE1">Natural Gas</SimpleData>
		<SimpleData name="GEOM_SRCE">ROW centre-line</SimpleData>
		<SimpleData name="SHAPE_LEN">1028.1326252488946</SimpleData>
	</SchemaData></ExtendedData>
      <MultiGeometry><LineString><coordinates>-116.206401725489,53.452608618859 -116.190914321731,53.4525997052278</coordinates></LineString></MultiGeometry>
  </Placemark>
  <Placemark>
	<Style><LineStyle><color>ff0000ff</color></LineStyle><PolyStyle><fill>0</fill></PolyStyle></Style>
	<ExtendedData><SchemaData schemaUrl="#TOU_Edson_Sept2026">
		<SimpleData name="OBJECTID">56912364</SimpleData>
		<SimpleData name="LIC_LI_NO">55018-41</SimpleData>
		<SimpleData name="COMP_NAME">Tourmaline Oil Corp.</SimpleData>
		<SimpleData name="SEG_LENGTH">0.98</SimpleData>
		<SimpleData name="SEG_STATUS">Operating</SimpleData>
		<SimpleData name="FROM_FAC">Well</SimpleData>
		<SimpleData name="FROM_LOC">02-17-050-17W5</SimpleData>
		<SimpleData name="TO_FAC">Pipeline</SimpleData>
		<SimpleData name="TO_LOC">04-17-050-17W5</SimpleData>
		<SimpleData name="OUT_DIAMET">168.3</SimpleData>
		<SimpleData name="PIP_MATERL">Steel</SimpleData>
		<SimpleData name="SUBSTANCE1">Natural Gas</SimpleData>
		<SimpleData name="GEOM_SRCE">Mapping</SimpleData>
		<SimpleData name="SHAPE_LEN">972.8712048452071</SimpleData>
	</SchemaData></ExtendedData>
      <MultiGeometry><LineString><coordinates>-116.446024010948,53.3095014283324 -116.447152728831,53.3094835469569 -116.447654870905,53.3092712155841 -116.460516367933,53.3092589204964</coordinates></LineString></MultiGeometry>
  </Placemark>
  <Placemark>
	<Style><LineStyle><color>ff0000ff</color></LineStyle><PolyStyle><fill>0</fill></PolyStyle></Style>
	<ExtendedData><SchemaData schemaUrl="#TOU_Edson_Sept2026">
		<SimpleData name="OBJECTID">57270378</SimpleData>
		<SimpleData name="LIC_LI_NO">58444-5</SimpleData>
		<SimpleData name="COMP_NAME">Tourmaline Oil Corp.</SimpleData>
		<SimpleData name="SEG_LENGTH">1.9</SimpleData>
		<SimpleData name="SEG_STATUS">Operating</SimpleData>
		<SimpleData name="FROM_FAC">Well</SimpleData>
		<SimpleData name="FROM_LOC">03-13-052-15W5</SimpleData>
		<SimpleData name="TO_FAC">Pipeline</SimpleData>
		<SimpleData name="TO_LOC">04-14-052-15W5</SimpleData>
		<SimpleData name="OUT_DIAMET">168.3</SimpleData>
		<SimpleData name="PIP_MATERL">Steel</SimpleData>
		<SimpleData name="SUBSTANCE1">Natural Gas</SimpleData>
		<SimpleData name="GEOM_SRCE">mapping</SimpleData>
		<SimpleData name="SHAPE_LEN">2440.5732931055963</SimpleData>
	</SchemaData></ExtendedData>
      <MultiGeometry><LineString><coordinates>-116.083575374932,53.4859513673427 -116.083572708732,53.4857610553645 -116.084055135481,53.4853629836277 -116.084183071747,53.4848459595006 -116.095574735426,53.4845335227242 -116.095913233201,53.4853772564546 -116.097363178748,53.4858911022871 -116.098309374237,53.4869251176937 -116.098775808279,53.4870551610474 -116.104866109224,53.4862764819085 -116.10807517888,53.4862875837077 -116.108363035928,53.4844732048735 -116.11359776343,53.4842701990386</coordinates></LineString></MultiGeometry>
  </Placemark>
  <Placemark>
	<Style><LineStyle><color>ff0000ff</color></LineStyle><PolyStyle><fill>0</fill></PolyStyle></Style>
	<ExtendedData><SchemaData schemaUrl="#TOU_Edson_Sept2026">
		<SimpleData name="OBJECTID">57776395</SimpleData>
		<SimpleData name="LIC_LI_NO">50289-9</SimpleData>
		<SimpleData name="COMP_NAME">Tourmaline Oil Corp.</SimpleData>
		<SimpleData name="SEG_LENGTH">0.5</SimpleData>
		<SimpleData name="SEG_STATUS">Operating</SimpleData>
		<SimpleData name="FROM_FAC">Well</SimpleData>
		<SimpleData name="FROM_LOC">16-22-052-17W5</SimpleData>
		<SimpleData name="TO_FAC">Pipeline</SimpleData>
		<SimpleData name="TO_LOC">01-27-052-17W5</SimpleData>
		<SimpleData name="OUT_DIAMET">168.3</SimpleData>
		<SimpleData name="PIP_MATERL">Steel</SimpleData>
		<SimpleData name="SUBSTANCE1">Natural Gas</SimpleData>
		<SimpleData name="GEOM_SRCE">Mapping</SimpleData>
		<SimpleData name="SHAPE_LEN">533.9918153104429</SimpleData>
	</SchemaData></ExtendedData>
      <MultiGeometry><LineString><coordinates>-116.411176449462,53.5101172042068 -116.410896776965,53.5107721422218 -116.410527065428,53.514312841561 -116.41107893105,53.5147879959362</coordinates></LineString></MultiGeometry>
  </Placemark>
  <Placemark>
	<Style><LineStyle><color>ff0000ff</color></LineStyle><PolyStyle><fill>0</fill></PolyStyle></Style>
	<ExtendedData><SchemaData schemaUrl="#TOU_Edson_Sept2026">
		<SimpleData name="OBJECTID">57875199</SimpleData>
		<SimpleData name="LIC_LI_NO">58444-4</SimpleData>
		<SimpleData name="COMP_NAME">Tourmaline Oil Corp.</SimpleData>
		<SimpleData name="SEG_LENGTH">0.41</SimpleData>
		<SimpleData name="SEG_STATUS">Operating</SimpleData>
		<SimpleData name="FROM_FAC">Well</SimpleData>
		<SimpleData name="FROM_LOC">02-36-051-16W5</SimpleData>
		<SimpleData name="TO_FAC">Pipeline</SimpleData>
		<SimpleData name="TO_LOC">15-25-051-16W5</SimpleData>
		<SimpleData name="OUT_DIAMET">114.3</SimpleData>
		<SimpleData name="PIP_MATERL">Steel</SimpleData>
		<SimpleData name="SUBSTANCE1">Natural Gas</SimpleData>
		<SimpleData name="GEOM_SRCE">Mapping</SimpleData>
		<SimpleData name="SHAPE_LEN">430.7859795626264</SimpleData>
	</SchemaData></ExtendedData>
      <MultiGeometry><LineString><coordinates>-116.221441009159,53.4426814015562 -116.220876143118,53.4420182054304 -116.220224298598,53.4416831915919 -116.220187749743,53.4390673580203</coordinates></LineString></MultiGeometry>
  </Placemark>
  <Placemark>
	<Style><LineStyle><color>ff0000ff</color></LineStyle><PolyStyle><fill>0</fill></PolyStyle></Style>
	<ExtendedData><SchemaData schemaUrl="#TOU_Edson_Sept2026">
		<SimpleData name="OBJECTID">58053225</SimpleData>
		<SimpleData name="LIC_LI_NO">57727-2</SimpleData>
		<SimpleData name="COMP_NAME">Tourmaline Oil Corp.</SimpleData>
		<SimpleData name="SEG_LENGTH">1.63</SimpleData>
		<SimpleData name="SEG_STATUS">Operating</SimpleData>
		<SimpleData name="FROM_FAC">Pipeline</SimpleData>
		<SimpleData name="FROM_LOC">04-01-052-16W5</SimpleData>
		<SimpleData name="TO_FAC">Pipeline</SimpleData>
		<SimpleData name="TO_LOC">16-36-051-16W5</SimpleData>
		<SimpleData name="OUT_DIAMET">168.3</SimpleData>
		<SimpleData name="PIP_MATERL">Steel</SimpleData>
		<SimpleData name="SUBSTANCE1">Natural Gas</SimpleData>
		<SimpleData name="GEOM_SRCE">Mapping</SimpleData>
		<SimpleData name="SHAPE_LEN">1615.4090517224572</SimpleData>
	</SchemaData></ExtendedData>
      <MultiGeometry><LineString><coordinates>-116.213071295164,53.452596678027 -116.236278594097,53.456967282915</coordinates></LineString></MultiGeometry>
  </Placemark>
  <Placemark>
	<Style><LineStyle><color>ff0000ff</color></LineStyle><PolyStyle><fill>0</fill></PolyStyle></Style>
	<ExtendedData><SchemaData schemaUrl="#TOU_Edson_Sept2026">
		<SimpleData name="OBJECTID">58054425</SimpleData>
		<SimpleData name="LIC_LI_NO">54867-8</SimpleData>
		<SimpleData name="COMP_NAME">Tourmaline Oil Corp.</SimpleData>
		<SimpleData name="SEG_LENGTH">2.35</SimpleData>
		<SimpleData name="SEG_STATUS">Operating</SimpleData>
		<SimpleData name="FROM_FAC">Pipeline</SimpleData>
		<SimpleData name="FROM_LOC">04-01-052-16W5</SimpleData>
		<SimpleData name="TO_FAC">Pipeline</SimpleData>
		<SimpleData name="TO_LOC">02-35-051-16W5</SimpleData>
		<SimpleData name="OUT_DIAMET">219.1</SimpleData>
		<SimpleData name="PIP_MATERL">Steel</SimpleData>
		<SimpleData name="SUBSTANCE1">Natural Gas</SimpleData>
		<SimpleData name="GEOM_SRCE">Mapping</SimpleData>
		<SimpleData name="SHAPE_LEN">2305.227953969452</SimpleData>
	</SchemaData></ExtendedData>
      <MultiGeometry><LineString><coordinates>-116.24562200191,53.4397041358718 -116.243403188311,53.4397651300474 -116.243443873011,53.4404059057952 -116.242961751689,53.4422372513679 -116.237240907159,53.4444893604661 -116.236756840087,53.4444805162909 -116.236767089864,53.455875623568 -116.236201142252,53.4569549084504</coordinates></LineString></MultiGeometry>
  </Placemark>
  <Placemark>
	<Style><LineStyle><color>ff0000ff</color></LineStyle><PolyStyle><fill>0</fill></PolyStyle></Style>
	<ExtendedData><SchemaData schemaUrl="#TOU_Edson_Sept2026">
		<SimpleData name="OBJECTID">58054426</SimpleData>
		<SimpleData name="LIC_LI_NO">54867-7</SimpleData>
		<SimpleData name="COMP_NAME">Tourmaline Oil Corp.</SimpleData>
		<SimpleData name="SEG_LENGTH">2.35</SimpleData>
		<SimpleData name="SEG_STATUS">Operating</SimpleData>
		<SimpleData name="FROM_FAC">Pipeline</SimpleData>
		<SimpleData name="FROM_LOC">04-01-052-16W5</SimpleData>
		<SimpleData name="TO_FAC">Pipeline</SimpleData>
		<SimpleData name="TO_LOC">02-35-051-16W5</SimpleData>
		<SimpleData name="OUT_DIAMET">219.1</SimpleData>
		<SimpleData name="PIP_MATERL">Steel</SimpleData>
		<SimpleData name="SUBSTANCE1">Natural Gas</SimpleData>
		<SimpleData name="GEOM_SRCE">Mapping</SimpleData>
		<SimpleData name="SHAPE_LEN">2287.004858115816</SimpleData>
	</SchemaData></ExtendedData>
      <MultiGeometry><LineString><coordinates>-116.245761417748,53.4398201572741 -116.243609923896,53.4398786807458 -116.243643847874,53.4404129598754 -116.24314504933,53.4423076879501 -116.237297938502,53.4446095078423 -116.236956354115,53.4446032661089 -116.236966563468,53.4558937864369 -116.236391499752,53.4569904673085</coordinates></LineString></MultiGeometry>
  </Placemark>
  <Placemark>
	<Style><LineStyle><color>ff0000ff</color></LineStyle><PolyStyle><fill>0</fill></PolyStyle></Style>
	<ExtendedData><SchemaData schemaUrl="#TOU_Edson_Sept2026">
		<SimpleData name="OBJECTID">58054825</SimpleData>
		<SimpleData name="LIC_LI_NO">54867-2</SimpleData>
		<SimpleData name="COMP_NAME">Tourmaline Oil Corp.</SimpleData>
		<SimpleData name="SEG_LENGTH">2.81</SimpleData>
		<SimpleData name="SEG_STATUS">Operating</SimpleData>
		<SimpleData name="FROM_FAC">Well</SimpleData>
		<SimpleData name="FROM_LOC">15-28-051-16W5</SimpleData>
		<SimpleData name="TO_FAC">Pipeline</SimpleData>
		<SimpleData name="TO_LOC">04-32-051-16W5</SimpleData>
		<SimpleData name="OUT_DIAMET">168.3</SimpleData>
		<SimpleData name="PIP_MATERL">Steel</SimpleData>
		<SimpleData name="SUBSTANCE1">Natural Gas</SimpleData>
		<SimpleData name="GEOM_SRCE">Mapping</SimpleData>
		<SimpleData name="SHAPE_LEN">2779.2732036735606</SimpleData>
	</SchemaData></ExtendedData>
      <MultiGeometry><LineString><coordinates>-116.334562132964,53.4399290648046 -116.331800396472,53.4379614329948 -116.319794701059,53.4380631779103 -116.310409285329,53.4381330167293 -116.298757120997,53.4382483879743 -116.297566341206,53.4382557201381 -116.294533468907,53.4382958993244 -116.294258366139,53.4383279720109</coordinates></LineString></MultiGeometry>
  </Placemark>
  <Placemark>
	<Style><LineStyle><color>ff0000ff</color></LineStyle><PolyStyle><fill>0</fill></PolyStyle></Style>
	<ExtendedData><SchemaData schemaUrl="#TOU_Edson_Sept2026">
		<SimpleData name="OBJECTID">58740491</SimpleData>
		<SimpleData name="LIC_LI_NO">62825-2</SimpleData>
		<SimpleData name="COMP_NAME">Tourmaline Oil Corp.</SimpleData>
		<SimpleData name="SEG_LENGTH">1.05</SimpleData>
		<SimpleData name="SEG_STATUS">Operating</SimpleData>
		<SimpleData name="FROM_FAC">Pipeline</SimpleData>
		<SimpleData name="FROM_LOC">13-25-052-15W5</SimpleData>
		<SimpleData name="TO_FAC">Pipeline</SimpleData>
		<SimpleData name="TO_LOC">02-36-052-15W5</SimpleData>
		<SimpleData name="OUT_DIAMET">168.3</SimpleData>
		<SimpleData name="PIP_MATERL">Steel</SimpleData>
		<SimpleData name="SUBSTANCE1">Natural Gas</SimpleData>
		<SimpleData name="GEOM_SRCE">Mapping</SimpleData>
		<SimpleData name="SHAPE_LEN">1043.2244622878995</SimpleData>
	</SchemaData></ExtendedData>
      <MultiGeometry><LineString><coordinates>-116.089401307977,53.5258786859844 -116.089404632642,53.5259153683338 -116.089206514596,53.5260725511898 -116.089015819329,53.5262268583645 -116.088848484751,53.5263614879248 -116.088743423186,53.5264434754044 -116.0886874815,53.5264455307898 -116.088464839446,53.5263379788337 -116.08805361676,53.5261550011461 -116.087813688426,53.5260467141884 -116.087637418306,53.5259836240557 -116.087540277186,53.5259621637556 -116.087468617678,53.5259720077157 -116.08703772548,53.5262647253747 -116.086553133792,53.526591736846 -116.086341516762,53.5267249458706 -116.086059794309,53.5269288826959 -116.085963889271,53.5269826408699 -116.085605271928,53.52698445593 -116.0848926456,53.5269772960809 -116.084055112125,53.5269678993111 -116.08301631111,53.526968637831 -116.081720607195,53.5269585682211 -116.080371524488,53.5269468239888 -116.078834081235,53.5269365082002 -116.07787512967,53.5269279118858 -116.076664252769,53.5269184777251 -116.075777882383,53.5269113509728 -116.075400419284,53.5269110391173 -116.075197829424,53.5269127639346</coordinates></LineString></MultiGeometry>
  </Placemark>
  <Placemark>
	<Style><LineStyle><color>ff0000ff</color></LineStyle><PolyStyle><fill>0</fill></PolyStyle></Style>
	<ExtendedData><SchemaData schemaUrl="#TOU_Edson_Sept2026">
		<SimpleData name="OBJECTID">58754491</SimpleData>
		<SimpleData name="LIC_LI_NO">62825-1</SimpleData>
		<SimpleData name="COMP_NAME">Tourmaline Oil Corp.</SimpleData>
		<SimpleData name="SEG_LENGTH">5.38</SimpleData>
		<SimpleData name="SEG_STATUS">Operating</SimpleData>
		<SimpleData name="FROM_FAC">Well</SimpleData>
		<SimpleData name="FROM_LOC">02-36-052-15W5</SimpleData>
		<SimpleData name="TO_FAC">Pipeline</SimpleData>
		<SimpleData name="TO_LOC">13-12-053-15W5</SimpleData>
		<SimpleData name="OUT_DIAMET">168.3</SimpleData>
		<SimpleData name="PIP_MATERL">Steel</SimpleData>
		<SimpleData name="SUBSTANCE1">Natural Gas</SimpleData>
		<SimpleData name="GEOM_SRCE">Mapping</SimpleData>
		<SimpleData name="SHAPE_LEN">5519.33532630653</SimpleData>
	</SchemaData></ExtendedData>
      <MultiGeometry><LineString><coordinates>-116.075197853679,53.5269127708766 -116.075139402998,53.5269287305062 -116.075092963691,53.5269712490833 -116.075093111913,53.5273247508204 -116.075068165698,53.5278155802702 -116.075071634093,53.5280193425709 -116.074995094038,53.5280241799425 -116.074431827897,53.5280238568815 -116.07381304138,53.5280139231547 -116.073314387464,53.5280046382179 -116.073240944799,53.5280145863644 -116.073205950927,53.5280432859265 -116.073184306919,53.5283330940248 -116.073181249952,53.5287101210178 -116.073172573125,53.529390294276 -116.07316125525,53.5296640197619 -116.073139012964,53.5303138393839 -116.073095320705,53.5303474342973 -116.072974216127,53.5304157111764 -116.072913994867,53.5304582113023 -116.072884755603,53.5305335276464 -116.072875965588,53.5321377295864 -116.072910247095,53.5322457820593 -116.072893965131,53.5326836162443 -116.072888322813,53.5331695793755 -116.072880890152,53.5335097898656 -116.072895864169,53.5336753659623 -116.072886824423,53.5344168676189 -116.072881753433,53.5352372776719 -116.072880323315,53.5361900070135 -116.072878881519,53.5370137888131 -116.072865278331,53.5384488876795 -116.07287301013,53.5395483958067 -116.072866750669,53.5404121862874 -116.072873072114,53.54091337823 -116.072862339043,53.5414045781362 -116.072845862144,53.542756559281 -116.072857868128,53.5438799475836 -116.072855323201,53.5451043851072 -116.072847495281,53.5469446129977 -116.072843979275,53.5479617295773 -116.072837250894,53.5499732585769 -116.072838610045,53.5507906608077 -116.072832460178,53.5518141388126 -116.072831748713,53.5525081335579 -116.072819116603,53.5533420384769 -116.072820146971,53.5543703889294 -116.072835144344,53.5550606580053 -116.072843754696,53.5560884298569 -116.072857290511,53.5580373647613 -116.072869477955,53.5611760113021 -116.073669145644,53.5619343575198 -116.073664857985,53.5629484909282 -116.073323083156,53.5631496757574 -116.077084588863,53.5668061666486 -116.077900891555,53.5673185982452 -116.07853772343,53.5676929152947 -116.082927085046,53.567617928061 -116.085174287204,53.5673306812493 -116.087472587333,53.5672031082601 -116.088319518983,53.5677695156508 -116.088693182208,53.5680195017361</coordinates></LineString></MultiGeometry>
  </Placemark>
  <Placemark>
	<Style><LineStyle><color>ff0000ff</color></LineStyle><PolyStyle><fill>0</fill></PolyStyle></Style>
	<ExtendedData><SchemaData schemaUrl="#TOU_Edson_Sept2026">
		<SimpleData name="OBJECTID">58935704</SimpleData>
		<SimpleData name="LIC_LI_NO">52421-1</SimpleData>
		<SimpleData name="COMP_NAME">Tourmaline Oil Corp.</SimpleData>
		<SimpleData name="SEG_LENGTH">1.13</SimpleData>
		<SimpleData name="SEG_STATUS">Operating</SimpleData>
		<SimpleData name="FROM_FAC">Pipeline</SimpleData>
		<SimpleData name="FROM_LOC">04-17-053-15W5</SimpleData>
		<SimpleData name="TO_FAC">Pipeline</SimpleData>
		<SimpleData name="TO_LOC">07-17-053-15W5</SimpleData>
		<SimpleData name="OUT_DIAMET">114.3</SimpleData>
		<SimpleData name="PIP_MATERL">Steel</SimpleData>
		<SimpleData name="SUBSTANCE1">Natural Gas</SimpleData>
		<SimpleData name="GEOM_SRCE">Mapping</SimpleData>
		<SimpleData name="SHAPE_LEN">1109.9725005483297</SimpleData>
	</SchemaData></ExtendedData>
      <MultiGeometry><LineString><coordinates>-116.18769385515,53.5720747479574 -116.187706323766,53.5736200732639 -116.178911935712,53.5758721555513 -116.177971987108,53.5757748511507 -116.177596411369,53.5760320540126 -116.176360276537,53.5760422378295 -116.175060257116,53.5768133685425</coordinates></LineString></MultiGeometry>
  </Placemark>
  <Placemark>
	<Style><LineStyle><color>ff0000ff</color></LineStyle><PolyStyle><fill>0</fill></PolyStyle></Style>
	<ExtendedData><SchemaData schemaUrl="#TOU_Edson_Sept2026">
		<SimpleData name="OBJECTID">58936104</SimpleData>
		<SimpleData name="LIC_LI_NO">31063-19</SimpleData>
		<SimpleData name="COMP_NAME">Tourmaline Oil Corp.</SimpleData>
		<SimpleData name="SEG_LENGTH">1.72</SimpleData>
		<SimpleData name="SEG_STATUS">Operating</SimpleData>
		<SimpleData name="FROM_FAC">Well</SimpleData>
		<SimpleData name="FROM_LOC">07-07-053-15W5</SimpleData>
		<SimpleData name="TO_FAC">Pipeline</SimpleData>
		<SimpleData name="TO_LOC">04-17-053-15W5</SimpleData>
		<SimpleData name="OUT_DIAMET">168.3</SimpleData>
		<SimpleData name="PIP_MATERL">Steel</SimpleData>
		<SimpleData name="SUBSTANCE1">Natural Gas</SimpleData>
		<SimpleData name="GEOM_SRCE">Mapping</SimpleData>
		<SimpleData name="SHAPE_LEN">1665.5043837812304</SimpleData>
	</SchemaData></ExtendedData>
      <MultiGeometry><LineString><coordinates>-116.197651113237,53.5608870101113 -116.197521973229,53.561887038412 -116.197035059395,53.5622367843054 -116.19718587665,53.5640098143711 -116.191907369752,53.5677184414712 -116.188330734635,53.5675949465527 -116.18763744634,53.5677765608387 -116.18769385515,53.5720747479574</coordinates></LineString></MultiGeometry>
  </Placemark>
  <Placemark>
	<Style><LineStyle><color>ff0000ff</color></LineStyle><PolyStyle><fill>0</fill></PolyStyle></Style>
	<ExtendedData><SchemaData schemaUrl="#TOU_Edson_Sept2026">
		<SimpleData name="OBJECTID">58962105</SimpleData>
		<SimpleData name="LIC_LI_NO">56338-3</SimpleData>
		<SimpleData name="COMP_NAME">Tourmaline Oil Corp.</SimpleData>
		<SimpleData name="SEG_LENGTH">3.25</SimpleData>
		<SimpleData name="SEG_STATUS">Operating</SimpleData>
		<SimpleData name="FROM_FAC">Pipeline</SimpleData>
		<SimpleData name="FROM_LOC">01-05-052-15W5</SimpleData>
		<SimpleData name="TO_FAC">Pipeline</SimpleData>
		<SimpleData name="TO_LOC">13-31-051-15W5</SimpleData>
		<SimpleData name="OUT_DIAMET">219.1</SimpleData>
		<SimpleData name="PIP_MATERL">Steel</SimpleData>
		<SimpleData name="SUBSTANCE1">Natural Gas</SimpleData>
		<SimpleData name="GEOM_SRCE">Mapping</SimpleData>
		<SimpleData name="SHAPE_LEN">3229.146917812773</SimpleData>
	</SchemaData></ExtendedData>
      <MultiGeometry><LineString><coordinates>-116.210608456913,53.4531380166232 -116.211276126154,53.4528509113213 -116.211258061034,53.452618620547 -116.191495301751,53.4526235922362 -116.189129285719,53.4540777676041 -116.165495757742,53.4540485809177 -116.164876669391,53.4541425775636</coordinates></LineString></MultiGeometry>
  </Placemark>
  <Placemark>
	<Style><LineStyle><color>ff0000ff</color></LineStyle><PolyStyle><fill>0</fill></PolyStyle></Style>
	<ExtendedData><SchemaData schemaUrl="#TOU_Edson_Sept2026">
		<SimpleData name="OBJECTID">59214519</SimpleData>
		<SimpleData name="LIC_LI_NO">57880-13</SimpleData>
		<SimpleData name="COMP_NAME">Tourmaline Oil Corp.</SimpleData>
		<SimpleData name="SEG_LENGTH">2.02</SimpleData>
		<SimpleData name="SEG_STATUS">Operating</SimpleData>
		<SimpleData name="FROM_FAC">Pipeline</SimpleData>
		<SimpleData name="FROM_LOC">16-19-050-19W5</SimpleData>
		<SimpleData name="TO_FAC">Pipeline</SimpleData>
		<SimpleData name="TO_LOC">14-29-050-19W5</SimpleData>
		<SimpleData name="OUT_DIAMET">219.1</SimpleData>
		<SimpleData name="PIP_MATERL">Steel</SimpleData>
		<SimpleData name="SUBSTANCE1">Natural Gas</SimpleData>
		<SimpleData name="GEOM_SRCE">as-planned</SimpleData>
		<SimpleData name="SHAPE_LEN">2028.0912836841567</SimpleData>
	</SchemaData></ExtendedData>
      <MultiGeometry><LineString><coordinates>-116.7576854204,53.3362992640534 -116.752696692945,53.3392088219892 -116.752517515876,53.3394795368422 -116.748345330065,53.341889887672 -116.746250139022,53.3426115825951 -116.746050624096,53.3427261066048 -116.746007709778,53.3439137846728 -116.745742973569,53.351415711395</coordinates></LineString></MultiGeometry>
  </Placemark>
  <Placemark>
	<Style><LineStyle><color>ff0000ff</color></LineStyle><PolyStyle><fill>0</fill></PolyStyle></Style>
	<ExtendedData><SchemaData schemaUrl="#TOU_Edson_Sept2026">
		<SimpleData name="OBJECTID">59890193</SimpleData>
		<SimpleData name="LIC_LI_NO">57880-34</SimpleData>
		<SimpleData name="COMP_NAME">Tourmaline Oil Corp.</SimpleData>
		<SimpleData name="SEG_LENGTH">0.18</SimpleData>
		<SimpleData name="SEG_STATUS">Discontinued</SimpleData>
		<SimpleData name="FROM_FAC">Blind End</SimpleData>
		<SimpleData name="FROM_LOC">14-29-050-19W5</SimpleData>
		<SimpleData name="TO_FAC">Blind End</SimpleData>
		<SimpleData name="TO_LOC">03-32-050-19W5</SimpleData>
		<SimpleData name="OUT_DIAMET">219.1</SimpleData>
		<SimpleData name="PIP_MATERL">Steel</SimpleData>
		<SimpleData name="SUBSTANCE1">Natural Gas</SimpleData>
		<SimpleData name="GEOM_SRCE">as-planned</SimpleData>
		<SimpleData name="SHAPE_LEN">181.30813422762174</SimpleData>
	</SchemaData></ExtendedData>
      <MultiGeometry><LineString><coordinates>-116.745742973569,53.351415711395 -116.74580537504,53.3521360011023 -116.745216414387,53.3529737928067</coordinates></LineString></MultiGeometry>
  </Placemark>
  <Placemark>
	<Style><LineStyle><color>ff0000ff</color></LineStyle><PolyStyle><fill>0</fill></PolyStyle></Style>
	<ExtendedData><SchemaData schemaUrl="#TOU_Edson_Sept2026">
		<SimpleData name="OBJECTID">59947794</SimpleData>
		<SimpleData name="LIC_LI_NO">56338-11</SimpleData>
		<SimpleData name="COMP_NAME">Tourmaline Oil Corp.</SimpleData>
		<SimpleData name="SEG_LENGTH">1.29</SimpleData>
		<SimpleData name="SEG_STATUS">Operating</SimpleData>
		<SimpleData name="FROM_FAC">Battery</SimpleData>
		<SimpleData name="FROM_LOC">01-20-052-15W5</SimpleData>
		<SimpleData name="TO_FAC">Pipeline</SimpleData>
		<SimpleData name="TO_LOC">14-17-052-15W5</SimpleData>
		<SimpleData name="OUT_DIAMET">219.1</SimpleData>
		<SimpleData name="PIP_MATERL">Steel</SimpleData>
		<SimpleData name="SUBSTANCE1">Natural Gas</SimpleData>
		<SimpleData name="GEOM_SRCE">ROW centre-line</SimpleData>
		<SimpleData name="SHAPE_LEN">1287.9364234175623</SimpleData>
	</SchemaData></ExtendedData>
      <MultiGeometry><LineString><coordinates>-116.165900720069,53.499634404728 -116.166086594077,53.4986433530453 -116.172228245419,53.4958320679359 -116.179902089361,53.4955544381141 -116.179761643156,53.4941747086523</coordinates></LineString></MultiGeometry>
  </Placemark>
  <Placemark>
	<Style><LineStyle><color>ff0000ff</color></LineStyle><PolyStyle><fill>0</fill></PolyStyle></Style>
	<ExtendedData><SchemaData schemaUrl="#TOU_Edson_Sept2026">
		<SimpleData name="OBJECTID">60091397</SimpleData>
		<SimpleData name="LIC_LI_NO">59781-3</SimpleData>
		<SimpleData name="COMP_NAME">Tourmaline Oil Corp.</SimpleData>
		<SimpleData name="SEG_LENGTH">0.82</SimpleData>
		<SimpleData name="SEG_STATUS">Operating</SimpleData>
		<SimpleData name="FROM_FAC">Well</SimpleData>
		<SimpleData name="FROM_LOC">04-36-051-20W5</SimpleData>
		<SimpleData name="TO_FAC">Pipeline</SimpleData>
		<SimpleData name="TO_LOC">01-35-051-20W5</SimpleData>
		<SimpleData name="OUT_DIAMET">168.3</SimpleData>
		<SimpleData name="PIP_MATERL">Steel</SimpleData>
		<SimpleData name="SUBSTANCE1">Natural Gas</SimpleData>
		<SimpleData name="GEOM_SRCE">Mapping</SimpleData>
		<SimpleData name="SHAPE_LEN">808.875233294853</SimpleData>
	</SchemaData></ExtendedData>
      <MultiGeometry><LineString><coordinates>-116.821217001883,53.4401625187077 -116.821125948646,53.4402395066421 -116.821138081292,53.4402613586947 -116.821172477784,53.4402798819363 -116.821235164021,53.4403025109194 -116.821367382557,53.4403492697768 -116.821464512897,53.4403628086194 -116.821559775639,53.4403671754866 -116.823246431755,53.440375948281 -116.824897396907,53.4403815164227 -116.826258416428,53.4403865960271 -116.827504922309,53.4403887711656 -116.829745520952,53.4404027541198 -116.829970960359,53.4403995687335 -116.830129798671,53.4404207117107 -116.830637523775,53.4406505837216 -116.830808893585,53.4407229342586 -116.830886684095,53.4407417141398 -116.831230002231,53.4406948551183 -116.831715495828,53.4406246464845 -116.831970281398,53.4405934001003 -116.832317708428,53.4403234795055 -116.832495467954,53.4401935262227 -116.832532380628,53.4402106550451</coordinates></LineString></MultiGeometry>
  </Placemark>
  <Placemark>
	<Style><LineStyle><color>ff0000ff</color></LineStyle><PolyStyle><fill>0</fill></PolyStyle></Style>
	<ExtendedData><SchemaData schemaUrl="#TOU_Edson_Sept2026">
		<SimpleData name="OBJECTID">60259801</SimpleData>
		<SimpleData name="LIC_LI_NO">57880-27</SimpleData>
		<SimpleData name="COMP_NAME">Tourmaline Oil Corp.</SimpleData>
		<SimpleData name="SEG_LENGTH">1.59</SimpleData>
		<SimpleData name="SEG_STATUS">Operating</SimpleData>
		<SimpleData name="FROM_FAC">Pipeline</SimpleData>
		<SimpleData name="FROM_LOC">03-05-050-19W5</SimpleData>
		<SimpleData name="TO_FAC">Pipeline</SimpleData>
		<SimpleData name="TO_LOC">04-04-050-19W5</SimpleData>
		<SimpleData name="OUT_DIAMET">219.1</SimpleData>
		<SimpleData name="PIP_MATERL">Steel</SimpleData>
		<SimpleData name="SUBSTANCE1">Natural Gas</SimpleData>
		<SimpleData name="SHAPE_LEN">1713.6963077384019</SimpleData>
	</SchemaData></ExtendedData>
      <MultiGeometry><LineString><coordinates>-116.746370890563,53.28226606832 -116.745489777118,53.281838661097 -116.743143655175,53.2800321218229 -116.742575217433,53.2797584140163 -116.741964153733,53.2802142726058 -116.741697581367,53.2800743539711 -116.740377252834,53.2794103426172 -116.73832431944,53.2805480940972 -116.738017828638,53.280731300764 -116.737805980741,53.2807318545121 -116.732736536963,53.2837723665463 -116.731500109281,53.2844995382199 -116.730718074622,53.283892109763 -116.729776816274,53.283162636623 -116.729441579383,53.2829155650159 -116.728860628109,53.2827416773324 -116.728461884819,53.2824506312591</coordinates></LineString></MultiGeometry>
  </Placemark>
  <Placemark>
	<Style><LineStyle><color>ff0000ff</color></LineStyle><PolyStyle><fill>0</fill></PolyStyle></Style>
	<ExtendedData><SchemaData schemaUrl="#TOU_Edson_Sept2026">
		<SimpleData name="OBJECTID">60463013</SimpleData>
		<SimpleData name="LIC_LI_NO">55137-23</SimpleData>
		<SimpleData name="COMP_NAME">Tourmaline Oil Corp.</SimpleData>
		<SimpleData name="SEG_LENGTH">1.9</SimpleData>
		<SimpleData name="SEG_STATUS">Operating</SimpleData>
		<SimpleData name="FROM_FAC">Battery</SimpleData>
		<SimpleData name="FROM_LOC">03-27-050-18W5</SimpleData>
		<SimpleData name="TO_FAC">Battery</SimpleData>
		<SimpleData name="TO_LOC">13-27-050-18W5</SimpleData>
		<SimpleData name="OUT_DIAMET">219.1</SimpleData>
		<SimpleData name="PIP_MATERL">Steel</SimpleData>
		<SimpleData name="SUBSTANCE1">Natural Gas</SimpleData>
		<SimpleData name="GEOM_SRCE">ROW centre-line</SimpleData>
		<SimpleData name="SHAPE_LEN">1871.118833811738</SimpleData>
	</SchemaData></ExtendedData>
      <MultiGeometry><LineString><coordinates>-116.551000737995,53.3384303379214 -116.5518415081,53.3384299833791 -116.55219421363,53.3383342203818 -116.552296731167,53.3383063852545 -116.552715320937,53.3388586190907 -116.553081122107,53.3393411966582 -116.561534043453,53.3444019334776 -116.561534328219,53.3451716362257 -116.561538367943,53.3513621933878 -116.560252803313,53.3513631349725</coordinates></LineString></MultiGeometry>
  </Placemark>
  <Placemark>
	<Style><LineStyle><color>ff0000ff</color></LineStyle><PolyStyle><fill>0</fill></PolyStyle></Style>
	<ExtendedData><SchemaData schemaUrl="#TOU_Edson_Sept2026">
		<SimpleData name="OBJECTID">60702637</SimpleData>
		<SimpleData name="LIC_LI_NO">55018-42</SimpleData>
		<SimpleData name="COMP_NAME">Tourmaline Oil Corp.</SimpleData>
		<SimpleData name="SEG_LENGTH">0.53</SimpleData>
		<SimpleData name="SEG_STATUS">Operating</SimpleData>
		<SimpleData name="FROM_FAC">Well</SimpleData>
		<SimpleData name="FROM_LOC">16-07-050-17W5</SimpleData>
		<SimpleData name="TO_FAC">Pipeline</SimpleData>
		<SimpleData name="TO_LOC">04-17-050-17W5</SimpleData>
		<SimpleData name="OUT_DIAMET">168.3</SimpleData>
		<SimpleData name="PIP_MATERL">Steel</SimpleData>
		<SimpleData name="SUBSTANCE1">Natural Gas</SimpleData>
		<SimpleData name="GEOM_SRCE">Mapping</SimpleData>
		<SimpleData name="SHAPE_LEN">531.1437898236483</SimpleData>
	</SchemaData></ExtendedData>
      <MultiGeometry><LineString><coordinates>-116.466767174464,53.3080056209557 -116.465360888836,53.3087072894492 -116.460235592305,53.3087056437849 -116.460237821025,53.3093154155019</coordinates></LineString></MultiGeometry>
  </Placemark>
  <Placemark>
	<Style><LineStyle><color>ff0000ff</color></LineStyle><PolyStyle><fill>0</fill></PolyStyle></Style>
	<ExtendedData><SchemaData schemaUrl="#TOU_Edson_Sept2026">
		<SimpleData name="OBJECTID">61023443</SimpleData>
		<SimpleData name="LIC_LI_NO">56338-12</SimpleData>
		<SimpleData name="COMP_NAME">Tourmaline Oil Corp.</SimpleData>
		<SimpleData name="SEG_LENGTH">2.34</SimpleData>
		<SimpleData name="SEG_STATUS">Operating</SimpleData>
		<SimpleData name="FROM_FAC">Battery</SimpleData>
		<SimpleData name="FROM_LOC">02-21-052-15W5</SimpleData>
		<SimpleData name="TO_FAC">Battery</SimpleData>
		<SimpleData name="TO_LOC">01-20-052-15W5</SimpleData>
		<SimpleData name="OUT_DIAMET">219.1</SimpleData>
		<SimpleData name="PIP_MATERL">Steel</SimpleData>
		<SimpleData name="SUBSTANCE1">Natural Gas</SimpleData>
		<SimpleData name="GEOM_SRCE">ROW centre-line</SimpleData>
		<SimpleData name="SHAPE_LEN">2334.742224476541</SimpleData>
	</SchemaData></ExtendedData>
      <MultiGeometry><LineString><coordinates>-116.146298937987,53.4990003309396 -116.143149958437,53.4998078018857 -116.142224175366,53.5002591240476 -116.146359494318,53.5032744698183 -116.150946197836,53.5048101984229 -116.15427030934,53.5032889498023 -116.158398145326,53.5013996021687 -116.159629756242,53.5008351724159 -116.163588599359,53.4990226106986 -116.164365833421,53.4987959668385 -116.164484143341,53.4987416551063 -116.165606475101,53.4996107178302</coordinates></LineString></MultiGeometry>
  </Placemark>
  <Placemark>
	<Style><LineStyle><color>ff0000ff</color></LineStyle><PolyStyle><fill>0</fill></PolyStyle></Style>
	<ExtendedData><SchemaData schemaUrl="#TOU_Edson_Sept2026">
		<SimpleData name="OBJECTID">61023843</SimpleData>
		<SimpleData name="LIC_LI_NO">56338-13</SimpleData>
		<SimpleData name="COMP_NAME">Tourmaline Oil Corp.</SimpleData>
		<SimpleData name="SEG_LENGTH">3.89</SimpleData>
		<SimpleData name="SEG_STATUS">Operating</SimpleData>
		<SimpleData name="FROM_FAC">Battery</SimpleData>
		<SimpleData name="FROM_LOC">13-10-052-15W5</SimpleData>
		<SimpleData name="TO_FAC">Battery</SimpleData>
		<SimpleData name="TO_LOC">01-05-052-15W5</SimpleData>
		<SimpleData name="OUT_DIAMET">219.1</SimpleData>
		<SimpleData name="PIP_MATERL">Steel</SimpleData>
		<SimpleData name="SUBSTANCE1">Natural Gas</SimpleData>
		<SimpleData name="GEOM_SRCE">ROW centre-line</SimpleData>
		<SimpleData name="SHAPE_LEN">3890.515339950601</SimpleData>
	</SchemaData></ExtendedData>
      <MultiGeometry><LineString><coordinates>-116.137351853402,53.4824712890589 -116.139469666719,53.4811693092898 -116.139472310461,53.4804620522582 -116.139368784116,53.4799853022109 -116.139359011344,53.4717723075468 -116.145515252224,53.4672046395492 -116.14556814413,53.4672012123257 -116.148376116011,53.4651173787728 -116.148348915025,53.4649602088501 -116.150986498955,53.4630178507038 -116.153029353251,53.461995523977 -116.156856669536,53.4591702160525 -116.157259217191,53.4583850480099 -116.162855193202,53.4542620958584 -116.164849999308,53.4542644205975</coordinates></LineString></MultiGeometry>
  </Placemark>
  <Placemark>
	<Style><LineStyle><color>ff0000ff</color></LineStyle><PolyStyle><fill>0</fill></PolyStyle></Style>
	<ExtendedData><SchemaData schemaUrl="#TOU_Edson_Sept2026">
		<SimpleData name="OBJECTID">61417848</SimpleData>
		<SimpleData name="LIC_LI_NO">47880-1</SimpleData>
		<SimpleData name="COMP_NAME">Tourmaline Oil Corp.</SimpleData>
		<SimpleData name="SEG_LENGTH">0.55</SimpleData>
		<SimpleData name="SEG_STATUS">Abandoned</SimpleData>
		<SimpleData name="FROM_FAC">Blind End</SimpleData>
		<SimpleData name="FROM_LOC">16-05-050-15W5</SimpleData>
		<SimpleData name="TO_FAC">Blind End</SimpleData>
		<SimpleData name="TO_LOC">14-05-050-15W5</SimpleData>
		<SimpleData name="OUT_DIAMET">114.3</SimpleData>
		<SimpleData name="PIP_MATERL">Steel</SimpleData>
		<SimpleData name="SUBSTANCE1">Natural Gas</SimpleData>
		<SimpleData name="GEOM_SRCE">Mapping</SimpleData>
		<SimpleData name="SHAPE_LEN">541.8028569998392</SimpleData>
	</SchemaData></ExtendedData>
      <MultiGeometry><LineString><coordinates>-116.152153618918,53.2908980689812 -116.156455616677,53.2911809036811 -116.160258470939,53.2911666047935</coordinates></LineString></MultiGeometry>
  </Placemark>
  <Placemark>
	<Style><LineStyle><color>ff0000ff</color></LineStyle><PolyStyle><fill>0</fill></PolyStyle></Style>
	<ExtendedData><SchemaData schemaUrl="#TOU_Edson_Sept2026">
		<SimpleData name="OBJECTID">61973881</SimpleData>
		<SimpleData name="LIC_LI_NO">31063-18</SimpleData>
		<SimpleData name="COMP_NAME">Tourmaline Oil Corp.</SimpleData>
		<SimpleData name="SEG_LENGTH">1.28</SimpleData>
		<SimpleData name="SEG_STATUS">Abandoned</SimpleData>
		<SimpleData name="FROM_FAC">Blind End</SimpleData>
		<SimpleData name="FROM_LOC">13-04-053-16W5</SimpleData>
		<SimpleData name="TO_FAC">Blind End</SimpleData>
		<SimpleData name="TO_LOC">07-04-053-16W5</SimpleData>
		<SimpleData name="OUT_DIAMET">114.3</SimpleData>
		<SimpleData name="PIP_MATERL">Steel</SimpleData>
		<SimpleData name="SUBSTANCE1">Natural Gas</SimpleData>
		<SimpleData name="GEOM_SRCE">Mapping</SimpleData>
		<SimpleData name="SHAPE_LEN">1286.8907430478996</SimpleData>
	</SchemaData></ExtendedData>
      <MultiGeometry><LineString><coordinates>-116.308899897361,53.5548582729558 -116.296762590674,53.5470324360999 -116.296912230237,53.5461189358387</coordinates></LineString></MultiGeometry>
  </Placemark>
  <Placemark>
	<Style><LineStyle><color>ff0000ff</color></LineStyle><PolyStyle><fill>0</fill></PolyStyle></Style>
	<ExtendedData><SchemaData schemaUrl="#TOU_Edson_Sept2026">
		<SimpleData name="OBJECTID">62075891</SimpleData>
		<SimpleData name="LIC_LI_NO">57424-3</SimpleData>
		<SimpleData name="COMP_NAME">Tourmaline Oil Corp.</SimpleData>
		<SimpleData name="SEG_LENGTH">2.7</SimpleData>
		<SimpleData name="SEG_STATUS">Operating</SimpleData>
		<SimpleData name="FROM_FAC">Pipeline</SimpleData>
		<SimpleData name="FROM_LOC">14-11-052-16W5</SimpleData>
		<SimpleData name="TO_FAC">Pipeline</SimpleData>
		<SimpleData name="TO_LOC">08-02-052-16W5</SimpleData>
		<SimpleData name="OUT_DIAMET">168.3</SimpleData>
		<SimpleData name="PIP_MATERL">Steel</SimpleData>
		<SimpleData name="SUBSTANCE1">Natural Gas</SimpleData>
		<SimpleData name="GEOM_SRCE">Mapping</SimpleData>
		<SimpleData name="SHAPE_LEN">2698.6117450472034</SimpleData>
	</SchemaData></ExtendedData>
      <MultiGeometry><LineString><coordinates>-116.249658673268,53.482520813276 -116.248704267177,53.4790371032021 -116.245195215014,53.4664398217677 -116.24393074642,53.4616660544051 -116.242872574134,53.4585986887689</coordinates></LineString></MultiGeometry>
  </Placemark>
  <Placemark>
	<Style><LineStyle><color>ff0000ff</color></LineStyle><PolyStyle><fill>0</fill></PolyStyle></Style>
	<ExtendedData><SchemaData schemaUrl="#TOU_Edson_Sept2026">
		<SimpleData name="OBJECTID">62221499</SimpleData>
		<SimpleData name="LIC_LI_NO">57424-1</SimpleData>
		<SimpleData name="COMP_NAME">Tourmaline Oil Corp.</SimpleData>
		<SimpleData name="SEG_LENGTH">0.8</SimpleData>
		<SimpleData name="SEG_STATUS">Discontinued</SimpleData>
		<SimpleData name="FROM_FAC">Blind End</SimpleData>
		<SimpleData name="FROM_LOC">16-15-052-16W5</SimpleData>
		<SimpleData name="TO_FAC">Blind End</SimpleData>
		<SimpleData name="TO_LOC">14-14-052-16W5</SimpleData>
		<SimpleData name="OUT_DIAMET">114.3</SimpleData>
		<SimpleData name="PIP_MATERL">Steel</SimpleData>
		<SimpleData name="SUBSTANCE1">Natural Gas</SimpleData>
		<SimpleData name="GEOM_SRCE">Mapping</SimpleData>
		<SimpleData name="SHAPE_LEN">817.5612921908931</SimpleData>
	</SchemaData></ExtendedData>
      <MultiGeometry><LineString><coordinates>-116.263139169714,53.4963688025129 -116.261145792827,53.4963500792908 -116.260526423303,53.496794591265 -116.254294349341,53.4967864008403 -116.254299140057,53.4967201639893 -116.254372505466,53.4957056874992 -116.253230401787,53.4953121323003</coordinates></LineString></MultiGeometry>
  </Placemark>
  <Placemark>
	<Style><LineStyle><color>ff0000ff</color></LineStyle><PolyStyle><fill>0</fill></PolyStyle></Style>
	<ExtendedData><SchemaData schemaUrl="#TOU_Edson_Sept2026">
		<SimpleData name="OBJECTID">62221500</SimpleData>
		<SimpleData name="LIC_LI_NO">57424-2</SimpleData>
		<SimpleData name="COMP_NAME">Tourmaline Oil Corp.</SimpleData>
		<SimpleData name="SEG_LENGTH">1.41</SimpleData>
		<SimpleData name="SEG_STATUS">Discontinued</SimpleData>
		<SimpleData name="FROM_FAC">Blind End</SimpleData>
		<SimpleData name="FROM_LOC">14-14-052-16W5</SimpleData>
		<SimpleData name="TO_FAC">Blind End</SimpleData>
		<SimpleData name="TO_LOC">14-11-052-16W5</SimpleData>
		<SimpleData name="OUT_DIAMET">168.3</SimpleData>
		<SimpleData name="PIP_MATERL">Steel</SimpleData>
		<SimpleData name="SUBSTANCE1">Natural Gas</SimpleData>
		<SimpleData name="GEOM_SRCE">Mapping</SimpleData>
		<SimpleData name="SHAPE_LEN">1407.2665986623547</SimpleData>
	</SchemaData></ExtendedData>
      <MultiGeometry><LineString><coordinates>-116.253142167463,53.4950025034066 -116.251478935816,53.4891650197074 -116.249658673268,53.482520813276</coordinates></LineString></MultiGeometry>
  </Placemark>
  <Placemark>
	<Style><LineStyle><color>ff0000ff</color></LineStyle><PolyStyle><fill>0</fill></PolyStyle></Style>
	<ExtendedData><SchemaData schemaUrl="#TOU_Edson_Sept2026">
		<SimpleData name="OBJECTID">62262699</SimpleData>
		<SimpleData name="LIC_LI_NO">44923-8</SimpleData>
		<SimpleData name="COMP_NAME">Tourmaline Oil Corp.</SimpleData>
		<SimpleData name="SEG_LENGTH">0.67</SimpleData>
		<SimpleData name="SEG_STATUS">Removed</SimpleData>
		<SimpleData name="FROM_FAC">Blind End</SimpleData>
		<SimpleData name="FROM_LOC">06-21-052-15W5</SimpleData>
		<SimpleData name="TO_FAC">Blind End</SimpleData>
		<SimpleData name="TO_LOC">01-20-052-15W5</SimpleData>
		<SimpleData name="OUT_DIAMET">60.3</SimpleData>
		<SimpleData name="PIP_MATERL">Steel</SimpleData>
		<SimpleData name="SUBSTANCE1">Sour Natural Gas</SimpleData>
		<SimpleData name="GEOM_SRCE">ROW centre-line</SimpleData>
		<SimpleData name="SHAPE_LEN">682.9269474243756</SimpleData>
	</SchemaData></ExtendedData>
      <MultiGeometry><LineString><coordinates>-116.156279354642,53.5023920480854 -116.158416425144,53.5014138530354 -116.163574489521,53.4990516831082 -116.164285630036,53.498844312985 -116.164530612292,53.4987318363456</coordinates></LineString></MultiGeometry>
  </Placemark>
  <Placemark>
	<Style><LineStyle><color>ff0000ff</color></LineStyle><PolyStyle><fill>0</fill></PolyStyle></Style>
	<ExtendedData><SchemaData schemaUrl="#TOU_Edson_Sept2026">
		<SimpleData name="OBJECTID">62262700</SimpleData>
		<SimpleData name="LIC_LI_NO">44923-9</SimpleData>
		<SimpleData name="COMP_NAME">Tourmaline Oil Corp.</SimpleData>
		<SimpleData name="SEG_LENGTH">0.35</SimpleData>
		<SimpleData name="SEG_STATUS">Abandoned</SimpleData>
		<SimpleData name="FROM_FAC">Blind End</SimpleData>
		<SimpleData name="FROM_LOC">01-20-052-15W5</SimpleData>
		<SimpleData name="TO_FAC">Blind End</SimpleData>
		<SimpleData name="TO_LOC">16-17-052-15W5</SimpleData>
		<SimpleData name="OUT_DIAMET">60.3</SimpleData>
		<SimpleData name="PIP_MATERL">Steel</SimpleData>
		<SimpleData name="SUBSTANCE1">Sour Natural Gas</SimpleData>
		<SimpleData name="GEOM_SRCE">ROW centre-line</SimpleData>
		<SimpleData name="SHAPE_LEN">351.74312461992145</SimpleData>
	</SchemaData></ExtendedData>
      <MultiGeometry><LineString><coordinates>-116.164530612292,53.4987318363456 -116.166978307642,53.4976079897545 -116.167622906351,53.4973120067923 -116.167179939,53.4969688876363 -116.167714967498,53.4967233601144</coordinates></LineString></MultiGeometry>
  </Placemark>
  <Placemark>
	<Style><LineStyle><color>ff0000ff</color></LineStyle><PolyStyle><fill>0</fill></PolyStyle></Style>
	<ExtendedData><SchemaData schemaUrl="#TOU_Edson_Sept2026">
		<SimpleData name="OBJECTID">62262701</SimpleData>
		<SimpleData name="LIC_LI_NO">44923-7</SimpleData>
		<SimpleData name="COMP_NAME">Tourmaline Oil Corp.</SimpleData>
		<SimpleData name="SEG_LENGTH">0.71</SimpleData>
		<SimpleData name="SEG_STATUS">Abandoned</SimpleData>
		<SimpleData name="FROM_FAC">Blind End</SimpleData>
		<SimpleData name="FROM_LOC">10-21-052-15W5</SimpleData>
		<SimpleData name="TO_FAC">Blind End</SimpleData>
		<SimpleData name="TO_LOC">06-21-052-15W5</SimpleData>
		<SimpleData name="OUT_DIAMET">60.3</SimpleData>
		<SimpleData name="PIP_MATERL">Steel</SimpleData>
		<SimpleData name="SUBSTANCE1">Sour Natural Gas</SimpleData>
		<SimpleData name="GEOM_SRCE">ROW centre-line</SimpleData>
		<SimpleData name="SHAPE_LEN">711.4398107030553</SimpleData>
	</SchemaData></ExtendedData>
      <MultiGeometry><LineString><coordinates>-116.149291759797,53.5063275522005 -116.150218612761,53.5063276873679 -116.150220427358,53.5049705941844 -116.150648218571,53.5049691703395 -116.156279354642,53.5023920480854</coordinates></LineString></MultiGeometry>
  </Placemark>
  <Placemark>
	<Style><LineStyle><color>ff0000ff</color></LineStyle><PolyStyle><fill>0</fill></PolyStyle></Style>
	<ExtendedData><SchemaData schemaUrl="#TOU_Edson_Sept2026">
		<SimpleData name="OBJECTID">62271499</SimpleData>
		<SimpleData name="LIC_LI_NO">44923-11</SimpleData>
		<SimpleData name="COMP_NAME">Tourmaline Oil Corp.</SimpleData>
		<SimpleData name="SEG_LENGTH">0.71</SimpleData>
		<SimpleData name="SEG_STATUS">Abandoned</SimpleData>
		<SimpleData name="FROM_FAC">Blind End</SimpleData>
		<SimpleData name="FROM_LOC">06-21-052-15W5</SimpleData>
		<SimpleData name="TO_FAC">Blind End</SimpleData>
		<SimpleData name="TO_LOC">10-21-052-15W5</SimpleData>
		<SimpleData name="OUT_DIAMET">114.3</SimpleData>
		<SimpleData name="PIP_MATERL">Steel</SimpleData>
		<SimpleData name="SUBSTANCE1">Sour Natural Gas</SimpleData>
		<SimpleData name="GEOM_SRCE">ROW centre-line</SimpleData>
		<SimpleData name="SHAPE_LEN">712.8074777548796</SimpleData>
	</SchemaData></ExtendedData>
      <MultiGeometry><LineString><coordinates>-116.156297706325,53.5024063002213 -116.150658525841,53.5049871043705 -116.150250541582,53.5049884619646 -116.150248726985,53.5063456592908 -116.149291752611,53.5063455198493</coordinates></LineString></MultiGeometry>
  </Placemark>
  <Placemark>
	<Style><LineStyle><color>ff0000ff</color></LineStyle><PolyStyle><fill>0</fill></PolyStyle></Style>
	<ExtendedData><SchemaData schemaUrl="#TOU_Edson_Sept2026">
		<SimpleData name="OBJECTID">62271500</SimpleData>
		<SimpleData name="LIC_LI_NO">44923-10</SimpleData>
		<SimpleData name="COMP_NAME">Tourmaline Oil Corp.</SimpleData>
		<SimpleData name="SEG_LENGTH">0.67</SimpleData>
		<SimpleData name="SEG_STATUS">Removed</SimpleData>
		<SimpleData name="FROM_FAC">Blind End</SimpleData>
		<SimpleData name="FROM_LOC">01-20-052-15W5</SimpleData>
		<SimpleData name="TO_FAC">Blind End</SimpleData>
		<SimpleData name="TO_LOC">06-21-052-15W5</SimpleData>
		<SimpleData name="OUT_DIAMET">114.3</SimpleData>
		<SimpleData name="PIP_MATERL">Steel</SimpleData>
		<SimpleData name="SUBSTANCE1">Sour Natural Gas</SimpleData>
		<SimpleData name="GEOM_SRCE">ROW centre-line</SimpleData>
		<SimpleData name="SHAPE_LEN">682.9296691500733</SimpleData>
	</SchemaData></ExtendedData>
      <MultiGeometry><LineString><coordinates>-116.164548998111,53.4987460726127 -116.164301603879,53.4988596553246 -116.163590448092,53.4990670312506 -116.158434782216,53.5014281022942 -116.156297706325,53.5024063002213</coordinates></LineString></MultiGeometry>
  </Placemark>
  <Placemark>
	<Style><LineStyle><color>ff0000ff</color></LineStyle><PolyStyle><fill>0</fill></PolyStyle></Style>
	<ExtendedData><SchemaData schemaUrl="#TOU_Edson_Sept2026">
		<SimpleData name="OBJECTID">62271501</SimpleData>
		<SimpleData name="LIC_LI_NO">44923-5</SimpleData>
		<SimpleData name="COMP_NAME">Tourmaline Oil Corp.</SimpleData>
		<SimpleData name="SEG_LENGTH">0.35</SimpleData>
		<SimpleData name="SEG_STATUS">Abandoned</SimpleData>
		<SimpleData name="FROM_FAC">Blind End</SimpleData>
		<SimpleData name="FROM_LOC">16-17-052-15W5</SimpleData>
		<SimpleData name="TO_FAC">Blind End</SimpleData>
		<SimpleData name="TO_LOC">01-20-052-15W5</SimpleData>
		<SimpleData name="OUT_DIAMET">114.3</SimpleData>
		<SimpleData name="PIP_MATERL">Steel</SimpleData>
		<SimpleData name="SUBSTANCE1">Sour Natural Gas</SimpleData>
		<SimpleData name="GEOM_SRCE">ROW centre-line</SimpleData>
		<SimpleData name="SHAPE_LEN">351.7417739293035</SimpleData>
	</SchemaData></ExtendedData>
      <MultiGeometry><LineString><coordinates>-116.167733344334,53.4967375997278 -116.167222199344,53.496972166571 -116.167665161305,53.4973152819598 -116.166996692563,53.4976222253302 -116.164548998111,53.4987460726127</coordinates></LineString></MultiGeometry>
  </Placemark>
  <Placemark>
	<Style><LineStyle><color>ff0000ff</color></LineStyle><PolyStyle><fill>0</fill></PolyStyle></Style>
	<ExtendedData><SchemaData schemaUrl="#TOU_Edson_Sept2026">
		<SimpleData name="OBJECTID">62392299</SimpleData>
		<SimpleData name="LIC_LI_NO">54867-1</SimpleData>
		<SimpleData name="COMP_NAME">Tourmaline Oil Corp.</SimpleData>
		<SimpleData name="SEG_LENGTH">1.37</SimpleData>
		<SimpleData name="SEG_STATUS">Discontinued</SimpleData>
		<SimpleData name="FROM_FAC">Blind End</SimpleData>
		<SimpleData name="FROM_LOC">05-27-051-16W5</SimpleData>
		<SimpleData name="TO_FAC">Blind End</SimpleData>
		<SimpleData name="TO_LOC">15-28-051-16W5</SimpleData>
		<SimpleData name="OUT_DIAMET">114.3</SimpleData>
		<SimpleData name="PIP_MATERL">Steel</SimpleData>
		<SimpleData name="SUBSTANCE1">Natural Gas</SimpleData>
		<SimpleData name="GEOM_SRCE">Mapping</SimpleData>
		<SimpleData name="SHAPE_LEN">1325.0820081967747</SimpleData>
	</SchemaData></ExtendedData>
      <MultiGeometry><LineString><coordinates>-116.282103495592,53.4300223845792 -116.281726373852,53.4304109519531 -116.28347939301,53.4309512342059 -116.285765317049,53.4316689038832 -116.286314342198,53.4320229570295 -116.286519630597,53.4322677206909 -116.287091655312,53.4329795383942 -116.288271327434,53.4346569959061 -116.288490447193,53.4349192831444 -116.288869659312,53.4352467730677 -116.289750263412,53.4357619120202 -116.293556135115,53.4376727139157 -116.293879929266,53.4378827140975 -116.294123524524,53.4380973858944 -116.294364994367,53.4385114155829</coordinates></LineString></MultiGeometry>
  </Placemark>
  <Placemark>
	<Style><LineStyle><color>ff0000ff</color></LineStyle><PolyStyle><fill>0</fill></PolyStyle></Style>
	<ExtendedData><SchemaData schemaUrl="#TOU_Edson_Sept2026">
		<SimpleData name="OBJECTID">62605113</SimpleData>
		<SimpleData name="LIC_LI_NO">56338-14</SimpleData>
		<SimpleData name="COMP_NAME">Tourmaline Oil Corp.</SimpleData>
		<SimpleData name="SEG_LENGTH">1.5</SimpleData>
		<SimpleData name="SEG_STATUS">Operating</SimpleData>
		<SimpleData name="FROM_FAC">Pipeline</SimpleData>
		<SimpleData name="FROM_LOC">04-32-051-15W5</SimpleData>
		<SimpleData name="TO_FAC">Pipeline</SimpleData>
		<SimpleData name="TO_LOC">16-32-051-15W5</SimpleData>
		<SimpleData name="OUT_DIAMET">168.3</SimpleData>
		<SimpleData name="PIP_MATERL">Steel</SimpleData>
		<SimpleData name="SUBSTANCE1">Natural Gas</SimpleData>
		<SimpleData name="GEOM_SRCE">Mapping</SimpleData>
		<SimpleData name="SHAPE_LEN">1574.3520263083137</SimpleData>
	</SchemaData></ExtendedData>
      <MultiGeometry><LineString><coordinates>-116.183643833929,53.441934974848 -116.180776372914,53.4419036411409 -116.168263251537,53.4499252269791 -116.168321096753,53.4514071388567</coordinates></LineString></MultiGeometry>
  </Placemark>
  <Placemark>
	<Style><LineStyle><color>ff0000ff</color></LineStyle><PolyStyle><fill>0</fill></PolyStyle></Style>
	<ExtendedData><SchemaData schemaUrl="#TOU_Edson_Sept2026">
		<SimpleData name="OBJECTID">62605114</SimpleData>
		<SimpleData name="LIC_LI_NO">56338-15</SimpleData>
		<SimpleData name="COMP_NAME">Tourmaline Oil Corp.</SimpleData>
		<SimpleData name="SEG_LENGTH">3.37</SimpleData>
		<SimpleData name="SEG_STATUS">Operating</SimpleData>
		<SimpleData name="FROM_FAC">Pipeline</SimpleData>
		<SimpleData name="FROM_LOC">16-36-051-16W5</SimpleData>
		<SimpleData name="TO_FAC">Pipeline</SimpleData>
		<SimpleData name="TO_LOC">07-32-051-15W5</SimpleData>
		<SimpleData name="OUT_DIAMET">168.3</SimpleData>
		<SimpleData name="PIP_MATERL">Steel</SimpleData>
		<SimpleData name="SUBSTANCE1">Natural Gas</SimpleData>
		<SimpleData name="GEOM_SRCE">Mapping</SimpleData>
		<SimpleData name="SHAPE_LEN">2642.090456988384</SimpleData>
	</SchemaData></ExtendedData>
      <MultiGeometry><LineString><coordinates>-116.213071295164,53.452596678027 -116.212015565397,53.4524017898213 -116.209767257413,53.4519867405462 -116.203820721947,53.4508872706434 -116.186890255534,53.4477606544556 -116.175054543831,53.4455721785725</coordinates></LineString></MultiGeometry>
  </Placemark>
  <Placemark>
	<Style><LineStyle><color>ff0000ff</color></LineStyle><PolyStyle><fill>0</fill></PolyStyle></Style>
	<ExtendedData><SchemaData schemaUrl="#TOU_Edson_Sept2026">
		<SimpleData name="OBJECTID">62605115</SimpleData>
		<SimpleData name="LIC_LI_NO">56338-16</SimpleData>
		<SimpleData name="COMP_NAME">Tourmaline Oil Corp.</SimpleData>
		<SimpleData name="SEG_LENGTH">0.61</SimpleData>
		<SimpleData name="SEG_STATUS">Operating</SimpleData>
		<SimpleData name="FROM_FAC">Pipeline</SimpleData>
		<SimpleData name="FROM_LOC">16-32-051-15W5</SimpleData>
		<SimpleData name="TO_FAC">Pipeline</SimpleData>
		<SimpleData name="TO_LOC">13-33-051-15W5</SimpleData>
		<SimpleData name="OUT_DIAMET">168.3</SimpleData>
		<SimpleData name="PIP_MATERL">Steel</SimpleData>
		<SimpleData name="SUBSTANCE1">Natural Gas</SimpleData>
		<SimpleData name="GEOM_SRCE">ROW centre-line</SimpleData>
		<SimpleData name="SHAPE_LEN">619.0512193403084</SimpleData>
	</SchemaData></ExtendedData>
      <MultiGeometry><LineString><coordinates>-116.16909580026,53.4505687992715 -116.168702499863,53.450764399359 -116.168127257382,53.4508870518459 -116.160403000885,53.4525340006397</coordinates></LineString></MultiGeometry>
  </Placemark>
  <Placemark>
	<Style><LineStyle><color>ff0000ff</color></LineStyle><PolyStyle><fill>0</fill></PolyStyle></Style>
	<ExtendedData><SchemaData schemaUrl="#TOU_Edson_Sept2026">
		<SimpleData name="OBJECTID">62608713</SimpleData>
		<SimpleData name="LIC_LI_NO">57880-37</SimpleData>
		<SimpleData name="COMP_NAME">Tourmaline Oil Corp.</SimpleData>
		<SimpleData name="SEG_LENGTH">6.92</SimpleData>
		<SimpleData name="SEG_STATUS">Operating</SimpleData>
		<SimpleData name="FROM_FAC">Pipeline</SimpleData>
		<SimpleData name="FROM_LOC">12-27-049-19W5</SimpleData>
		<SimpleData name="TO_FAC">Pipeline</SimpleData>
		<SimpleData name="TO_LOC">14-08-050-19W5</SimpleData>
		<SimpleData name="OUT_DIAMET">219.1</SimpleData>
		<SimpleData name="PIP_MATERL">Steel</SimpleData>
		<SimpleData name="SUBSTANCE1">Natural Gas</SimpleData>
		<SimpleData name="GEOM_SRCE">ROW centre-line</SimpleData>
		<SimpleData name="SHAPE_LEN">6910.306123830256</SimpleData>
	</SchemaData></ExtendedData>
      <MultiGeometry><LineString><coordinates>-116.706959566735,53.2590451540613 -116.706469303982,53.2593225164066 -116.706145613137,53.2595061687119 -116.705674894132,53.2594714259202 -116.704213095314,53.2603039904095 -116.701045629334,53.262105993937 -116.701023508321,53.2623003051198 -116.706752620945,53.2665808496329 -116.708202632069,53.2676469704695 -116.708543253462,53.2676881032605 -116.709443408495,53.2683568214722 -116.709436151006,53.268566765118 -116.711982962872,53.2704635779991 -116.711527504446,53.2706833387446 -116.714166060353,53.2726484443583 -116.714282475726,53.2728074723258 -116.714338376089,53.2730271458157 -116.717376909572,53.2752816430289 -116.723834484924,53.2800960197576 -116.724494624487,53.2797780147751 -116.724976284973,53.2801370546345 -116.728705230345,53.282858639797 -116.729283778625,53.28303216502 -116.73150936642,53.2847472053844 -116.731474272835,53.2849467186104 -116.731604244684,53.2852115158903 -116.731688592895,53.2852743857033 -116.731174353209,53.2855221493399 -116.737404025076,53.2901645334484 -116.740381029351,53.2923900624585 -116.740904309682,53.2927233791471 -116.742113596565,53.2935211164074 -116.742350290066,53.2936765084479 -116.746557638632,53.2968249396163 -116.748184007911,53.2982586048275 -116.748285169891,53.2983475283242 -116.748617374967,53.2985824466141 -116.748334150531,53.3055105538634 -116.748271575685,53.3069991700835 -116.748231340144,53.3070664871557 -116.747940783658,53.307552593438 -116.747920283205,53.3080381397181</coordinates></LineString></MultiGeometry>
  </Placemark>
  <Placemark>
	<Style><LineStyle><color>ff0000ff</color></LineStyle><PolyStyle><fill>0</fill></PolyStyle></Style>
	<ExtendedData><SchemaData schemaUrl="#TOU_Edson_Sept2026">
		<SimpleData name="OBJECTID">63465952</SimpleData>
		<SimpleData name="LIC_LI_NO">61813-7</SimpleData>
		<SimpleData name="COMP_NAME">Tourmaline Oil Corp.</SimpleData>
		<SimpleData name="SEG_LENGTH">1.12</SimpleData>
		<SimpleData name="SEG_STATUS">Operating</SimpleData>
		<SimpleData name="FROM_FAC">Well</SimpleData>
		<SimpleData name="FROM_LOC">13-27-051-15W5</SimpleData>
		<SimpleData name="TO_FAC">Pipeline</SimpleData>
		<SimpleData name="TO_LOC">14-27-051-15W5</SimpleData>
		<SimpleData name="OUT_DIAMET">114.3</SimpleData>
		<SimpleData name="PIP_MATERL">Steel</SimpleData>
		<SimpleData name="SUBSTANCE1">Sour Natural Gas</SimpleData>
		<SimpleData name="GEOM_SRCE">as-planned</SimpleData>
		<SimpleData name="SHAPE_LEN">571.5312891857077</SimpleData>
	</SchemaData></ExtendedData>
      <MultiGeometry><LineString><coordinates>-116.127013662922,53.4364457861838 -116.135619799127,53.4364395443213</coordinates></LineString></MultiGeometry>
  </Placemark>
  <Placemark>
	<Style><LineStyle><color>ff0000ff</color></LineStyle><PolyStyle><fill>0</fill></PolyStyle></Style>
	<ExtendedData><SchemaData schemaUrl="#TOU_Edson_Sept2026">
		<SimpleData name="OBJECTID">63498752</SimpleData>
		<SimpleData name="LIC_LI_NO">55137-12</SimpleData>
		<SimpleData name="COMP_NAME">Tourmaline Oil Corp.</SimpleData>
		<SimpleData name="SEG_LENGTH">1.77</SimpleData>
		<SimpleData name="SEG_STATUS">Operating</SimpleData>
		<SimpleData name="FROM_FAC">Well</SimpleData>
		<SimpleData name="FROM_LOC">16-32-050-18W5</SimpleData>
		<SimpleData name="TO_FAC">Pipeline</SimpleData>
		<SimpleData name="TO_LOC">02-05-051-18W5</SimpleData>
		<SimpleData name="OUT_DIAMET">219.1</SimpleData>
		<SimpleData name="PIP_MATERL">Steel</SimpleData>
		<SimpleData name="SUBSTANCE1">Natural Gas</SimpleData>
		<SimpleData name="GEOM_SRCE">Mapping</SimpleData>
		<SimpleData name="SHAPE_LEN">1720.7168472525748</SimpleData>
	</SchemaData></ExtendedData>
      <MultiGeometry><LineString><coordinates>-116.612622426624,53.3674389276231 -116.611131660732,53.3665100751517 -116.610803631025,53.3664621539215 -116.607820067251,53.3645988568469 -116.607263945412,53.3641217792928 -116.595655127488,53.3648890006119 -116.592642315467,53.365075396238 -116.590463502949,53.3652151023684 -116.589817417529,53.3658126439272</coordinates></LineString></MultiGeometry>
  </Placemark>
  <Placemark>
	<Style><LineStyle><color>ff0000ff</color></LineStyle><PolyStyle><fill>0</fill></PolyStyle></Style>
	<ExtendedData><SchemaData schemaUrl="#TOU_Edson_Sept2026">
		<SimpleData name="OBJECTID">63499952</SimpleData>
		<SimpleData name="LIC_LI_NO">57880-14</SimpleData>
		<SimpleData name="COMP_NAME">Tourmaline Oil Corp.</SimpleData>
		<SimpleData name="SEG_LENGTH">4.69</SimpleData>
		<SimpleData name="SEG_STATUS">Operating</SimpleData>
		<SimpleData name="FROM_FAC">Pipeline</SimpleData>
		<SimpleData name="FROM_LOC">16-10-049-19W5</SimpleData>
		<SimpleData name="TO_FAC">Pipeline</SimpleData>
		<SimpleData name="TO_LOC">12-27-049-19W5</SimpleData>
		<SimpleData name="OUT_DIAMET">219.1</SimpleData>
		<SimpleData name="PIP_MATERL">Steel</SimpleData>
		<SimpleData name="SUBSTANCE1">Natural Gas</SimpleData>
		<SimpleData name="GEOM_SRCE">Mapping</SimpleData>
		<SimpleData name="SHAPE_LEN">4602.746505859957</SimpleData>
	</SchemaData></ExtendedData>
      <MultiGeometry><LineString><coordinates>-116.706694436165,53.2586621743045 -116.709360529029,53.2571377122637 -116.704355911275,53.2501524541841 -116.693922025962,53.2351074034313 -116.684446122933,53.2209274810493</coordinates></LineString></MultiGeometry>
  </Placemark>
  <Placemark>
	<Style><LineStyle><color>ff0000ff</color></LineStyle><PolyStyle><fill>0</fill></PolyStyle></Style>
	<ExtendedData><SchemaData schemaUrl="#TOU_Edson_Sept2026">
		<SimpleData name="OBJECTID">63500752</SimpleData>
		<SimpleData name="LIC_LI_NO">57880-6</SimpleData>
		<SimpleData name="COMP_NAME">Tourmaline Oil Corp.</SimpleData>
		<SimpleData name="SEG_LENGTH">8.46</SimpleData>
		<SimpleData name="SEG_STATUS">Operating</SimpleData>
		<SimpleData name="FROM_FAC">Pipeline</SimpleData>
		<SimpleData name="FROM_LOC">12-27-049-19W5</SimpleData>
		<SimpleData name="TO_FAC">Pipeline</SimpleData>
		<SimpleData name="TO_LOC">04-20-050-19W5</SimpleData>
		<SimpleData name="OUT_DIAMET">219.1</SimpleData>
		<SimpleData name="PIP_MATERL">Steel</SimpleData>
		<SimpleData name="SUBSTANCE1">Natural Gas</SimpleData>
		<SimpleData name="GEOM_SRCE">Mapping</SimpleData>
		<SimpleData name="SHAPE_LEN">8752.561616881727</SimpleData>
	</SchemaData></ExtendedData>
      <MultiGeometry><LineString><coordinates>-116.754292144008,53.3234650369986 -116.753741798336,53.3231086378848 -116.753554498701,53.3227866138044 -116.752925935819,53.3223245961458 -116.752461408002,53.3218008542911 -116.747546663099,53.3192926372163 -116.747114068594,53.3174358012107 -116.748215256707,53.3154742522364 -116.748323680667,53.3137628636593 -116.749269583305,53.2988276951497 -116.728798514997,53.2837567885877 -116.728309429037,53.282785780648 -116.72011172625,53.2768677518012 -116.709233776742,53.2686985820996 -116.709229211504,53.2684752040421 -116.708320588052,53.2677928380417 -116.707977107322,53.2677545754003 -116.702891397749,53.2639336344713 -116.700439820778,53.2622378824202 -116.706694436165,53.2586621743045</coordinates></LineString></MultiGeometry>
  </Placemark>
  <Placemark>
	<Style><LineStyle><color>ff0000ff</color></LineStyle><PolyStyle><fill>0</fill></PolyStyle></Style>
	<ExtendedData><SchemaData schemaUrl="#TOU_Edson_Sept2026">
		<SimpleData name="OBJECTID">64627989</SimpleData>
		<SimpleData name="LIC_LI_NO">57424-5</SimpleData>
		<SimpleData name="COMP_NAME">Tourmaline Oil Corp.</SimpleData>
		<SimpleData name="SEG_LENGTH">2.1</SimpleData>
		<SimpleData name="SEG_STATUS">Operating</SimpleData>
		<SimpleData name="FROM_FAC">Battery</SimpleData>
		<SimpleData name="FROM_LOC">02-13-052-16W5</SimpleData>
		<SimpleData name="TO_FAC">Battery</SimpleData>
		<SimpleData name="TO_LOC">02-14-052-16W5</SimpleData>
		<SimpleData name="OUT_DIAMET">168.3</SimpleData>
		<SimpleData name="PIP_MATERL">Steel</SimpleData>
		<SimpleData name="SUBSTANCE1">Natural Gas</SimpleData>
		<SimpleData name="GEOM_SRCE">ROW centre-line</SimpleData>
		<SimpleData name="SHAPE_LEN">2093.112508428405</SimpleData>
	</SchemaData></ExtendedData>
      <MultiGeometry><LineString><coordinates>-116.220417276484,53.484399588243 -116.219965147215,53.4850146336506 -116.222687228478,53.4857264859435 -116.228152063931,53.4870435773286 -116.228941461182,53.4870081029717 -116.229702087191,53.4870082601153 -116.23152838552,53.4869262428228 -116.238205312397,53.484983884425 -116.237842126223,53.484539793334 -116.239195837948,53.4841459249704 -116.239559034903,53.4845900121668 -116.241379365723,53.4840603399738 -116.245587624283,53.4845427209724 -116.245828337745,53.4837954947155</coordinates></LineString></MultiGeometry>
  </Placemark>
  <Placemark>
	<Style><LineStyle><color>ff0000ff</color></LineStyle><PolyStyle><fill>0</fill></PolyStyle></Style>
	<ExtendedData><SchemaData schemaUrl="#TOU_Edson_Sept2026">
		<SimpleData name="OBJECTID">64628786</SimpleData>
		<SimpleData name="LIC_LI_NO">57424-4</SimpleData>
		<SimpleData name="COMP_NAME">Tourmaline Oil Corp.</SimpleData>
		<SimpleData name="SEG_LENGTH">0.57</SimpleData>
		<SimpleData name="SEG_STATUS">Operating</SimpleData>
		<SimpleData name="FROM_FAC">Battery</SimpleData>
		<SimpleData name="FROM_LOC">02-14-052-16W5</SimpleData>
		<SimpleData name="TO_FAC">Pipeline</SimpleData>
		<SimpleData name="TO_LOC">15-11-052-16W5</SimpleData>
		<SimpleData name="OUT_DIAMET">168.3</SimpleData>
		<SimpleData name="PIP_MATERL">Steel</SimpleData>
		<SimpleData name="SUBSTANCE1">Natural Gas</SimpleData>
		<SimpleData name="GEOM_SRCE">ROW centre-line</SimpleData>
		<SimpleData name="SHAPE_LEN">571.2366373335526</SimpleData>
	</SchemaData></ExtendedData>
      <MultiGeometry><LineString><coordinates>-116.245735530996,53.4845596961397 -116.249761655234,53.4850210442354 -116.250069890564,53.4849018899447 -116.249391914053,53.4824633032769</coordinates></LineString></MultiGeometry>
  </Placemark>
  <Placemark>
	<Style><LineStyle><color>ff0000ff</color></LineStyle><PolyStyle><fill>0</fill></PolyStyle></Style>
	<ExtendedData><SchemaData schemaUrl="#TOU_Edson_Sept2026">
		<SimpleData name="OBJECTID">64870415</SimpleData>
		<SimpleData name="LIC_LI_NO">63919-1</SimpleData>
		<SimpleData name="COMP_NAME">Tourmaline Oil Corp.</SimpleData>
		<SimpleData name="SEG_LENGTH">2.29</SimpleData>
		<SimpleData name="SEG_STATUS">Operating</SimpleData>
		<SimpleData name="FROM_FAC">Battery</SimpleData>
		<SimpleData name="FROM_LOC">01-13-050-18W5</SimpleData>
		<SimpleData name="TO_FAC">Pipeline</SimpleData>
		<SimpleData name="TO_LOC">09-14-050-18W5</SimpleData>
		<SimpleData name="OUT_DIAMET">219.1</SimpleData>
		<SimpleData name="PIP_MATERL">Steel</SimpleData>
		<SimpleData name="SUBSTANCE1">Natural Gas</SimpleData>
		<SimpleData name="GEOM_SRCE">Mapping</SimpleData>
		<SimpleData name="SHAPE_LEN">2292.461377415507</SimpleData>
	</SchemaData></ExtendedData>
      <MultiGeometry><LineString><coordinates>-116.492520738189,53.311509310751 -116.491496299439,53.3121530506238 -116.49149640005,53.3129187493671 -116.496136387139,53.3160429575104 -116.499577020017,53.318391964762 -116.500257365386,53.3182824041281 -116.50095382653,53.3181702421802 -116.501587228637,53.3181727691584 -116.502508912695,53.3186271376881 -116.503305000598,53.318780584901 -116.506712242199,53.3173553131578 -116.508239846204,53.31680409691 -116.511545026612,53.3164392162371 -116.511691068423,53.3164566906025 -116.512405051207,53.3169758636026 -116.512707495099,53.3171910845605 -116.512836602768,53.3172849051719 -116.512984098053,53.3173920889175 -116.51515156934,53.3175076777195 -116.51611040682,53.3183594694484</coordinates></LineString></MultiGeometry>
  </Placemark>
  <Placemark>
	<Style><LineStyle><color>ff0000ff</color></LineStyle><PolyStyle><fill>0</fill></PolyStyle></Style>
	<ExtendedData><SchemaData schemaUrl="#TOU_Edson_Sept2026">
		<SimpleData name="OBJECTID">66734520</SimpleData>
		<SimpleData name="LIC_LI_NO">31063-26</SimpleData>
		<SimpleData name="COMP_NAME">Tourmaline Oil Corp.</SimpleData>
		<SimpleData name="SEG_LENGTH">0.47</SimpleData>
		<SimpleData name="SEG_STATUS">Operating</SimpleData>
		<SimpleData name="FROM_FAC">Pipeline</SimpleData>
		<SimpleData name="FROM_LOC">14-26-051-16W5</SimpleData>
		<SimpleData name="TO_FAC">Pipeline</SimpleData>
		<SimpleData name="TO_LOC">15-26-051-16W5</SimpleData>
		<SimpleData name="OUT_DIAMET">168.3</SimpleData>
		<SimpleData name="PIP_MATERL">Steel</SimpleData>
		<SimpleData name="SUBSTANCE1">Natural Gas</SimpleData>
		<SimpleData name="GEOM_SRCE">ROW centre-line</SimpleData>
		<SimpleData name="SHAPE_LEN">467.96200409521055</SimpleData>
	</SchemaData></ExtendedData>
      <MultiGeometry><LineString><coordinates>-116.252091365854,53.4388250227814 -116.246624730177,53.4389702420471 -116.246342332191,53.4390940186007 -116.245118781858,53.4391234317465</coordinates></LineString></MultiGeometry>
  </Placemark>
  <Placemark>
	<Style><LineStyle><color>ff0000ff</color></LineStyle><PolyStyle><fill>0</fill></PolyStyle></Style>
	<ExtendedData><SchemaData schemaUrl="#TOU_Edson_Sept2026">
		<SimpleData name="OBJECTID">66764136</SimpleData>
		<SimpleData name="LIC_LI_NO">55018-43</SimpleData>
		<SimpleData name="COMP_NAME">Tourmaline Oil Corp.</SimpleData>
		<SimpleData name="SEG_LENGTH">1.52</SimpleData>
		<SimpleData name="SEG_STATUS">Permitted</SimpleData>
		<SimpleData name="FROM_FAC">Battery</SimpleData>
		<SimpleData name="FROM_LOC">06-11-050-18W5</SimpleData>
		<SimpleData name="TO_FAC">Pipeline</SimpleData>
		<SimpleData name="TO_LOC">04-12-050-18W5</SimpleData>
		<SimpleData name="OUT_DIAMET">219.1</SimpleData>
		<SimpleData name="PIP_MATERL">Steel</SimpleData>
		<SimpleData name="SUBSTANCE1">Natural Gas</SimpleData>
		<SimpleData name="GEOM_SRCE">ROW centre-line</SimpleData>
		<SimpleData name="SHAPE_LEN">1521.8745122865846</SimpleData>
	</SchemaData></ExtendedData>
      <MultiGeometry><LineString><coordinates>-116.526249006017,53.2991162948391 -116.526119901043,53.2983767628544 -116.525576475093,53.2980018573311 -116.518728112829,53.2980696315143 -116.511424351429,53.2981000253579 -116.508095174324,53.2981137254516 -116.50787705978,53.2978391896185 -116.507549622063,53.2968737187117 -116.507004067106,53.2962763800769</coordinates></LineString></MultiGeometry>
  </Placemark>
  <Placemark>
	<Style><LineStyle><color>ff0000ff</color></LineStyle><PolyStyle><fill>0</fill></PolyStyle></Style>
	<ExtendedData><SchemaData schemaUrl="#TOU_Edson_Sept2026">
		<SimpleData name="OBJECTID">67002555</SimpleData>
		<SimpleData name="LIC_LI_NO">55137-24</SimpleData>
		<SimpleData name="COMP_NAME">Tourmaline Oil Corp.</SimpleData>
		<SimpleData name="SEG_LENGTH">4.3</SimpleData>
		<SimpleData name="SEG_STATUS">Permitted</SimpleData>
		<SimpleData name="FROM_FAC">Battery</SimpleData>
		<SimpleData name="FROM_LOC">01-34-050-18W5</SimpleData>
		<SimpleData name="TO_FAC">Battery</SimpleData>
		<SimpleData name="TO_LOC">05-31-050-17W5</SimpleData>
		<SimpleData name="OUT_DIAMET">219.1</SimpleData>
		<SimpleData name="PIP_MATERL">Steel</SimpleData>
		<SimpleData name="SUBSTANCE1">Natural Gas</SimpleData>
		<SimpleData name="GEOM_SRCE">ROW centre-line</SimpleData>
		<SimpleData name="SHAPE_LEN">4371.146911654546</SimpleData>
	</SchemaData></ExtendedData>
      <MultiGeometry><LineString><coordinates>-116.542616973451,53.3524731962326 -116.543040561447,53.3526462954849 -116.541086046577,53.354125538367 -116.535780333303,53.3542117697237 -116.532049093634,53.3552849981824 -116.531782453894,53.3553507748482 -116.53108769326,53.3555516530613 -116.525927781048,53.3561613881469 -116.522714485717,53.3560315909665 -116.521639518529,53.3557738912618 -116.520957766399,53.355646885738 -116.52021205961,53.3555795653975 -116.515119073683,53.3553277215809 -116.512738993626,53.3545293573188 -116.50377648407,53.3546676809348 -116.503070274408,53.3545660356264 -116.493732965257,53.3547093401228 -116.493412393363,53.3548267135321 -116.490777240275,53.3548670171375 -116.484479387176,53.3596268793886 -116.484178963596,53.3594846057425</coordinates></LineString></MultiGeometry>
  </Placemark>
  <Placemark>
	<Style><LineStyle><color>ff0000ff</color></LineStyle><PolyStyle><fill>0</fill></PolyStyle></Style>
	<ExtendedData><SchemaData schemaUrl="#TOU_Edson_Sept2026">
		<SimpleData name="OBJECTID">68442208</SimpleData>
		<SimpleData name="LIC_LI_NO">55018-44</SimpleData>
		<SimpleData name="COMP_NAME">Tourmaline Oil Corp.</SimpleData>
		<SimpleData name="SEG_LENGTH">2.94</SimpleData>
		<SimpleData name="SEG_STATUS">Permitted</SimpleData>
		<SimpleData name="FROM_FAC">Battery</SimpleData>
		<SimpleData name="FROM_LOC">13-07-050-16W5</SimpleData>
		<SimpleData name="TO_FAC">Battery</SimpleData>
		<SimpleData name="TO_LOC">04-19-050-16W5</SimpleData>
		<SimpleData name="OUT_DIAMET">219.1</SimpleData>
		<SimpleData name="PIP_MATERL">Steel</SimpleData>
		<SimpleData name="SUBSTANCE1">Natural Gas</SimpleData>
		<SimpleData name="GEOM_SRCE">ROW centre-line</SimpleData>
		<SimpleData name="SHAPE_LEN">2933.5359535364787</SimpleData>
	</SchemaData></ExtendedData>
      <MultiGeometry><LineString><coordinates>-116.337936106357,53.3068298055459 -116.336833116223,53.3071123012654 -116.339698392535,53.311125646455 -116.340601221853,53.311690561466 -116.337443269032,53.3135007163938 -116.329307126893,53.3201047201299 -116.333453942484,53.3218626808009 -116.34095823211,53.3251922749163 -116.340686965149,53.3259511645842 -116.34113891206,53.326009070567</coordinates></LineString></MultiGeometry>
  </Placemark>
  <Placemark>
	<Style><LineStyle><color>ff0000ff</color></LineStyle><PolyStyle><fill>0</fill></PolyStyle></Style>
	<ExtendedData><SchemaData schemaUrl="#TOU_Edson_Sept2026">
		<SimpleData name="OBJECTID">68453806</SimpleData>
		<SimpleData name="LIC_LI_NO">63919-2</SimpleData>
		<SimpleData name="COMP_NAME">Tourmaline Oil Corp.</SimpleData>
		<SimpleData name="SEG_LENGTH">0.42</SimpleData>
		<SimpleData name="SEG_STATUS">Permitted</SimpleData>
		<SimpleData name="FROM_FAC">Battery</SimpleData>
		<SimpleData name="FROM_LOC">04-18-050-17W5</SimpleData>
		<SimpleData name="TO_FAC">Battery</SimpleData>
		<SimpleData name="TO_LOC">01-13-050-18W5</SimpleData>
		<SimpleData name="OUT_DIAMET">219.1</SimpleData>
		<SimpleData name="PIP_MATERL">Steel</SimpleData>
		<SimpleData name="SUBSTANCE1">Natural Gas</SimpleData>
		<SimpleData name="GEOM_SRCE">ROW centre-line</SimpleData>
		<SimpleData name="SHAPE_LEN">452.05878515820325</SimpleData>
	</SchemaData></ExtendedData>
      <MultiGeometry><LineString><coordinates>-116.487309397427,53.309673660241 -116.490444485429,53.3118576353789 -116.49242230619,53.3118530583436</coordinates></LineString></MultiGeometry>
  </Placemark>
  <Placemark>
	<Style><LineStyle><color>ff0000ff</color></LineStyle><PolyStyle><fill>0</fill></PolyStyle></Style>
	<ExtendedData><SchemaData schemaUrl="#TOU_Edson_Sept2026">
		<SimpleData name="OBJECTID">68512209</SimpleData>
		<SimpleData name="LIC_LI_NO">56338-18</SimpleData>
		<SimpleData name="COMP_NAME">Tourmaline Oil Corp.</SimpleData>
		<SimpleData name="SEG_LENGTH">2.6</SimpleData>
		<SimpleData name="SEG_STATUS">Permitted</SimpleData>
		<SimpleData name="FROM_FAC">Battery</SimpleData>
		<SimpleData name="FROM_LOC">02-20-051-15W5</SimpleData>
		<SimpleData name="TO_FAC">Pipeline</SimpleData>
		<SimpleData name="TO_LOC">08-29-051-15W5</SimpleData>
		<SimpleData name="OUT_DIAMET">219.1</SimpleData>
		<SimpleData name="PIP_MATERL">Steel</SimpleData>
		<SimpleData name="SUBSTANCE1">Natural Gas</SimpleData>
		<SimpleData name="GEOM_SRCE">ROW centre-line</SimpleData>
		<SimpleData name="SHAPE_LEN">2613.946955305393</SimpleData>
	</SchemaData></ExtendedData>
      <MultiGeometry><LineString><coordinates>-116.172395925848,53.4122959293206 -116.17239459724,53.4116850260792 -116.164144870319,53.4116911452108 -116.164032237752,53.4117586039201 -116.164038655317,53.4149213444456 -116.164634077552,53.4152762834426 -116.164634986647,53.4157645031009 -116.163816587287,53.4172113730669 -116.163833534005,53.4247465948344 -116.163843612204,53.4285231182062 -116.164294928498,53.4285226835923 -116.164296012764,53.428927078695 -116.163957508701,53.4289274025114</coordinates></LineString></MultiGeometry>
  </Placemark>
  <Placemark>
	<Style><LineStyle><color>ff0000ff</color></LineStyle><PolyStyle><fill>0</fill></PolyStyle></Style>
	<ExtendedData><SchemaData schemaUrl="#TOU_Edson_Sept2026">
		<SimpleData name="OBJECTID">69095453</SimpleData>
		<SimpleData name="LIC_LI_NO">53686-3</SimpleData>
		<SimpleData name="COMP_NAME">Tourmaline Oil Corp.</SimpleData>
		<SimpleData name="SEG_LENGTH">0.46</SimpleData>
		<SimpleData name="SEG_STATUS">Discontinued</SimpleData>
		<SimpleData name="FROM_FAC">Blind End</SimpleData>
		<SimpleData name="FROM_LOC">16-27-051-18W5</SimpleData>
		<SimpleData name="TO_FAC">Blind End</SimpleData>
		<SimpleData name="TO_LOC">16-27-051-18W5</SimpleData>
		<SimpleData name="OUT_DIAMET">168.3</SimpleData>
		<SimpleData name="PIP_MATERL">Steel</SimpleData>
		<SimpleData name="SUBSTANCE1">Natural Gas</SimpleData>
		<SimpleData name="GEOM_SRCE">Mapping</SimpleData>
		<SimpleData name="SHAPE_LEN">444.42252547931196</SimpleData>
	</SchemaData></ExtendedData>
      <MultiGeometry><LineString><coordinates>-116.557073120245,53.4385833914382 -116.559011423219,53.4374615857201 -116.560146650294,53.4369263538665 -116.561959333757,53.4358587399253</coordinates></LineString></MultiGeometry>
  </Placemark>
  <Placemark>
	<Style><LineStyle><color>ff0000ff</color></LineStyle><PolyStyle><fill>0</fill></PolyStyle></Style>
	<ExtendedData><SchemaData schemaUrl="#TOU_Edson_Sept2026">
		<SimpleData name="OBJECTID">69095454</SimpleData>
		<SimpleData name="LIC_LI_NO">53686-2</SimpleData>
		<SimpleData name="COMP_NAME">Tourmaline Oil Corp.</SimpleData>
		<SimpleData name="SEG_LENGTH">0.14</SimpleData>
		<SimpleData name="SEG_STATUS">Discontinued</SimpleData>
		<SimpleData name="FROM_FAC">Blind End</SimpleData>
		<SimpleData name="FROM_LOC">01-34-051-18W5</SimpleData>
		<SimpleData name="TO_FAC">Blind End</SimpleData>
		<SimpleData name="TO_LOC">16-27-051-18W5</SimpleData>
		<SimpleData name="OUT_DIAMET">168.3</SimpleData>
		<SimpleData name="PIP_MATERL">Steel</SimpleData>
		<SimpleData name="SUBSTANCE1">Natural Gas</SimpleData>
		<SimpleData name="GEOM_SRCE">Mapping</SimpleData>
		<SimpleData name="SHAPE_LEN">180.30491659454944</SimpleData>
	</SchemaData></ExtendedData>
      <MultiGeometry><LineString><coordinates>-116.557936980647,53.439897611362 -116.557073051075,53.4396176034755 -116.557073120245,53.4385833914382</coordinates></LineString></MultiGeometry>
  </Placemark>
  <Placemark>
	<Style><LineStyle><color>ff0000ff</color></LineStyle><PolyStyle><fill>0</fill></PolyStyle></Style>
	<ExtendedData><SchemaData schemaUrl="#TOU_Edson_Sept2026">
		<SimpleData name="OBJECTID">69167468</SimpleData>
		<SimpleData name="LIC_LI_NO">40536-2</SimpleData>
		<SimpleData name="COMP_NAME">Tourmaline Oil Corp.</SimpleData>
		<SimpleData name="SEG_LENGTH">0.2</SimpleData>
		<SimpleData name="SEG_STATUS">Permitted</SimpleData>
		<SimpleData name="FROM_FAC">Pipeline</SimpleData>
		<SimpleData name="FROM_LOC">04-17-051-18W5</SimpleData>
		<SimpleData name="TO_FAC">Pipeline</SimpleData>
		<SimpleData name="TO_LOC">04-17-051-18W5</SimpleData>
		<SimpleData name="OUT_DIAMET">114.3</SimpleData>
		<SimpleData name="PIP_MATERL">Steel</SimpleData>
		<SimpleData name="SUBSTANCE1">Natural Gas</SimpleData>
		<SimpleData name="GEOM_SRCE">ROW centre-line</SimpleData>
		<SimpleData name="SHAPE_LEN">194.49233656196003</SimpleData>
	</SchemaData></ExtendedData>
      <MultiGeometry><LineString><coordinates>-116.625690500235,53.3978785267588 -116.625588225243,53.3978786028174 -116.625443044917,53.3979004198739 -116.625446664229,53.3990804744646 -116.626146130239,53.3990791006262</coordinates></LineString></MultiGeometry>
  </Placemark>
  <Placemark>
	<Style><LineStyle><color>ff0000ff</color></LineStyle><PolyStyle><fill>0</fill></PolyStyle></Style>
	<ExtendedData><SchemaData schemaUrl="#TOU_Edson_Sept2026">
		<SimpleData name="OBJECTID">69243470</SimpleData>
		<SimpleData name="LIC_LI_NO">34897-11</SimpleData>
		<SimpleData name="COMP_NAME">Tourmaline Oil Corp.</SimpleData>
		<SimpleData name="SEG_LENGTH">2.42</SimpleData>
		<SimpleData name="SEG_STATUS">Permitted</SimpleData>
		<SimpleData name="FROM_FAC">Battery</SimpleData>
		<SimpleData name="FROM_LOC">03-27-052-15W5</SimpleData>
		<SimpleData name="TO_FAC">Pipeline</SimpleData>
		<SimpleData name="TO_LOC">06-21-052-15W5</SimpleData>
		<SimpleData name="OUT_DIAMET">219.1</SimpleData>
		<SimpleData name="PIP_MATERL">Steel</SimpleData>
		<SimpleData name="SUBSTANCE1">Natural Gas</SimpleData>
		<SimpleData name="GEOM_SRCE">ROW centre-line</SimpleData>
		<SimpleData name="SHAPE_LEN">2413.4990591994697</SimpleData>
	</SchemaData></ExtendedData>
      <MultiGeometry><LineString><coordinates>-116.132255152044,53.5127208867601 -116.131458074197,53.5127182986674 -116.131463924924,53.5078889370848 -116.129634226472,53.5065003380409 -116.129633256292,53.5059685240593 -116.138837447693,53.5059621278601 -116.1451832322,53.5060044067618 -116.147068488758,53.5049698419241 -116.148959747858,53.5039624289614 -116.150768531734,53.5045680101503 -116.151503492875,53.5042316384298</coordinates></LineString></MultiGeometry>
  </Placemark>
  <Placemark>
	<Style><LineStyle><color>ff0000ff</color></LineStyle><PolyStyle><fill>0</fill></PolyStyle></Style>
	<ExtendedData><SchemaData schemaUrl="#TOU_Edson_Sept2026">
		<SimpleData name="OBJECTID">69508287</SimpleData>
		<SimpleData name="LIC_LI_NO">40536-1</SimpleData>
		<SimpleData name="COMP_NAME">Tourmaline Oil Corp.</SimpleData>
		<SimpleData name="SEG_LENGTH">0.53</SimpleData>
		<SimpleData name="SEG_STATUS">Operating</SimpleData>
		<SimpleData name="FROM_FAC">Well</SimpleData>
		<SimpleData name="FROM_LOC">06-17-051-18W5</SimpleData>
		<SimpleData name="TO_FAC">Pipeline</SimpleData>
		<SimpleData name="TO_LOC">04-17-051-18W5</SimpleData>
		<SimpleData name="OUT_DIAMET">114.3</SimpleData>
		<SimpleData name="PIP_MATERL">Steel</SimpleData>
		<SimpleData name="SUBSTANCE1">Natural Gas</SimpleData>
		<SimpleData name="GEOM_SRCE">Mapping</SimpleData>
		<SimpleData name="SHAPE_LEN">526.2151258368731</SimpleData>
	</SchemaData></ExtendedData>
      <MultiGeometry><LineString><coordinates>-116.62600048189,53.3980117690664 -116.625964109104,53.3980119517139 -116.625624626775,53.3980136549948 -116.62537006219,53.398046683098 -116.624054780392,53.3984897707584 -116.621176012283,53.4007961502638 -116.620927310103,53.4013475885245</coordinates></LineString></MultiGeometry>
  </Placemark>
  <Placemark>
	<Style><LineStyle><color>ff0000ff</color></LineStyle><PolyStyle><fill>0</fill></PolyStyle></Style>
	<ExtendedData><SchemaData schemaUrl="#TOU_Edson_Sept2026">
		<SimpleData name="OBJECTID">69623500</SimpleData>
		<SimpleData name="LIC_LI_NO">28988-2</SimpleData>
		<SimpleData name="COMP_NAME">Tourmaline Oil Corp.</SimpleData>
		<SimpleData name="SEG_LENGTH">2.86</SimpleData>
		<SimpleData name="SEG_STATUS">Discontinued</SimpleData>
		<SimpleData name="FROM_FAC">Blind End</SimpleData>
		<SimpleData name="FROM_LOC">11-01-052-15W5</SimpleData>
		<SimpleData name="TO_FAC">Blind End</SimpleData>
		<SimpleData name="TO_LOC">07-03-052-15W5</SimpleData>
		<SimpleData name="OUT_DIAMET">88.9</SimpleData>
		<SimpleData name="PIP_MATERL">Steel</SimpleData>
		<SimpleData name="SUBSTANCE1">Natural Gas</SimpleData>
		<SimpleData name="GEOM_SRCE">Mapping</SimpleData>
		<SimpleData name="SHAPE_LEN">2967.979046320249</SimpleData>
	</SchemaData></ExtendedData>
      <MultiGeometry><LineString><coordinates>-116.081346194775,53.4636740709377 -116.083321474202,53.4638444865882 -116.085633572453,53.46286307001 -116.090885462269,53.4606339408173 -116.107859285869,53.4605690321932 -116.121642113019,53.4601040840066 -116.121725385947,53.4600382091827 -116.121506722533,53.4591757769173 -116.121505465789,53.4588625681102 -116.121975594602,53.4587084574212</coordinates></LineString></MultiGeometry>
  </Placemark>
  <Placemark>
	<Style><LineStyle><color>ff0000ff</color></LineStyle><PolyStyle><fill>0</fill></PolyStyle></Style>
	<ExtendedData><SchemaData schemaUrl="#TOU_Edson_Sept2026">
		<SimpleData name="OBJECTID">69770306</SimpleData>
		<SimpleData name="LIC_LI_NO">35053-9</SimpleData>
		<SimpleData name="COMP_NAME">Tourmaline Oil Corp.</SimpleData>
		<SimpleData name="SEG_LENGTH">0.3</SimpleData>
		<SimpleData name="SEG_STATUS">Abandoned</SimpleData>
		<SimpleData name="FROM_FAC">Blind End</SimpleData>
		<SimpleData name="FROM_LOC">03-19-054-14W5</SimpleData>
		<SimpleData name="TO_FAC">Blind End</SimpleData>
		<SimpleData name="TO_LOC">02-19-054-14W5</SimpleData>
		<SimpleData name="OUT_DIAMET">114.3</SimpleData>
		<SimpleData name="PIP_MATERL">Steel</SimpleData>
		<SimpleData name="SUBSTANCE1">Natural Gas</SimpleData>
		<SimpleData name="GEOM_SRCE">mapping</SimpleData>
		<SimpleData name="SHAPE_LEN">316.9268029345491</SimpleData>
	</SchemaData></ExtendedData>
      <MultiGeometry><LineString><coordinates>-116.054812220545,53.6732439790276 -116.052362424035,53.6732545332071 -116.051008353881,53.67211463994</coordinates></LineString></MultiGeometry>
  </Placemark>
  <Placemark>
	<Style><LineStyle><color>ff0000ff</color></LineStyle><PolyStyle><fill>0</fill></PolyStyle></Style>
	<ExtendedData><SchemaData schemaUrl="#TOU_Edson_Sept2026">
		<SimpleData name="OBJECTID">69788706</SimpleData>
		<SimpleData name="LIC_LI_NO">34689-1</SimpleData>
		<SimpleData name="COMP_NAME">Tourmaline Oil Corp.</SimpleData>
		<SimpleData name="SEG_LENGTH">8.71</SimpleData>
		<SimpleData name="SEG_STATUS">Discontinued</SimpleData>
		<SimpleData name="FROM_FAC">Blind End</SimpleData>
		<SimpleData name="FROM_LOC">16-33-054-15W5</SimpleData>
		<SimpleData name="TO_FAC">Blind End</SimpleData>
		<SimpleData name="TO_LOC">10-11-054-15W5</SimpleData>
		<SimpleData name="OUT_DIAMET">168.3</SimpleData>
		<SimpleData name="PIP_MATERL">Steel</SimpleData>
		<SimpleData name="SUBSTANCE1">Natural Gas</SimpleData>
		<SimpleData name="GEOM_SRCE">Mapping</SimpleData>
		<SimpleData name="SHAPE_LEN">8104.8509224279405</SimpleData>
	</SchemaData></ExtendedData>
      <MultiGeometry><LineString><coordinates>-116.101132567173,53.6528848257046 -116.101368957941,53.6528742089225 -116.101351035653,53.6534860663051 -116.101594738708,53.6534798004649 -116.101547209745,53.6600516503451 -116.101509352942,53.6655349605943 -116.113510078875,53.6712937008275</coordinates></LineString><LineString><coordinates>-116.113510078875,53.6712937008275 -116.11545553693,53.6712924108301 -116.124597327758,53.6792269769427 -116.124423449852,53.6795853425362 -116.124625860049,53.7066732416237 -116.133396712242,53.7109896131115 -116.137765223062,53.7116139179363 -116.141808853668,53.711621848823 -116.141818186265,53.7123247022349</coordinates></LineString></MultiGeometry>
  </Placemark>
  <Placemark>
	<Style><LineStyle><color>ff0000ff</color></LineStyle><PolyStyle><fill>0</fill></PolyStyle></Style>
	<ExtendedData><SchemaData schemaUrl="#TOU_Edson_Sept2026">
		<SimpleData name="OBJECTID">69804707</SimpleData>
		<SimpleData name="LIC_LI_NO">42071-18</SimpleData>
		<SimpleData name="COMP_NAME">Tourmaline Oil Corp.</SimpleData>
		<SimpleData name="SEG_LENGTH">0.5</SimpleData>
		<SimpleData name="SEG_STATUS">Discontinued</SimpleData>
		<SimpleData name="FROM_FAC">Blind End</SimpleData>
		<SimpleData name="FROM_LOC">09-10-053-15W5</SimpleData>
		<SimpleData name="TO_FAC">Blind End</SimpleData>
		<SimpleData name="TO_LOC">10-10-053-15W5</SimpleData>
		<SimpleData name="OUT_DIAMET">168.3</SimpleData>
		<SimpleData name="PIP_MATERL">Steel</SimpleData>
		<SimpleData name="SUBSTANCE1">Natural Gas</SimpleData>
		<SimpleData name="GEOM_SRCE">Mapping</SimpleData>
		<SimpleData name="SHAPE_LEN">543.4919906301028</SimpleData>
	</SchemaData></ExtendedData>
      <MultiGeometry><LineString><coordinates>-116.11876033196,53.5637555101658 -116.120078968068,53.5631536991988 -116.124532737093,53.563185468953 -116.12461046023,53.5640939884585 -116.124752925847,53.564419352639</coordinates></LineString></MultiGeometry>
  </Placemark>
  <Placemark>
	<Style><LineStyle><color>ff0000ff</color></LineStyle><PolyStyle><fill>0</fill></PolyStyle></Style>
	<ExtendedData><SchemaData schemaUrl="#TOU_Edson_Sept2026">
		<SimpleData name="OBJECTID">69804708</SimpleData>
		<SimpleData name="LIC_LI_NO">42071-12</SimpleData>
		<SimpleData name="COMP_NAME">Tourmaline Oil Corp.</SimpleData>
		<SimpleData name="SEG_LENGTH">0.6</SimpleData>
		<SimpleData name="SEG_STATUS">Discontinued</SimpleData>
		<SimpleData name="FROM_FAC">Blind End</SimpleData>
		<SimpleData name="FROM_LOC">16-10-053-15W5</SimpleData>
		<SimpleData name="TO_FAC">Blind End</SimpleData>
		<SimpleData name="TO_LOC">10-10-053-15W5</SimpleData>
		<SimpleData name="OUT_DIAMET">114.3</SimpleData>
		<SimpleData name="PIP_MATERL">Steel</SimpleData>
		<SimpleData name="SUBSTANCE1">Natural Gas</SimpleData>
		<SimpleData name="GEOM_SRCE">Mapping</SimpleData>
		<SimpleData name="SHAPE_LEN">622.804395207302</SimpleData>
	</SchemaData></ExtendedData>
      <MultiGeometry><LineString><coordinates>-116.117519837605,53.567368762242 -116.120565745357,53.567266077229 -116.124752923152,53.5644192630066</coordinates></LineString></MultiGeometry>
  </Placemark>
  <Placemark>
	<Style><LineStyle><color>ff0000ff</color></LineStyle><PolyStyle><fill>0</fill></PolyStyle></Style>
	<ExtendedData><SchemaData schemaUrl="#TOU_Edson_Sept2026">
		<SimpleData name="OBJECTID">70152723</SimpleData>
		<SimpleData name="LIC_LI_NO">50289-19</SimpleData>
		<SimpleData name="COMP_NAME">Tourmaline Oil Corp.</SimpleData>
		<SimpleData name="SEG_LENGTH">1.7</SimpleData>
		<SimpleData name="SEG_STATUS">Discontinued</SimpleData>
		<SimpleData name="FROM_FAC">Blind End</SimpleData>
		<SimpleData name="FROM_LOC">11-02-053-18W5</SimpleData>
		<SimpleData name="TO_FAC">Blind End</SimpleData>
		<SimpleData name="TO_LOC">07-11-053-18W5</SimpleData>
		<SimpleData name="OUT_DIAMET">273.1</SimpleData>
		<SimpleData name="PIP_MATERL">Steel</SimpleData>
		<SimpleData name="SUBSTANCE1">Natural Gas</SimpleData>
		<SimpleData name="GEOM_SRCE">Mapping</SimpleData>
		<SimpleData name="SHAPE_LEN">1703.4289041192771</SimpleData>
	</SchemaData></ExtendedData>
      <MultiGeometry><LineString><coordinates>-116.547408458717,53.5494616010124 -116.546671745861,53.5500617366578 -116.543769137363,53.5524857468943 -116.541686432902,53.5519158740235 -116.54006378175,53.5526034763403 -116.539540342417,53.5528184417647 -116.539931786896,53.555711697862</coordinates></LineString><LineString><coordinates>-116.539931786896,53.555711697862 -116.540083395566,53.5570152299178 -116.539716111277,53.5571545678929 -116.539380409059,53.5573143861215 -116.538987373664,53.557584558131 -116.540193495782,53.559004232445 -116.54057378588,53.5594554369877 -116.543072366299,53.5594660329924</coordinates></LineString></MultiGeometry>
  </Placemark>
  <Placemark>
	<Style><LineStyle><color>ff0000ff</color></LineStyle><PolyStyle><fill>0</fill></PolyStyle></Style>
	<ExtendedData><SchemaData schemaUrl="#TOU_Edson_Sept2026">
		<SimpleData name="OBJECTID">70245536</SimpleData>
		<SimpleData name="LIC_LI_NO">35053-7</SimpleData>
		<SimpleData name="COMP_NAME">Tourmaline Oil Corp.</SimpleData>
		<SimpleData name="SEG_LENGTH">0.51</SimpleData>
		<SimpleData name="SEG_STATUS">Discontinued</SimpleData>
		<SimpleData name="FROM_FAC">Blind End</SimpleData>
		<SimpleData name="FROM_LOC">08-28-053-15W5</SimpleData>
		<SimpleData name="TO_FAC">Blind End</SimpleData>
		<SimpleData name="TO_LOC">01-28-053-15W5</SimpleData>
		<SimpleData name="OUT_DIAMET">114.3</SimpleData>
		<SimpleData name="PIP_MATERL">Steel</SimpleData>
		<SimpleData name="SUBSTANCE1">Natural Gas</SimpleData>
		<SimpleData name="GEOM_SRCE">Mapping</SimpleData>
		<SimpleData name="SHAPE_LEN">476.841968168325</SimpleData>
	</SchemaData></ExtendedData>
      <MultiGeometry><LineString><coordinates>-116.14370988554,53.6060194384891 -116.143542979459,53.6017330724593</coordinates></LineString></MultiGeometry>
  </Placemark>
  <Placemark>
	<Style><LineStyle><color>ff0000ff</color></LineStyle><PolyStyle><fill>0</fill></PolyStyle></Style>
	<ExtendedData><SchemaData schemaUrl="#TOU_Edson_Sept2026">
		<SimpleData name="OBJECTID">70246336</SimpleData>
		<SimpleData name="LIC_LI_NO">42009-5</SimpleData>
		<SimpleData name="COMP_NAME">Tourmaline Oil Corp.</SimpleData>
		<SimpleData name="SEG_LENGTH">1.32</SimpleData>
		<SimpleData name="SEG_STATUS">Operating</SimpleData>
		<SimpleData name="FROM_FAC">Well</SimpleData>
		<SimpleData name="FROM_LOC">02-25-052-15W5</SimpleData>
		<SimpleData name="TO_FAC">Pipeline</SimpleData>
		<SimpleData name="TO_LOC">11-25-052-15W5</SimpleData>
		<SimpleData name="OUT_DIAMET">114.3</SimpleData>
		<SimpleData name="PIP_MATERL">Steel</SimpleData>
		<SimpleData name="SUBSTANCE1">Natural Gas</SimpleData>
		<SimpleData name="GEOM_SRCE">Mapping</SimpleData>
		<SimpleData name="SHAPE_LEN">1382.6506121943448</SimpleData>
	</SchemaData></ExtendedData>
      <MultiGeometry><LineString><coordinates>-116.082525046735,53.5218276856825 -116.081792842524,53.5217495115665 -116.073087388581,53.5166384295395 -116.073088949853,53.5137700854882 -116.072662458502,53.5134944341694 -116.072691375271,53.5126851577112 -116.073787270511,53.5126701024213</coordinates></LineString></MultiGeometry>
  </Placemark>
  <Placemark>
	<Style><LineStyle><color>ff0000ff</color></LineStyle><PolyStyle><fill>0</fill></PolyStyle></Style>
	<ExtendedData><SchemaData schemaUrl="#TOU_Edson_Sept2026">
		<SimpleData name="OBJECTID">70299941</SimpleData>
		<SimpleData name="LIC_LI_NO">61959-1</SimpleData>
		<SimpleData name="COMP_NAME">Tourmaline Oil Corp.</SimpleData>
		<SimpleData name="SEG_LENGTH">0.25</SimpleData>
		<SimpleData name="SEG_STATUS">Discontinued</SimpleData>
		<SimpleData name="FROM_FAC">Blind End</SimpleData>
		<SimpleData name="FROM_LOC">14-34-052-16W5</SimpleData>
		<SimpleData name="TO_FAC">Blind End</SimpleData>
		<SimpleData name="TO_LOC">14-34-052-16W5</SimpleData>
		<SimpleData name="OUT_DIAMET">114.3</SimpleData>
		<SimpleData name="PIP_MATERL">Steel</SimpleData>
		<SimpleData name="SUBSTANCE1">Natural Gas</SimpleData>
		<SimpleData name="GEOM_SRCE">Mapping</SimpleData>
		<SimpleData name="SHAPE_LEN">175.5485618091752</SimpleData>
	</SchemaData></ExtendedData>
      <MultiGeometry><LineString><coordinates>-116.278869711486,53.5384812787063 -116.277946358358,53.5390557233693 -116.278133205242,53.5398308895576</coordinates></LineString></MultiGeometry>
  </Placemark>
  <Placemark>
	<Style><LineStyle><color>ff0000ff</color></LineStyle><PolyStyle><fill>0</fill></PolyStyle></Style>
	<ExtendedData><SchemaData schemaUrl="#TOU_Edson_Sept2026">
		<SimpleData name="OBJECTID">70306743</SimpleData>
		<SimpleData name="LIC_LI_NO">51207-1</SimpleData>
		<SimpleData name="COMP_NAME">Tourmaline Oil Corp.</SimpleData>
		<SimpleData name="SEG_LENGTH">0.25</SimpleData>
		<SimpleData name="SEG_STATUS">Discontinued</SimpleData>
		<SimpleData name="FROM_FAC">Blind End</SimpleData>
		<SimpleData name="FROM_LOC">08-14-053-15W5</SimpleData>
		<SimpleData name="TO_FAC">Blind End</SimpleData>
		<SimpleData name="TO_LOC">05-13-053-15W5</SimpleData>
		<SimpleData name="OUT_DIAMET">114.3</SimpleData>
		<SimpleData name="PIP_MATERL">Steel</SimpleData>
		<SimpleData name="SUBSTANCE1">Natural Gas</SimpleData>
		<SimpleData name="GEOM_SRCE">Mapping</SimpleData>
		<SimpleData name="SHAPE_LEN">246.47076379859863</SimpleData>
	</SchemaData></ExtendedData>
      <MultiGeometry><LineString><coordinates>-116.09248003478,53.5759522656718 -116.091009555542,53.5758689248583 -116.088825462727,53.5755560969151</coordinates></LineString></MultiGeometry>
  </Placemark>
  <Placemark>
	<Style><LineStyle><color>ff0000ff</color></LineStyle><PolyStyle><fill>0</fill></PolyStyle></Style>
	<ExtendedData><SchemaData schemaUrl="#TOU_Edson_Sept2026">
		<SimpleData name="OBJECTID">70306744</SimpleData>
		<SimpleData name="LIC_LI_NO">51207-3</SimpleData>
		<SimpleData name="COMP_NAME">Tourmaline Oil Corp.</SimpleData>
		<SimpleData name="SEG_LENGTH">0.73</SimpleData>
		<SimpleData name="SEG_STATUS">Discontinued</SimpleData>
		<SimpleData name="FROM_FAC">Blind End</SimpleData>
		<SimpleData name="FROM_LOC">13-12-053-15W5</SimpleData>
		<SimpleData name="TO_FAC">Blind End</SimpleData>
		<SimpleData name="TO_LOC">05-13-053-15W5</SimpleData>
		<SimpleData name="OUT_DIAMET">114.3</SimpleData>
		<SimpleData name="PIP_MATERL">Steel</SimpleData>
		<SimpleData name="SUBSTANCE1">Natural Gas</SimpleData>
		<SimpleData name="GEOM_SRCE">Mapping</SimpleData>
		<SimpleData name="SHAPE_LEN">841.2925440919031</SimpleData>
	</SchemaData></ExtendedData>
      <MultiGeometry><LineString><coordinates>-116.088015772534,53.5672883477739 -116.088848922231,53.5676072892855 -116.088814646113,53.5688781719023 -116.087878538705,53.5693457637053 -116.08789926733,53.5697295610546 -116.087898359133,53.5701179612986 -116.087891205849,53.5708457109718 -116.088165813644,53.5709262152292 -116.088105111786,53.5742200732272</coordinates></LineString></MultiGeometry>
  </Placemark>
  <Placemark>
	<Style><LineStyle><color>ff0000ff</color></LineStyle><PolyStyle><fill>0</fill></PolyStyle></Style>
	<ExtendedData><SchemaData schemaUrl="#TOU_Edson_Sept2026">
		<SimpleData name="OBJECTID">70519548</SimpleData>
		<SimpleData name="LIC_LI_NO">55018-45</SimpleData>
		<SimpleData name="COMP_NAME">Tourmaline Oil Corp.</SimpleData>
		<SimpleData name="SEG_LENGTH">6.79</SimpleData>
		<SimpleData name="SEG_STATUS">Permitted</SimpleData>
		<SimpleData name="FROM_FAC">Pipeline</SimpleData>
		<SimpleData name="FROM_LOC">12-07-049-17W5</SimpleData>
		<SimpleData name="TO_FAC">Battery</SimpleData>
		<SimpleData name="TO_LOC">15-25-049-18W5</SimpleData>
		<SimpleData name="OUT_DIAMET">219.1</SimpleData>
		<SimpleData name="PIP_MATERL">Steel</SimpleData>
		<SimpleData name="SUBSTANCE1">Natural Gas</SimpleData>
		<SimpleData name="GEOM_SRCE">ROW centre-line</SimpleData>
		<SimpleData name="SHAPE_LEN">6931.536448419956</SimpleData>
	</SchemaData></ExtendedData>
      <MultiGeometry><LineString><coordinates>-116.486305558843,53.2155076697786 -116.486872710197,53.2155113507468 -116.486854518415,53.2166026887456 -116.486688130661,53.2167717552776 -116.486688405545,53.2187697700584 -116.488247785657,53.2199805191403 -116.490226835314,53.2215130260366 -116.49460679606,53.2249070866777 -116.49978548935,53.2289041956885 -116.501853550373,53.2295151447675 -116.502154318907,53.2303911295185 -116.504147867372,53.2319279167105 -116.504502592314,53.2323298307776 -116.506239298067,53.2336677505965 -116.507169602358,53.2344137858291 -116.512616316098,53.2386200217432 -116.516667043394,53.2417471401672 -116.519346127694,53.2448617003647 -116.518987716963,53.2450753050136 -116.512593820486,53.24893167383 -116.509969941254,53.2505018817719 -116.508834584821,53.2511805636176 -116.508415975289,53.2514813481184 -116.504242261443,53.2540097332005 -116.503810579627,53.2544335642624 -116.49395024886,53.2602697012562 -116.493949638006,53.2638695092715 -116.494400019153,53.2642838188549</coordinates></LineString></MultiGeometry>
  </Placemark>
  <Placemark>
	<Style><LineStyle><color>ff0000ff</color></LineStyle><PolyStyle><fill>0</fill></PolyStyle></Style>
	<ExtendedData><SchemaData schemaUrl="#TOU_Edson_Sept2026">
		<SimpleData name="OBJECTID">70837577</SimpleData>
		<SimpleData name="LIC_LI_NO">50289-14</SimpleData>
		<SimpleData name="COMP_NAME">Tourmaline Oil Corp.</SimpleData>
		<SimpleData name="SEG_LENGTH">24.3</SimpleData>
		<SimpleData name="SEG_STATUS">Operating</SimpleData>
		<SimpleData name="FROM_FAC">Battery</SimpleData>
		<SimpleData name="FROM_LOC">12-31-050-17W5</SimpleData>
		<SimpleData name="TO_FAC">Pipeline</SimpleData>
		<SimpleData name="TO_LOC">06-02-053-18W5</SimpleData>
		<SimpleData name="OUT_DIAMET">273.1</SimpleData>
		<SimpleData name="PIP_MATERL">Steel</SimpleData>
		<SimpleData name="SUBSTANCE1">Natural Gas</SimpleData>
		<SimpleData name="GEOM_SRCE">Mapping</SimpleData>
		<SimpleData name="SHAPE_LEN">24230.582968078943</SimpleData>
	</SchemaData></ExtendedData>
      <MultiGeometry><LineString><coordinates>-116.484398954721,53.3600373356836 -116.485182595567,53.3603884105674 -116.485982603718,53.3596882366718 -116.486180669662,53.3596166617438 -116.486973207423,53.3590159752964 -116.48869983857,53.359017799691 -116.488706980176,53.3667364521446 -116.494609284394,53.3666954977829 -116.498954405778,53.366882297165 -116.501914271995,53.3671313942517 -116.507460908937,53.3671538563457 -116.50746523702,53.3796099728461 -116.507467967,53.3875640900762 -116.507470799388,53.3957669098169 -116.507478150302,53.4212114786924 -116.507481104861,53.4379635285247 -116.507489987402,53.4607166721335 -116.507504415244,53.4736925131598 -116.507512930375,53.478859683208 -116.508337212801,53.4792739624851 -116.508357167079,53.4894204894115 -116.512418590615,53.4924157700463 -116.511120089347,53.4927022513461 -116.512372271683,53.4935924063333 -116.51337463164,53.4933712652483 -116.514113425892,53.4974431821586 -116.514708831059,53.4984377106421 -116.514787302493,53.4988728313932 -116.515373644557,53.4991618147103 -116.516695713127,53.5064837702102 -116.517563930357,53.5112763741496 -116.517182064615,53.5167450121126 -116.518244264946,53.5182133288869 -116.518258367598,53.5209783675807 -116.518487232281,53.521120741848 -116.518487844932,53.5212576836066 -116.518259990853,53.5213778343327 -116.518276424633,53.5261326758383 -116.51836600643,53.5261448053167 -116.520179573835,53.5261462706369 -116.522827613256,53.5265074256671 -116.5240588891,53.5276484978376 -116.525486180933,53.5283795621152 -116.529502522517,53.5304365065823 -116.531380186514,53.5313980189084 -116.532581368796,53.5313982057883 -116.532581355321,53.5320284252951 -116.535014381183,53.5332743061041 -116.536257013529,53.5339105346218 -116.539002168019,53.5338892523931 -116.540845360963,53.5348383415092 -116.542900180819,53.5369022003856 -116.543109988642,53.5370330904095 -116.544097690788,53.5374547672868 -116.54447707718,53.5374174708415 -116.545498251453,53.5378534321542 -116.546992381535,53.5379237773852 -116.547112690206,53.538000593409 -116.546937465725,53.5393578647388 -116.546477819354,53.5395916186606 -116.546439399308,53.5398753356744 -116.546600845429,53.5406565484486 -116.546693065578,53.5408170258065 -116.546661451168,53.5412736450422 -116.546280135194,53.5454999616368 -116.547218781242,53.5464289866579 -116.547216954068,53.5484541233054</coordinates></LineString></MultiGeometry>
  </Placemark>
  <Placemark>
	<Style><LineStyle><color>ff0000ff</color></LineStyle><PolyStyle><fill>0</fill></PolyStyle></Style>
	<ExtendedData><SchemaData schemaUrl="#TOU_Edson_Sept2026">
		<SimpleData name="OBJECTID">70849178</SimpleData>
		<SimpleData name="LIC_LI_NO">52422-4</SimpleData>
		<SimpleData name="COMP_NAME">Tourmaline Oil Corp.</SimpleData>
		<SimpleData name="SEG_LENGTH">1.57</SimpleData>
		<SimpleData name="SEG_STATUS">Discontinued</SimpleData>
		<SimpleData name="FROM_FAC">Blind End</SimpleData>
		<SimpleData name="FROM_LOC">08-25-054-15W5</SimpleData>
		<SimpleData name="TO_FAC">Pipeline</SimpleData>
		<SimpleData name="TO_LOC">11-24-054-15W5</SimpleData>
		<SimpleData name="OUT_DIAMET">88.9</SimpleData>
		<SimpleData name="PIP_MATERL">Steel</SimpleData>
		<SimpleData name="SUBSTANCE1">Natural Gas</SimpleData>
		<SimpleData name="GEOM_SRCE">Mapping</SimpleData>
		<SimpleData name="SHAPE_LEN">1590.0516500958847</SimpleData>
	</SchemaData></ExtendedData>
      <MultiGeometry><LineString><coordinates>-116.071063676486,53.6926338433306 -116.077896565269,53.6890701671752 -116.077888871198,53.687312352747 -116.078317735898,53.6870559842706 -116.078269490978,53.6838366615903 -116.078368903039,53.6837348330876 -116.082583725588,53.6836665291139 -116.082525664776,53.6827284717374</coordinates></LineString></MultiGeometry>
  </Placemark>
  <Placemark>
	<Style><LineStyle><color>ff0000ff</color></LineStyle><PolyStyle><fill>0</fill></PolyStyle></Style>
	<ExtendedData><SchemaData schemaUrl="#TOU_Edson_Sept2026">
		<SimpleData name="OBJECTID">70849578</SimpleData>
		<SimpleData name="LIC_LI_NO">47831-32</SimpleData>
		<SimpleData name="COMP_NAME">Tourmaline Oil Corp.</SimpleData>
		<SimpleData name="SEG_LENGTH">2.26</SimpleData>
		<SimpleData name="SEG_STATUS">Discontinued</SimpleData>
		<SimpleData name="FROM_FAC">Pipeline</SimpleData>
		<SimpleData name="FROM_LOC">11-24-054-15W5</SimpleData>
		<SimpleData name="TO_FAC">Blind End</SimpleData>
		<SimpleData name="TO_LOC">10-14-054-15W5</SimpleData>
		<SimpleData name="OUT_DIAMET">88.9</SimpleData>
		<SimpleData name="PIP_MATERL">Steel</SimpleData>
		<SimpleData name="SUBSTANCE1">Natural Gas</SimpleData>
		<SimpleData name="GEOM_SRCE">Mapping</SimpleData>
		<SimpleData name="SHAPE_LEN">2258.5355306438014</SimpleData>
	</SchemaData></ExtendedData>
      <MultiGeometry><LineString><coordinates>-116.081780307432,53.6828321807444 -116.089122734119,53.675052901659 -116.090807042039,53.6747432271314 -116.093841595985,53.6724592835718 -116.094327382433,53.6715895583518 -116.098819306501,53.6675342672742 -116.100348567898,53.6661403372639</coordinates></LineString></MultiGeometry>
  </Placemark>
  <Placemark>
	<Style><LineStyle><color>ff0000ff</color></LineStyle><PolyStyle><fill>0</fill></PolyStyle></Style>
	<ExtendedData><SchemaData schemaUrl="#TOU_Edson_Sept2026">
		<SimpleData name="OBJECTID">70911982</SimpleData>
		<SimpleData name="LIC_LI_NO">55137-3</SimpleData>
		<SimpleData name="COMP_NAME">Tourmaline Oil Corp.</SimpleData>
		<SimpleData name="SEG_LENGTH">0.2</SimpleData>
		<SimpleData name="SEG_STATUS">Discontinued</SimpleData>
		<SimpleData name="FROM_FAC">Blind End</SimpleData>
		<SimpleData name="FROM_LOC">06-02-053-18W5</SimpleData>
		<SimpleData name="TO_FAC">Blind End</SimpleData>
		<SimpleData name="TO_LOC">06-02-053-18W5</SimpleData>
		<SimpleData name="OUT_DIAMET">273.1</SimpleData>
		<SimpleData name="PIP_MATERL">Steel</SimpleData>
		<SimpleData name="SUBSTANCE1">Natural Gas</SimpleData>
		<SimpleData name="GEOM_SRCE">mapping</SimpleData>
		<SimpleData name="SHAPE_LEN">200.200415892867</SimpleData>
	</SchemaData></ExtendedData>
      <MultiGeometry><LineString><coordinates>-116.547560000014,53.5484300041516 -116.547560526427,53.5483352678892 -116.547561053738,53.5482405308811 -116.547561578354,53.5481457936609 -116.547562105665,53.5480510572961 -116.547562632078,53.5479563201855 -116.547563158491,53.5478615839304 -116.547563684005,53.5477668469293 -116.547564210418,53.5476721097163 -116.547564737729,53.5475773733587 -116.547565264142,53.5474826362552 -116.547565788758,53.5473878994735 -116.547566316069,53.5472931630134 -116.547566842482,53.5471984258075 -116.547567368894,53.5471036883896 -116.547567894409,53.5470089523608 -116.547568420821,53.5469142150525 -116.547568948133,53.5468194791334 -116.547569474545,53.5467247419347 -116.54757000006,53.546630004524</coordinates></LineString></MultiGeometry>
  </Placemark>
  <Placemark>
	<Style><LineStyle><color>ff0000ff</color></LineStyle><PolyStyle><fill>0</fill></PolyStyle></Style>
	<ExtendedData><SchemaData schemaUrl="#TOU_Edson_Sept2026">
		<SimpleData name="OBJECTID">70964785</SimpleData>
		<SimpleData name="LIC_LI_NO">55018-46</SimpleData>
		<SimpleData name="COMP_NAME">Tourmaline Oil Corp.</SimpleData>
		<SimpleData name="SEG_LENGTH">2.4</SimpleData>
		<SimpleData name="SEG_STATUS">Permitted</SimpleData>
		<SimpleData name="FROM_FAC">Battery</SimpleData>
		<SimpleData name="FROM_LOC">01-05-050-17W5</SimpleData>
		<SimpleData name="TO_FAC">Pipeline</SimpleData>
		<SimpleData name="TO_LOC">05-09-050-17W5</SimpleData>
		<SimpleData name="OUT_DIAMET">219.1</SimpleData>
		<SimpleData name="PIP_MATERL">Steel</SimpleData>
		<SimpleData name="SUBSTANCE1">Natural Gas</SimpleData>
		<SimpleData name="GEOM_SRCE">ROW centre-line</SimpleData>
		<SimpleData name="SHAPE_LEN">2395.7702782207703</SimpleData>
	</SchemaData></ExtendedData>
      <MultiGeometry><LineString><coordinates>-116.439706984208,53.2803719087237 -116.44010695819,53.2810720811003 -116.442374095761,53.2833188193079 -116.441779871879,53.2839740921662 -116.440992138308,53.2845480999219 -116.438631635236,53.2854604447281 -116.436742486278,53.2860004153276 -116.436340187457,53.2866990997654 -116.437959819371,53.2937921389171 -116.437617426501,53.2944231630642 -116.435728085303,53.2952128932324 -116.435519940262,53.2954120032269 -116.435489233151,53.2956455298836 -116.43559795086,53.2958860769405 -116.435994092629,53.2962477357761 -116.437582966228,53.2981208353464 -116.438118771769,53.2985741030602</coordinates></LineString></MultiGeometry>
  </Placemark>
  <Placemark>
	<Style><LineStyle><color>ff0000ff</color></LineStyle><PolyStyle><fill>0</fill></PolyStyle></Style>
	<ExtendedData><SchemaData schemaUrl="#TOU_Edson_Sept2026">
		<SimpleData name="OBJECTID">71071595</SimpleData>
		<SimpleData name="LIC_LI_NO">50289-24</SimpleData>
		<SimpleData name="COMP_NAME">Tourmaline Oil Corp.</SimpleData>
		<SimpleData name="SEG_LENGTH">3.76</SimpleData>
		<SimpleData name="SEG_STATUS">Operating</SimpleData>
		<SimpleData name="FROM_FAC">Pipeline</SimpleData>
		<SimpleData name="FROM_LOC">06-02-053-18W5</SimpleData>
		<SimpleData name="TO_FAC">Pipeline</SimpleData>
		<SimpleData name="TO_LOC">15-25-052-18W5</SimpleData>
		<SimpleData name="OUT_DIAMET">168.3</SimpleData>
		<SimpleData name="PIP_MATERL">Steel</SimpleData>
		<SimpleData name="SUBSTANCE1">Natural Gas</SimpleData>
		<SimpleData name="GEOM_SRCE">Mapping</SimpleData>
		<SimpleData name="SHAPE_LEN">3710.79233963277</SimpleData>
	</SchemaData></ExtendedData>
      <MultiGeometry><LineString><coordinates>-116.547447031477,53.5484541964261 -116.547448881108,53.54639097168 -116.546513651354,53.5454653336324 -116.546891234828,53.5412801448106 -116.546924683597,53.5407969785814 -116.546826230937,53.5406256591379 -116.546670569068,53.5398724433524 -116.546699461583,53.5396590692008 -116.54715948884,53.5394251197316 -116.547349778068,53.5379511104908 -116.54709959816,53.5377913739468 -116.545580200264,53.5377198395831 -116.544533626127,53.5372730340265 -116.544154238837,53.5373103316667 -116.543261473345,53.5369291849979 -116.543084637286,53.5368188648326 -116.541024086179,53.5347492576606 -116.539086495569,53.5337515618124 -116.536340970973,53.5337728499833 -116.535164292935,53.5331703887987 -116.532811342898,53.5319655176014 -116.532811353678,53.5312612161857 -116.531465464482,53.5312610084813 -116.529652427981,53.5303325908561 -116.525636089991,53.5282756514874 -116.524234201616,53.5275576009154 -116.52297032591,53.5263863208034 -116.520205710318,53.5260092667157 -116.518505947781,53.5260078953766</coordinates></LineString></MultiGeometry>
  </Placemark>
  <Placemark>
	<Style><LineStyle><color>ff0000ff</color></LineStyle><PolyStyle><fill>0</fill></PolyStyle></Style>
	<ExtendedData><SchemaData schemaUrl="#TOU_Edson_Sept2026">
		<SimpleData name="OBJECTID">71078395</SimpleData>
		<SimpleData name="LIC_LI_NO">50289-22</SimpleData>
		<SimpleData name="COMP_NAME">Tourmaline Oil Corp.</SimpleData>
		<SimpleData name="SEG_LENGTH">1.99</SimpleData>
		<SimpleData name="SEG_STATUS">Discontinued</SimpleData>
		<SimpleData name="FROM_FAC">Blind End</SimpleData>
		<SimpleData name="FROM_LOC">11-02-053-18W5</SimpleData>
		<SimpleData name="TO_FAC">Blind End</SimpleData>
		<SimpleData name="TO_LOC">04-11-053-18W5</SimpleData>
		<SimpleData name="OUT_DIAMET">273.1</SimpleData>
		<SimpleData name="PIP_MATERL">Steel</SimpleData>
		<SimpleData name="SUBSTANCE1">Natural Gas</SimpleData>
		<SimpleData name="GEOM_SRCE">Mapping</SimpleData>
		<SimpleData name="SHAPE_LEN">1976.8241932659444</SimpleData>
	</SchemaData></ExtendedData>
      <MultiGeometry><LineString><coordinates>-116.556672714174,53.5594045016396 -116.555163381901,53.5594102067773 -116.555055675695,53.5593454631306 -116.555058085875,53.5589453273099</coordinates></LineString><LineString><coordinates>-116.547178890653,53.5494164385738 -116.547170142859,53.550177935775 -116.546913854407,53.5504041928006 -116.546897988362,53.5507311865215 -116.547012072606,53.5508510481664 -116.546865567265,53.5510189223187 -116.547843434656,53.5520156674525 -116.550852844757,53.5525667162431 -116.551699964154,53.5525437036086 -116.551775572657,53.5524583303132 -116.552500365767,53.5524489221199 -116.552502730133,53.5528379709712 -116.552604648494,53.5556215362289 -116.557291777372,53.5556186561892 -116.558855333752,53.5576519869378 -116.557424171078,53.5594444338521 -116.556672785141,53.5594451328536</coordinates></LineString></MultiGeometry>
  </Placemark>
  <Placemark>
	<Style><LineStyle><color>ff0000ff</color></LineStyle><PolyStyle><fill>0</fill></PolyStyle></Style>
	<ExtendedData><SchemaData schemaUrl="#TOU_Edson_Sept2026">
		<SimpleData name="OBJECTID">71203608</SimpleData>
		<SimpleData name="LIC_LI_NO">54804-1</SimpleData>
		<SimpleData name="COMP_NAME">Tourmaline Oil Corp.</SimpleData>
		<SimpleData name="SEG_LENGTH">1.3</SimpleData>
		<SimpleData name="SEG_STATUS">Discontinued</SimpleData>
		<SimpleData name="FROM_FAC">Blind End</SimpleData>
		<SimpleData name="FROM_LOC">16-26-053-15W5</SimpleData>
		<SimpleData name="TO_FAC">Blind End</SimpleData>
		<SimpleData name="TO_LOC">14-25-053-15W5</SimpleData>
		<SimpleData name="OUT_DIAMET">114.3</SimpleData>
		<SimpleData name="PIP_MATERL">Steel</SimpleData>
		<SimpleData name="SUBSTANCE1">Natural Gas</SimpleData>
		<SimpleData name="GEOM_SRCE">Mapping</SimpleData>
		<SimpleData name="SHAPE_LEN">1281.2320851366946</SimpleData>
	</SchemaData></ExtendedData>
      <MultiGeometry><LineString><coordinates>-116.095294105324,53.6106869425376 -116.090599288664,53.6136157899617 -116.078031095169,53.6137014927894</coordinates></LineString></MultiGeometry>
  </Placemark>
  <Placemark>
	<Style><LineStyle><color>ff0000ff</color></LineStyle><PolyStyle><fill>0</fill></PolyStyle></Style>
	<ExtendedData><SchemaData schemaUrl="#TOU_Edson_Sept2026">
		<SimpleData name="OBJECTID">71204808</SimpleData>
		<SimpleData name="LIC_LI_NO">37219-1</SimpleData>
		<SimpleData name="COMP_NAME">Tourmaline Oil Corp.</SimpleData>
		<SimpleData name="SEG_LENGTH">0.39</SimpleData>
		<SimpleData name="SEG_STATUS">Discontinued</SimpleData>
		<SimpleData name="FROM_FAC">Blind End</SimpleData>
		<SimpleData name="FROM_LOC">11-13-054-15W5</SimpleData>
		<SimpleData name="TO_FAC">Blind End</SimpleData>
		<SimpleData name="TO_LOC">11-13-054-15W5</SimpleData>
		<SimpleData name="OUT_DIAMET">88.9</SimpleData>
		<SimpleData name="PIP_MATERL">Steel</SimpleData>
		<SimpleData name="SUBSTANCE1">Natural Gas</SimpleData>
		<SimpleData name="GEOM_SRCE">Mapping</SimpleData>
		<SimpleData name="SHAPE_LEN">327.1573438564851</SimpleData>
	</SchemaData></ExtendedData>
      <MultiGeometry><LineString><coordinates>-116.078779188782,53.6649045090846 -116.080957956384,53.667546257229</coordinates></LineString></MultiGeometry>
  </Placemark>
  <Placemark>
	<Style><LineStyle><color>ff0000ff</color></LineStyle><PolyStyle><fill>0</fill></PolyStyle></Style>
	<ExtendedData><SchemaData schemaUrl="#TOU_Edson_Sept2026">
		<SimpleData name="OBJECTID">71205608</SimpleData>
		<SimpleData name="LIC_LI_NO">55018-16</SimpleData>
		<SimpleData name="COMP_NAME">Tourmaline Oil Corp.</SimpleData>
		<SimpleData name="SEG_LENGTH">0.75</SimpleData>
		<SimpleData name="SEG_STATUS">Operating</SimpleData>
		<SimpleData name="FROM_FAC">Pipeline</SimpleData>
		<SimpleData name="FROM_LOC">01-36-050-18W5</SimpleData>
		<SimpleData name="TO_FAC">Battery</SimpleData>
		<SimpleData name="TO_LOC">12-31-050-17W5</SimpleData>
		<SimpleData name="OUT_DIAMET">219.1</SimpleData>
		<SimpleData name="PIP_MATERL">Steel</SimpleData>
		<SimpleData name="SUBSTANCE1">Natural Gas</SimpleData>
		<SimpleData name="GEOM_SRCE">Mapping</SimpleData>
		<SimpleData name="SHAPE_LEN">682.3704894151604</SimpleData>
	</SchemaData></ExtendedData>
      <MultiGeometry><LineString><coordinates>-116.491229480935,53.355194382122 -116.488192056872,53.3574296444611 -116.484820464913,53.3599840520558</coordinates></LineString></MultiGeometry>
  </Placemark>
  <Placemark>
	<Style><LineStyle><color>ff0000ff</color></LineStyle><PolyStyle><fill>0</fill></PolyStyle></Style>
	<ExtendedData><SchemaData schemaUrl="#TOU_Edson_Sept2026">
		<SimpleData name="OBJECTID">71406820</SimpleData>
		<SimpleData name="LIC_LI_NO">56338-19</SimpleData>
		<SimpleData name="COMP_NAME">Tourmaline Oil Corp.</SimpleData>
		<SimpleData name="SEG_LENGTH">3.82</SimpleData>
		<SimpleData name="SEG_STATUS">Permitted</SimpleData>
		<SimpleData name="FROM_FAC">Battery</SimpleData>
		<SimpleData name="FROM_LOC">03-28-051-15W5</SimpleData>
		<SimpleData name="TO_FAC">Battery</SimpleData>
		<SimpleData name="TO_LOC">13-33-051-15W5</SimpleData>
		<SimpleData name="OUT_DIAMET">219.1</SimpleData>
		<SimpleData name="PIP_MATERL">Steel</SimpleData>
		<SimpleData name="SUBSTANCE1">Natural Gas</SimpleData>
		<SimpleData name="GEOM_SRCE">ROW centre-line</SimpleData>
		<SimpleData name="SHAPE_LEN">3811.9682606373335</SimpleData>
	</SchemaData></ExtendedData>
      <MultiGeometry><LineString><coordinates>-116.153045442077,53.4270743716752 -116.153992759562,53.4263749642391 -116.154545358209,53.4263744771471 -116.159636958035,53.4286618486733 -116.163844144905,53.4286578756082 -116.163853354433,53.4321524231208 -116.16386531101,53.439381381706 -116.163880516793,53.446606839508 -116.163894553867,53.4536334578693 -116.162194614363,53.4536314658175 -116.16105553082,53.4533441445317</coordinates></LineString></MultiGeometry>
  </Placemark>
  <Placemark>
	<Style><LineStyle><color>ff0000ff</color></LineStyle><PolyStyle><fill>0</fill></PolyStyle></Style>
	<ExtendedData><SchemaData schemaUrl="#TOU_Edson_Sept2026">
		<SimpleData name="OBJECTID">71459621</SimpleData>
		<SimpleData name="LIC_LI_NO">50289-29</SimpleData>
		<SimpleData name="COMP_NAME">Tourmaline Oil Corp.</SimpleData>
		<SimpleData name="SEG_LENGTH">2.34</SimpleData>
		<SimpleData name="SEG_STATUS">Permitted</SimpleData>
		<SimpleData name="FROM_FAC">Battery</SimpleData>
		<SimpleData name="FROM_LOC">08-11-052-18W5</SimpleData>
		<SimpleData name="TO_FAC">Pipeline</SimpleData>
		<SimpleData name="TO_LOC">01-12-052-18W5</SimpleData>
		<SimpleData name="OUT_DIAMET">168.3</SimpleData>
		<SimpleData name="PIP_MATERL">Steel</SimpleData>
		<SimpleData name="SUBSTANCE1">Natural Gas</SimpleData>
		<SimpleData name="GEOM_SRCE">ROW centre-line</SimpleData>
		<SimpleData name="SHAPE_LEN">2362.1415218197253</SimpleData>
	</SchemaData></ExtendedData>
      <MultiGeometry><LineString><coordinates>-116.533002096556,53.4735537591417 -116.532362286766,53.4728475680347 -116.53236583601,53.4677151248367 -116.508696015197,53.4677566130237 -116.507996621053,53.4681559194434 -116.507996400067,53.4684170603568 -116.507996400067,53.4684173394892 -116.507996767478,53.4687578234834</coordinates></LineString></MultiGeometry>
  </Placemark>
  <Placemark>
	<Style><LineStyle><color>ff0000ff</color></LineStyle><PolyStyle><fill>0</fill></PolyStyle></Style>
	<ExtendedData><SchemaData schemaUrl="#TOU_Edson_Sept2026">
		<SimpleData name="OBJECTID">71537221</SimpleData>
		<SimpleData name="LIC_LI_NO">44988-3</SimpleData>
		<SimpleData name="COMP_NAME">Tourmaline Oil Corp.</SimpleData>
		<SimpleData name="SEG_LENGTH">1.49</SimpleData>
		<SimpleData name="SEG_STATUS">Discontinued</SimpleData>
		<SimpleData name="FROM_FAC">Blind End</SimpleData>
		<SimpleData name="FROM_LOC">08-19-051-16W5</SimpleData>
		<SimpleData name="TO_FAC">Blind End</SimpleData>
		<SimpleData name="TO_LOC">11-17-051-16W5</SimpleData>
		<SimpleData name="OUT_DIAMET">114.3</SimpleData>
		<SimpleData name="PIP_MATERL">Steel</SimpleData>
		<SimpleData name="SUBSTANCE1">Natural Gas</SimpleData>
		<SimpleData name="GEOM_SRCE">Mapping</SimpleData>
		<SimpleData name="SHAPE_LEN">1490.4332022930316</SimpleData>
	</SchemaData></ExtendedData>
      <MultiGeometry><LineString><coordinates>-116.337684337329,53.4158291975112 -116.335491184106,53.4143091751718 -116.334683177356,53.4136861161679 -116.333744985856,53.4130328720654 -116.32932011204,53.4099214827563 -116.32934891113,53.4056408121919 -116.328268568423,53.405658948878 -116.32726143931,53.4060826362033</coordinates></LineString></MultiGeometry>
  </Placemark>
  <Placemark>
	<Style><LineStyle><color>ff0000ff</color></LineStyle><PolyStyle><fill>0</fill></PolyStyle></Style>
	<ExtendedData><SchemaData schemaUrl="#TOU_Edson_Sept2026">
		<SimpleData name="OBJECTID">71546021</SimpleData>
		<SimpleData name="LIC_LI_NO">13465-11</SimpleData>
		<SimpleData name="COMP_NAME">Tourmaline Oil Corp.</SimpleData>
		<SimpleData name="SEG_LENGTH">1.31</SimpleData>
		<SimpleData name="SEG_STATUS">Discontinued</SimpleData>
		<SimpleData name="FROM_FAC">Blind End</SimpleData>
		<SimpleData name="FROM_LOC">16-33-054-15W5</SimpleData>
		<SimpleData name="TO_FAC">Blind End</SimpleData>
		<SimpleData name="TO_LOC">06-34-054-15W5</SimpleData>
		<SimpleData name="OUT_DIAMET">60.3</SimpleData>
		<SimpleData name="PIP_MATERL">Steel</SimpleData>
		<SimpleData name="SUBSTANCE1">Fuel Gas</SimpleData>
		<SimpleData name="GEOM_SRCE">Mapping</SimpleData>
		<SimpleData name="SHAPE_LEN">1194.6142562661803</SimpleData>
	</SchemaData></ExtendedData>
      <MultiGeometry><LineString><coordinates>-116.142273730929,53.7123204500281 -116.142282190364,53.71135142904 -116.137873895855,53.7113439207808 -116.133751175775,53.7064823755858 -116.13109964011,53.7058002714879</coordinates></LineString></MultiGeometry>
  </Placemark>
  <Placemark>
	<Style><LineStyle><color>ff0000ff</color></LineStyle><PolyStyle><fill>0</fill></PolyStyle></Style>
	<ExtendedData><SchemaData schemaUrl="#TOU_Edson_Sept2026">
		<SimpleData name="OBJECTID">71546022</SimpleData>
		<SimpleData name="LIC_LI_NO">13465-12</SimpleData>
		<SimpleData name="COMP_NAME">Tourmaline Oil Corp.</SimpleData>
		<SimpleData name="SEG_LENGTH">0.42</SimpleData>
		<SimpleData name="SEG_STATUS">Discontinued</SimpleData>
		<SimpleData name="FROM_FAC">Blind End</SimpleData>
		<SimpleData name="FROM_LOC">16-33-054-15W5</SimpleData>
		<SimpleData name="TO_FAC">Blind End</SimpleData>
		<SimpleData name="TO_LOC">10-33-054-15W5</SimpleData>
		<SimpleData name="OUT_DIAMET">60.3</SimpleData>
		<SimpleData name="PIP_MATERL">Steel</SimpleData>
		<SimpleData name="SUBSTANCE1">Fuel Gas</SimpleData>
		<SimpleData name="GEOM_SRCE">Mapping</SimpleData>
		<SimpleData name="SHAPE_LEN">573.25106910299</SimpleData>
	</SchemaData></ExtendedData>
      <MultiGeometry><LineString><coordinates>-116.142750103931,53.7123240902957 -116.142752099089,53.7102780108558 -116.147991161861,53.7102609246358</coordinates></LineString></MultiGeometry>
  </Placemark>
  <Placemark>
	<Style><LineStyle><color>ff0000ff</color></LineStyle><PolyStyle><fill>0</fill></PolyStyle></Style>
	<ExtendedData><SchemaData schemaUrl="#TOU_Edson_Sept2026">
		<SimpleData name="OBJECTID">71590432</SimpleData>
		<SimpleData name="LIC_LI_NO">10300-2</SimpleData>
		<SimpleData name="COMP_NAME">Tourmaline Oil Corp.</SimpleData>
		<SimpleData name="SEG_LENGTH">0.42</SimpleData>
		<SimpleData name="SEG_STATUS">Discontinued</SimpleData>
		<SimpleData name="FROM_FAC">Blind End</SimpleData>
		<SimpleData name="FROM_LOC">10-33-054-15W5</SimpleData>
		<SimpleData name="TO_FAC">Blind End</SimpleData>
		<SimpleData name="TO_LOC">16-33-054-15W5</SimpleData>
		<SimpleData name="OUT_DIAMET">114.3</SimpleData>
		<SimpleData name="PIP_MATERL">Steel</SimpleData>
		<SimpleData name="SUBSTANCE1">Natural Gas</SimpleData>
		<SimpleData name="GEOM_SRCE">Mapping</SimpleData>
		<SimpleData name="SHAPE_LEN">602.5075423072116</SimpleData>
	</SchemaData></ExtendedData>
      <MultiGeometry><LineString><coordinates>-116.142529304322,53.7123261961959 -116.142526837549,53.710148599155 -116.147987583871,53.710129488752</coordinates></LineString></MultiGeometry>
  </Placemark>
  <Placemark>
	<Style><LineStyle><color>ff0000ff</color></LineStyle><PolyStyle><fill>0</fill></PolyStyle></Style>
	<ExtendedData><SchemaData schemaUrl="#TOU_Edson_Sept2026">
		<SimpleData name="OBJECTID">71852844</SimpleData>
		<SimpleData name="LIC_LI_NO">32799-1</SimpleData>
		<SimpleData name="COMP_NAME">Tourmaline Oil Corp.</SimpleData>
		<SimpleData name="SEG_LENGTH">0.2</SimpleData>
		<SimpleData name="SEG_STATUS">Discontinued</SimpleData>
		<SimpleData name="FROM_FAC">Blind End</SimpleData>
		<SimpleData name="FROM_LOC">15-33-054-15W5</SimpleData>
		<SimpleData name="TO_FAC">Blind End</SimpleData>
		<SimpleData name="TO_LOC">10-33-054-15W5</SimpleData>
		<SimpleData name="OUT_DIAMET">88.9</SimpleData>
		<SimpleData name="PIP_MATERL">Steel</SimpleData>
		<SimpleData name="SUBSTANCE1">Natural Gas</SimpleData>
		<SimpleData name="GEOM_SRCE">Mapping</SimpleData>
		<SimpleData name="SHAPE_LEN">235.84057315463667</SimpleData>
	</SchemaData></ExtendedData>
      <MultiGeometry><LineString><coordinates>-116.145759426895,53.7126701625657 -116.145989501609,53.7123298508178 -116.148151760871,53.711133790531</coordinates></LineString></MultiGeometry>
  </Placemark>
  <Placemark>
	<Style><LineStyle><color>ff0000ff</color></LineStyle><PolyStyle><fill>0</fill></PolyStyle></Style>
	<ExtendedData><SchemaData schemaUrl="#TOU_Edson_Sept2026">
		<SimpleData name="OBJECTID">71853244</SimpleData>
		<SimpleData name="LIC_LI_NO">10300-1</SimpleData>
		<SimpleData name="COMP_NAME">Tourmaline Oil Corp.</SimpleData>
		<SimpleData name="SEG_LENGTH">1.3</SimpleData>
		<SimpleData name="SEG_STATUS">Discontinued</SimpleData>
		<SimpleData name="FROM_FAC">Blind End</SimpleData>
		<SimpleData name="FROM_LOC">06-34-054-15W5</SimpleData>
		<SimpleData name="TO_FAC">Blind End</SimpleData>
		<SimpleData name="TO_LOC">16-33-054-15W5</SimpleData>
		<SimpleData name="OUT_DIAMET">168.3</SimpleData>
		<SimpleData name="PIP_MATERL">Steel</SimpleData>
		<SimpleData name="SUBSTANCE1">Natural Gas</SimpleData>
		<SimpleData name="GEOM_SRCE">Mapping</SimpleData>
		<SimpleData name="SHAPE_LEN">1172.633261029725</SimpleData>
	</SchemaData></ExtendedData>
      <MultiGeometry><LineString><coordinates>-116.130991811734,53.7059163929695 -116.133587605138,53.7065825708988 -116.13773893656,53.7114767628581 -116.142036165164,53.7114853344322 -116.142059747737,53.7123224001525</coordinates></LineString></MultiGeometry>
  </Placemark>
  <Placemark>
	<Style><LineStyle><color>ff0000ff</color></LineStyle><PolyStyle><fill>0</fill></PolyStyle></Style>
	<ExtendedData><SchemaData schemaUrl="#TOU_Edson_Sept2026">
		<SimpleData name="OBJECTID">71950048</SimpleData>
		<SimpleData name="LIC_LI_NO">35928-3</SimpleData>
		<SimpleData name="COMP_NAME">Tourmaline Oil Corp.</SimpleData>
		<SimpleData name="SEG_LENGTH">0.56</SimpleData>
		<SimpleData name="SEG_STATUS">Permitted</SimpleData>
		<SimpleData name="FROM_FAC">Battery</SimpleData>
		<SimpleData name="FROM_LOC">15-36-053-15W5</SimpleData>
		<SimpleData name="TO_FAC">Pipeline</SimpleData>
		<SimpleData name="TO_LOC">14-36-053-15W5</SimpleData>
		<SimpleData name="OUT_DIAMET">114.3</SimpleData>
		<SimpleData name="PIP_MATERL">Steel</SimpleData>
		<SimpleData name="SUBSTANCE1">Natural Gas</SimpleData>
		<SimpleData name="GEOM_SRCE">ROW centre-line</SimpleData>
		<SimpleData name="SHAPE_LEN">557.8246141376563</SimpleData>
	</SchemaData></ExtendedData>
      <MultiGeometry><LineString><coordinates>-116.077062189372,53.6276828458972 -116.077586662666,53.6282411063616 -116.079310309609,53.6282405209015 -116.079352837651,53.62488892561</coordinates></LineString></MultiGeometry>
  </Placemark>
  <Placemark>
	<Style><LineStyle><color>ff0000ff</color></LineStyle><PolyStyle><fill>0</fill></PolyStyle></Style>
	<ExtendedData><SchemaData schemaUrl="#TOU_Edson_Sept2026">
		<SimpleData name="OBJECTID">71952048</SimpleData>
		<SimpleData name="LIC_LI_NO">49495-116</SimpleData>
		<SimpleData name="COMP_NAME">Tourmaline Oil Corp.</SimpleData>
		<SimpleData name="SEG_LENGTH">5.86</SimpleData>
		<SimpleData name="SEG_STATUS">Operating</SimpleData>
		<SimpleData name="FROM_FAC">Pipeline</SimpleData>
		<SimpleData name="FROM_LOC">13-36-050-19W5</SimpleData>
		<SimpleData name="TO_FAC">Pipeline</SimpleData>
		<SimpleData name="TO_LOC">04-17-051-18W5</SimpleData>
		<SimpleData name="OUT_DIAMET">323.9</SimpleData>
		<SimpleData name="PIP_MATERL">Steel</SimpleData>
		<SimpleData name="SUBSTANCE1">Natural Gas</SimpleData>
		<SimpleData name="GEOM_SRCE">ROW centre-line</SimpleData>
		<SimpleData name="SHAPE_LEN">5870.801314464595</SimpleData>
	</SchemaData></ExtendedData>
      <MultiGeometry><LineString><coordinates>-116.655082847224,53.3662893825431 -116.654035778115,53.3665100424545 -116.649540346125,53.3643802663601 -116.649317364509,53.3643256673433 -116.648531717724,53.3639483814283 -116.646425774746,53.3655172227865 -116.645664957396,53.3679409483847 -116.645547454163,53.3680738797312 -116.645091848414,53.3695251395624 -116.645137949056,53.3696217329542 -116.644945849722,53.3702327492325 -116.644594029931,53.3703763735484 -116.644525949311,53.3705969876368 -116.644315654601,53.3708922695765 -116.644322461136,53.3717664204073 -116.637316794883,53.3720868661738 -116.637344029107,53.3737945215111 -116.632444499868,53.3748122462573 -116.631948459152,53.3747726164034 -116.630390472327,53.3750961794585 -116.630087917942,53.3751590118004 -116.628093071412,53.3755732600599 -116.627350061366,53.3763766844308 -116.626851180176,53.3762117001935 -116.626489296559,53.3761935702482 -116.622997391437,53.3769273083863 -116.622859001476,53.3771332856629 -116.622727719884,53.3771362705462 -116.622618195488,53.3771671755969 -116.62249103357,53.3772516074533 -116.622304362755,53.3772483476695 -116.619688156932,53.3811308380319 -116.616248677491,53.3862501250787 -116.621210345893,53.3900151062401 -116.622311773856,53.390013181921 -116.62231168133,53.3899862360861 -116.623931653706,53.3899833222834 -116.623936214453,53.3908442948864 -116.623757500017,53.3910614038741 -116.623761828998,53.3918710040851 -116.626467534871,53.3939213066283 -116.626472321095,53.3956204994874 -116.626475225348,53.3966517139087</coordinates></LineString></MultiGeometry>
  </Placemark>
  <Placemark>
	<Style><LineStyle><color>ff0000ff</color></LineStyle><PolyStyle><fill>0</fill></PolyStyle></Style>
	<ExtendedData><SchemaData schemaUrl="#TOU_Edson_Sept2026">
		<SimpleData name="OBJECTID">72202463</SimpleData>
		<SimpleData name="LIC_LI_NO">52422-6</SimpleData>
		<SimpleData name="COMP_NAME">Tourmaline Oil Corp.</SimpleData>
		<SimpleData name="SEG_LENGTH">0.3</SimpleData>
		<SimpleData name="SEG_STATUS">Discontinued</SimpleData>
		<SimpleData name="FROM_FAC">Blind End</SimpleData>
		<SimpleData name="FROM_LOC">10-33-054-15W5</SimpleData>
		<SimpleData name="TO_FAC">Blind End</SimpleData>
		<SimpleData name="TO_LOC">10-33-054-15W5</SimpleData>
		<SimpleData name="OUT_DIAMET">88.9</SimpleData>
		<SimpleData name="PIP_MATERL">Steel</SimpleData>
		<SimpleData name="SUBSTANCE1">Natural Gas</SimpleData>
		<SimpleData name="GEOM_SRCE">as-built</SimpleData>
		<SimpleData name="SHAPE_LEN">84.17603087133266</SimpleData>
	</SchemaData></ExtendedData>
      <MultiGeometry><LineString><coordinates>-116.14808036367,53.7111750297884 -116.147922319469,53.7110617975845 -116.146899194954,53.7111208751092</coordinates></LineString></MultiGeometry>
  </Placemark>
  <Placemark>
	<Style><LineStyle><color>ff0000ff</color></LineStyle><PolyStyle><fill>0</fill></PolyStyle></Style>
	<ExtendedData><SchemaData schemaUrl="#TOU_Edson_Sept2026">
		<SimpleData name="OBJECTID">72420070</SimpleData>
		<SimpleData name="LIC_LI_NO">47831-33</SimpleData>
		<SimpleData name="COMP_NAME">Tourmaline Oil Corp.</SimpleData>
		<SimpleData name="SEG_LENGTH">1.7</SimpleData>
		<SimpleData name="SEG_STATUS">Discontinued</SimpleData>
		<SimpleData name="FROM_FAC">Blind End</SimpleData>
		<SimpleData name="FROM_LOC">10-12-054-15W5</SimpleData>
		<SimpleData name="TO_FAC">Blind End</SimpleData>
		<SimpleData name="TO_LOC">05-12-054-15W5</SimpleData>
		<SimpleData name="OUT_DIAMET">88.9</SimpleData>
		<SimpleData name="PIP_MATERL">Steel</SimpleData>
		<SimpleData name="SUBSTANCE1">Natural Gas</SimpleData>
		<SimpleData name="GEOM_SRCE">Mapping</SimpleData>
		<SimpleData name="SHAPE_LEN">1620.1163239690136</SimpleData>
	</SchemaData></ExtendedData>
      <MultiGeometry><LineString><coordinates>-116.072378327666,53.6529739786701 -116.072404044636,53.6550787137662 -116.078384616369,53.6551074586545 -116.07837780714,53.6496206922832 -116.08413887733,53.6496347985016</coordinates></LineString></MultiGeometry>
  </Placemark>
  <Placemark>
	<Style><LineStyle><color>ff0000ff</color></LineStyle><PolyStyle><fill>0</fill></PolyStyle></Style>
	<ExtendedData><SchemaData schemaUrl="#TOU_Edson_Sept2026">
		<SimpleData name="OBJECTID">72423670</SimpleData>
		<SimpleData name="LIC_LI_NO">31063-5</SimpleData>
		<SimpleData name="COMP_NAME">Tourmaline Oil Corp.</SimpleData>
		<SimpleData name="SEG_LENGTH">0.99</SimpleData>
		<SimpleData name="SEG_STATUS">Discontinued</SimpleData>
		<SimpleData name="FROM_FAC">Blind End</SimpleData>
		<SimpleData name="FROM_LOC">07-04-053-16W5</SimpleData>
		<SimpleData name="TO_FAC">Blind End</SimpleData>
		<SimpleData name="TO_LOC">15-33-052-16W5</SimpleData>
		<SimpleData name="OUT_DIAMET">114.3</SimpleData>
		<SimpleData name="PIP_MATERL">Steel</SimpleData>
		<SimpleData name="SUBSTANCE1">Natural Gas</SimpleData>
		<SimpleData name="GEOM_SRCE">Mapping</SimpleData>
		<SimpleData name="SHAPE_LEN">969.6436888515238</SimpleData>
	</SchemaData></ExtendedData>
      <MultiGeometry><LineString><coordinates>-116.295533477074,53.5464865097205 -116.296549924412,53.546424950417 -116.298302410869,53.5454582788569 -116.298300152504,53.5412254316336 -116.298292532994,53.5387709817437</coordinates></LineString></MultiGeometry>
  </Placemark>
  <Placemark>
	<Style><LineStyle><color>ff0000ff</color></LineStyle><PolyStyle><fill>0</fill></PolyStyle></Style>
	<ExtendedData><SchemaData schemaUrl="#TOU_Edson_Sept2026">
		<SimpleData name="OBJECTID">72586872</SimpleData>
		<SimpleData name="LIC_LI_NO">13465-6</SimpleData>
		<SimpleData name="COMP_NAME">Tourmaline Oil Corp.</SimpleData>
		<SimpleData name="SEG_LENGTH">2.83</SimpleData>
		<SimpleData name="SEG_STATUS">Discontinued</SimpleData>
		<SimpleData name="FROM_FAC">Blind End</SimpleData>
		<SimpleData name="FROM_LOC">07-11-054-15W5</SimpleData>
		<SimpleData name="TO_FAC">Blind End</SimpleData>
		<SimpleData name="TO_LOC">10-12-054-15W5</SimpleData>
		<SimpleData name="OUT_DIAMET">60.3</SimpleData>
		<SimpleData name="PIP_MATERL">Steel</SimpleData>
		<SimpleData name="SUBSTANCE1">Fuel Gas</SimpleData>
		<SimpleData name="GEOM_SRCE">Mapping</SimpleData>
		<SimpleData name="SHAPE_LEN">2462.159858317199</SimpleData>
	</SchemaData></ExtendedData>
      <MultiGeometry><LineString><coordinates>-116.097061122031,53.6493141283243 -116.090804845659,53.6493216551038 -116.090830448542,53.6497242948476 -116.090605897569,53.6497528580944 -116.090042463443,53.6497852751863 -116.078155332173,53.64975717253 -116.078187122653,53.6549612206351 -116.072622118756,53.6549452001501 -116.072599730044,53.6529719954483</coordinates></LineString></MultiGeometry>
  </Placemark>
  <Placemark>
	<Style><LineStyle><color>ff0000ff</color></LineStyle><PolyStyle><fill>0</fill></PolyStyle></Style>
	<ExtendedData><SchemaData schemaUrl="#TOU_Edson_Sept2026">
		<SimpleData name="OBJECTID">72852888</SimpleData>
		<SimpleData name="LIC_LI_NO">34897-2</SimpleData>
		<SimpleData name="COMP_NAME">Tourmaline Oil Corp.</SimpleData>
		<SimpleData name="SEG_LENGTH">1.25</SimpleData>
		<SimpleData name="SEG_STATUS">Abandoned</SimpleData>
		<SimpleData name="FROM_FAC">Blind End</SimpleData>
		<SimpleData name="FROM_LOC">05-01-054-15W5</SimpleData>
		<SimpleData name="TO_FAC">Blind End</SimpleData>
		<SimpleData name="TO_LOC">11-36-053-15W5</SimpleData>
		<SimpleData name="OUT_DIAMET">114.3</SimpleData>
		<SimpleData name="PIP_MATERL">Steel</SimpleData>
		<SimpleData name="SUBSTANCE1">Natural Gas</SimpleData>
		<SimpleData name="GEOM_SRCE">Mapping</SimpleData>
		<SimpleData name="SHAPE_LEN">1386.489329451962</SimpleData>
	</SchemaData></ExtendedData>
      <MultiGeometry><LineString><coordinates>-116.086231858517,53.6343734853427 -116.082198708556,53.6283947235829 -116.081910115787,53.6227666444683 -116.082366329696,53.622772951102 -116.082565583213,53.6227391354508</coordinates></LineString></MultiGeometry>
  </Placemark>
  <Placemark>
	<Style><LineStyle><color>ff0000ff</color></LineStyle><PolyStyle><fill>0</fill></PolyStyle></Style>
	<ExtendedData><SchemaData schemaUrl="#TOU_Edson_Sept2026">
		<SimpleData name="OBJECTID">73194523</SimpleData>
		<SimpleData name="LIC_LI_NO">42071-21</SimpleData>
		<SimpleData name="COMP_NAME">Tourmaline Oil Corp.</SimpleData>
		<SimpleData name="SEG_LENGTH">0.05</SimpleData>
		<SimpleData name="SEG_STATUS">Operating</SimpleData>
		<SimpleData name="FROM_FAC">Well</SimpleData>
		<SimpleData name="FROM_LOC">08-04-053-15W5</SimpleData>
		<SimpleData name="TO_FAC">Pipeline</SimpleData>
		<SimpleData name="TO_LOC">08-04-053-15W5</SimpleData>
		<SimpleData name="OUT_DIAMET">114.3</SimpleData>
		<SimpleData name="PIP_MATERL">Steel</SimpleData>
		<SimpleData name="SUBSTANCE1">Natural Gas</SimpleData>
		<SimpleData name="GEOM_SRCE">mapping</SimpleData>
		<SimpleData name="SHAPE_LEN">76.73858206687065</SimpleData>
	</SchemaData></ExtendedData>
      <MultiGeometry><LineString><coordinates>-116.14333999973,53.5476100002519 -116.14333999973,53.5477085709028 -116.143340000629,53.5478071429253 -116.14333999973,53.5479057141845 -116.143340000629,53.5480042857479 -116.14333999973,53.5481028570817 -116.14333999973,53.5482014287196 -116.143340000629,53.548300000128</coordinates></LineString></MultiGeometry>
  </Placemark>
  <Placemark>
	<Style><LineStyle><color>ff0000ff</color></LineStyle><PolyStyle><fill>0</fill></PolyStyle></Style>
	<ExtendedData><SchemaData schemaUrl="#TOU_Edson_Sept2026">
		<SimpleData name="OBJECTID">73469742</SimpleData>
		<SimpleData name="LIC_LI_NO">31063-17</SimpleData>
		<SimpleData name="COMP_NAME">Tourmaline Oil Corp.</SimpleData>
		<SimpleData name="SEG_LENGTH">0.85</SimpleData>
		<SimpleData name="SEG_STATUS">Abandoned</SimpleData>
		<SimpleData name="FROM_FAC">Blind End</SimpleData>
		<SimpleData name="FROM_LOC">08-13-053-16W5</SimpleData>
		<SimpleData name="TO_FAC">Blind End</SimpleData>
		<SimpleData name="TO_LOC">15-12-053-16W5</SimpleData>
		<SimpleData name="OUT_DIAMET">114.3</SimpleData>
		<SimpleData name="PIP_MATERL">Steel</SimpleData>
		<SimpleData name="SUBSTANCE1">Natural Gas</SimpleData>
		<SimpleData name="GEOM_SRCE">Mapping</SimpleData>
		<SimpleData name="SHAPE_LEN">923.8765363483219</SimpleData>
	</SchemaData></ExtendedData>
      <MultiGeometry><LineString><coordinates>-116.220529595539,53.568786272006 -116.221483109603,53.5711645675105 -116.219611071755,53.5753848162924 -116.217692496683,53.5763529174724</coordinates></LineString></MultiGeometry>
  </Placemark>
  <Placemark>
	<Style><LineStyle><color>ff0000ff</color></LineStyle><PolyStyle><fill>0</fill></PolyStyle></Style>
	<ExtendedData><SchemaData schemaUrl="#TOU_Edson_Sept2026">
		<SimpleData name="OBJECTID">73659382</SimpleData>
		<SimpleData name="LIC_LI_NO">55137-22</SimpleData>
		<SimpleData name="COMP_NAME">Tourmaline Oil Corp.</SimpleData>
		<SimpleData name="SEG_LENGTH">0.92</SimpleData>
		<SimpleData name="SEG_STATUS">Operating</SimpleData>
		<SimpleData name="FROM_FAC">Battery</SimpleData>
		<SimpleData name="FROM_LOC">04-10-051-18W5</SimpleData>
		<SimpleData name="TO_FAC">Pipeline</SimpleData>
		<SimpleData name="TO_LOC">16-04-051-18W5</SimpleData>
		<SimpleData name="OUT_DIAMET">219.1</SimpleData>
		<SimpleData name="PIP_MATERL">Steel</SimpleData>
		<SimpleData name="SUBSTANCE1">Natural Gas</SimpleData>
		<SimpleData name="GEOM_SRCE">ROW centre-line</SimpleData>
		<SimpleData name="SHAPE_LEN">924.7409287231956</SimpleData>
	</SchemaData></ExtendedData>
      <MultiGeometry><LineString><coordinates>-116.574877585446,53.3823875469254 -116.575876782435,53.3814871579698 -116.575889106422,53.3793631082337 -116.576146513277,53.3792102556392 -116.579507378453,53.3792171784083 -116.579672995452,53.3791201866609 -116.579775896569,53.3790604917374 -116.580423964572,53.379061815851 -116.580649100348,53.3791971077869 -116.580647324379,53.3798759793153 -116.582122049953,53.3798773591321 -116.582123401019,53.3793573541939</coordinates></LineString></MultiGeometry>
  </Placemark>
  <Placemark>
	<Style><LineStyle><color>ff0000ff</color></LineStyle><PolyStyle><fill>0</fill></PolyStyle></Style>
	<ExtendedData><SchemaData schemaUrl="#TOU_Edson_Sept2026">
		<SimpleData name="OBJECTID">73704188</SimpleData>
		<SimpleData name="LIC_LI_NO">45269-1</SimpleData>
		<SimpleData name="COMP_NAME">Tourmaline Oil Corp.</SimpleData>
		<SimpleData name="SEG_LENGTH">1.15</SimpleData>
		<SimpleData name="SEG_STATUS">Operating</SimpleData>
		<SimpleData name="FROM_FAC">Well</SimpleData>
		<SimpleData name="FROM_LOC">13-16-053-15W5</SimpleData>
		<SimpleData name="TO_FAC">Pipeline</SimpleData>
		<SimpleData name="TO_LOC">08-20-053-15W5</SimpleData>
		<SimpleData name="OUT_DIAMET">88.9</SimpleData>
		<SimpleData name="PIP_MATERL">Steel</SimpleData>
		<SimpleData name="SUBSTANCE1">Natural Gas</SimpleData>
		<SimpleData name="GEOM_SRCE">mapping</SimpleData>
		<SimpleData name="SHAPE_LEN">1132.6556652434792</SimpleData>
	</SchemaData></ExtendedData>
      <MultiGeometry><LineString><coordinates>-116.158300000788,53.5815399999021 -116.158337219787,53.5816274722815 -116.158374438786,53.5817149434134 -116.158411658683,53.5818024154308 -116.158448877682,53.5818898878006 -116.158486097579,53.581977359456 -116.158523317476,53.5820648309305 -116.158560537373,53.5821523027572 -116.158597758169,53.5822397749362 -116.158634978066,53.5823272469343 -116.158672198861,53.5824147176846 -116.158709419657,53.5825021898539 -116.158746640452,53.5825896618422 -116.158783861248,53.5826771336494 -116.158821082941,53.5827646047424 -116.158858303737,53.5828520767209 -116.158895525431,53.5829395485183 -116.158932747125,53.5830270206681 -116.158969968818,53.5831144915703 -116.159007190512,53.583201963358 -116.159044413104,53.583289435498 -116.159081635696,53.5833769069237 -116.15911885739,53.5834643781684 -116.159156079982,53.5835518497653 -116.159193303473,53.5836393217145 -116.159230526065,53.5837267934827 -116.159267748657,53.5838142650699 -116.159304972147,53.5839017359428 -116.159342193841,53.5839892077011 -116.159379417332,53.5840766792785 -116.159416640822,53.5841641512082 -116.159453865211,53.5842516229567 -116.159491088701,53.5843390934578 -116.15952831309,53.5844265653776 -116.159565537479,53.5845140371164 -116.159602761867,53.5846015086742 -116.159639986256,53.5846889800509 -116.159677211543,53.5847764512467 -116.159699786206,53.5848649882645 -116.159699236437,53.5849552070214 -116.15969868577,53.585045426119 -116.159698136001,53.5851356455573 -116.159697586232,53.5852258642697 -116.159697035565,53.5853160833228 -116.159696485796,53.5854063021834 -116.159695936027,53.5854965213845 -116.15969538536,53.5855867403932 -116.159694835591,53.5856769597425 -116.159694285822,53.5857671783659 -116.159693735155,53.58585739733 -116.159693185386,53.5859476155683 -116.159692635617,53.5860378346805 -116.159692084949,53.5861280536001 -116.15969153518,53.5862182728604 -116.159690985411,53.5863084919281 -116.159690434744,53.5863987108032 -116.159689884975,53.5864889300189 -116.159689335206,53.5865791490421 -116.159688784539,53.5866693678726 -116.15968823477,53.5867595870439 -116.159687684103,53.5868498060225 -116.159687134334,53.5869400248085 -116.159686584565,53.5870302439352 -116.159686033898,53.5871204628693 -116.159685484129,53.5872106821441 -116.15968493436,53.587300900693 -116.159684383692,53.5873911201158 -116.159683833923,53.5874813388127 -116.159683283256,53.5875715578503 -116.159682733487,53.5876617766953 -116.159682183718,53.5877519958809 -116.159681633051,53.5878422148739 -116.159681083282,53.5879324331411 -116.159680531717,53.5880226517489 -116.159684836443,53.588110033395 -116.159836817016,53.5881110838528 -116.159988797589,53.5881121327108 -116.160140778162,53.5881131821021 -116.160292758735,53.5881142320265 -116.160444739308,53.5881152808844 -116.160596719882,53.5881163292092 -116.160748700455,53.5881173780671 -116.160900681028,53.588118426925 -116.161052660702,53.5881194757828 -116.161204641275,53.5881205241074 -116.161356621848,53.5881215713655 -116.161508602421,53.5881226191569 -116.161660582994,53.5881236669482 -116.161812563567,53.5881247142062 -116.16196454414,53.588125760931 -116.162116524713,53.588126808189 -116.162268505287,53.5881278549138 -116.16242048586,53.5881289021717 -116.162572466433,53.5881299483632 -116.162582041575,53.5882157391745 -116.162584189447,53.5883059502455 -116.162586336421,53.5883961600576 -116.162588484292,53.5884863707436 -116.162625355643,53.5885663177901 -116.162752105235,53.588610000342 -116.162904096588,53.5886100014084 -116.163056089737,53.5886100024749 -116.163208081988,53.5886100030081 -116.163360075138,53.5886100046078 -116.163512066491,53.5886100046077 -116.16366405964,53.588610005141 -116.163816052789,53.588610005141 -116.163968045041,53.5886100046078 -116.164120037292,53.5886100040745 -116.164272029543,53.5886100035413 -116.164424022692,53.5886100030081 -116.164576015842,53.5886100019416 -116.164728007194,53.5886100014084 -116.164879999446,53.588610000342</coordinates></LineString></MultiGeometry>
  </Placemark>
  <Placemark>
	<Style><LineStyle><color>ff0000ff</color></LineStyle><PolyStyle><fill>0</fill></PolyStyle></Style>
	<ExtendedData><SchemaData schemaUrl="#TOU_Edson_Sept2026">
		<SimpleData name="OBJECTID">73770989</SimpleData>
		<SimpleData name="LIC_LI_NO">40257-1</SimpleData>
		<SimpleData name="COMP_NAME">Tourmaline Oil Corp.</SimpleData>
		<SimpleData name="SEG_LENGTH">0.81</SimpleData>
		<SimpleData name="SEG_STATUS">Discontinued</SimpleData>
		<SimpleData name="FROM_FAC">Blind End</SimpleData>
		<SimpleData name="FROM_LOC">06-21-053-15W5</SimpleData>
		<SimpleData name="TO_FAC">Blind End</SimpleData>
		<SimpleData name="TO_LOC">08-20-053-15W5</SimpleData>
		<SimpleData name="OUT_DIAMET">88.9</SimpleData>
		<SimpleData name="PIP_MATERL">Steel</SimpleData>
		<SimpleData name="SUBSTANCE1">Natural Gas</SimpleData>
		<SimpleData name="GEOM_SRCE">mapping</SimpleData>
		<SimpleData name="SHAPE_LEN">801.7951300509823</SimpleData>
	</SchemaData></ExtendedData>
      <MultiGeometry><LineString><coordinates>-116.154650000261,53.5896699999666 -116.15465154716,53.5895787605816 -116.154653093161,53.5894875209996 -116.15465464006,53.5893962828203 -116.154656185162,53.5893050433775 -116.154657732061,53.5892138042709 -116.154659278062,53.5891225649674 -116.154660824961,53.5890313254668 -116.154662370961,53.5889400863025 -116.15466391786,53.5888488469412 -116.154665464759,53.5887576079162 -116.15466701076,53.5886663692273 -116.154668557659,53.5885751298082 -116.154680293249,53.588489999856 -116.154834010266,53.588490004655 -116.154987728181,53.5884900089208 -116.155141445197,53.5884900131866 -116.15529516401,53.5884900174524 -116.155448881027,53.5884900211849 -116.155602598942,53.5884900249175 -116.155756315958,53.5884900281168 -116.155910034771,53.5884900313161 -116.156063751788,53.5884900345155 -116.156217469702,53.5884900371816 -116.156371186719,53.5884900398477 -116.156524903735,53.5884900425138 -116.156678622548,53.5884900446467 -116.156832339565,53.5884900467796 -116.15698605748,53.5884900489125 -116.157139774496,53.5884900505121 -116.157293493309,53.5884900510454 -116.157447209427,53.5884900521118 -116.157600928241,53.5884900531783 -116.157754645257,53.5884900542447 -116.15790836407,53.5884900547779 -116.158062080188,53.5884900553111 -116.158215799001,53.5884900553111 -116.158369516018,53.5884900558444 -116.158523233933,53.5884900553111 -116.158676950949,53.5884900553111 -116.158830669762,53.5884900547779 -116.158984386779,53.5884900542447 -116.159138104693,53.5884900531783 -116.15929182171,53.5884900521118 -116.159445540523,53.5884900505122 -116.159599256641,53.5884900494457 -116.159752975454,53.5884900473128 -116.159906692471,53.5884900457132 -116.160060410386,53.5884900435803 -116.160214127402,53.5884900414474 -116.160367846215,53.5884900387813 -116.160521562333,53.5884900361151 -116.160675281146,53.588490033449 -116.160828998163,53.5884900302497 -116.160982716078,53.5884900270503 -116.161136433094,53.5884900233178 -116.161290151907,53.5884900195852 -116.161443868025,53.5884900158527 -116.161597586838,53.5884900110537 -116.161751303855,53.5884900067879 -116.16190502177,53.5884900019889 -116.162058710938,53.5884888358313 -116.162212365971,53.5884862310392 -116.162366021902,53.5884836267802 -116.162519676037,53.5884810225211 -116.162651411278,53.5885157059715 -116.162771737017,53.5885699420967 -116.16292545044,53.5885691785235 -116.163079162965,53.5885684144171 -116.163232874592,53.5885676503107 -116.163386587117,53.5885668867375 -116.16354030054,53.5885661220978 -116.163694013065,53.5885653574581 -116.163847724691,53.5885645922852 -116.164001437216,53.5885638281787 -116.164155150639,53.5885630624725 -116.164308863164,53.5885622967663 -116.164462574791,53.5885615321265 -116.164616287316,53.5885607658871 -116.164769999841,53.5885600001809</coordinates></LineString></MultiGeometry>
  </Placemark>
  <Placemark>
	<Style><LineStyle><color>ff0000ff</color></LineStyle><PolyStyle><fill>0</fill></PolyStyle></Style>
	<ExtendedData><SchemaData schemaUrl="#TOU_Edson_Sept2026">
		<SimpleData name="OBJECTID">73859397</SimpleData>
		<SimpleData name="LIC_LI_NO">40257-4</SimpleData>
		<SimpleData name="COMP_NAME">Tourmaline Oil Corp.</SimpleData>
		<SimpleData name="SEG_LENGTH">0.65</SimpleData>
		<SimpleData name="SEG_STATUS">Operating</SimpleData>
		<SimpleData name="FROM_FAC">Pipeline</SimpleData>
		<SimpleData name="FROM_LOC">08-20-053-15W5</SimpleData>
		<SimpleData name="TO_FAC">Pipeline</SimpleData>
		<SimpleData name="TO_LOC">07-20-053-15W5</SimpleData>
		<SimpleData name="OUT_DIAMET">88.9</SimpleData>
		<SimpleData name="PIP_MATERL">Steel</SimpleData>
		<SimpleData name="SUBSTANCE1">Natural Gas</SimpleData>
		<SimpleData name="GEOM_SRCE">mapping</SimpleData>
		<SimpleData name="SHAPE_LEN">670.5542954379428</SimpleData>
	</SchemaData></ExtendedData>
      <MultiGeometry><LineString><coordinates>-116.164729999658,53.5885600001809 -116.164884251172,53.5885593939079 -116.165038503584,53.5885587865685 -116.165192755997,53.5885581802955 -116.165347006612,53.5885575724228 -116.165501259025,53.5885569656166 -116.165655511437,53.5885563577439 -116.165809762951,53.5885557504044 -116.165964013567,53.5885551419985 -116.166118265979,53.5885545341258 -116.166272518392,53.5885539257198 -116.166426770804,53.5885533173139 -116.16658102142,53.5885527083747 -116.166735272934,53.5885520999687 -116.166889525346,53.5885514899631 -116.167043777759,53.5885508810239 -116.167198028374,53.5885502710183 -116.167352279888,53.588549662079 -116.167506532301,53.5885490515401 -116.167660784713,53.5885484420676 -116.167815036227,53.5885478320619 -116.167969286843,53.5885472209898 -116.168123539255,53.5885466109841 -116.168277791668,53.5885459993787 -116.168432043182,53.5885453888397 -116.168586293798,53.5885447767011 -116.16874054621,53.5885441656289 -116.168894797724,53.5885435534903 -116.169049050136,53.588542942418 -116.169203301651,53.5885423297462 -116.169357552266,53.5885417176075 -116.169511804679,53.5885411049356 -116.169666056193,53.5885404922637 -116.169820308605,53.5885400006331 -116.169974564611,53.5885400000999 -116.170128819718,53.5885400006331 -116.170283074825,53.5885400006331 -116.170437329034,53.5885400006331 -116.170591584142,53.5885400006331 -116.170699867964,53.5885672098697 -116.170699421502,53.5886587719042 -116.170698975039,53.5887503337403 -116.170698527678,53.5888418964444 -116.170698081215,53.5889334589502 -116.170697634753,53.5890250212575 -116.17069718829,53.5891165838997 -116.170696741827,53.5892081452771 -116.170696293568,53.5892997080557 -116.170695847105,53.589391270636 -116.170695400643,53.5894828330178 -116.170694953282,53.5895743957345 -116.170694506819,53.5896659582527 -116.170694060356,53.5897575195062 -116.170693613893,53.5898490821609 -116.170693167431,53.5899406446173 -116.170692720968,53.5900322074084 -116.170692274505,53.590123770001 -116.170691827144,53.5902153323954 -116.170691380682,53.5903068940581 -116.170690934219,53.5903984565888 -116.170690487756,53.5904900189211 -116.170690041294,53.5905815815883 -116.170747353809,53.5906658558146 -116.170810515255,53.5907493913992 -116.170873676701,53.590832927885 -116.170936837248,53.5909164642057 -116.170999999592,53.5910000003613</coordinates></LineString></MultiGeometry>
  </Placemark>
  <Placemark>
	<Style><LineStyle><color>ff0000ff</color></LineStyle><PolyStyle><fill>0</fill></PolyStyle></Style>
	<ExtendedData><SchemaData schemaUrl="#TOU_Edson_Sept2026">
		<SimpleData name="OBJECTID">73966604</SimpleData>
		<SimpleData name="LIC_LI_NO">31063-16</SimpleData>
		<SimpleData name="COMP_NAME">Tourmaline Oil Corp.</SimpleData>
		<SimpleData name="SEG_LENGTH">0.31</SimpleData>
		<SimpleData name="SEG_STATUS">Abandoned</SimpleData>
		<SimpleData name="FROM_FAC">Blind End</SimpleData>
		<SimpleData name="FROM_LOC">07-24-053-16W5</SimpleData>
		<SimpleData name="TO_FAC">Blind End</SimpleData>
		<SimpleData name="TO_LOC">02-24-053-16W5</SimpleData>
		<SimpleData name="OUT_DIAMET">114.3</SimpleData>
		<SimpleData name="PIP_MATERL">Steel</SimpleData>
		<SimpleData name="SUBSTANCE1">Natural Gas</SimpleData>
		<SimpleData name="GEOM_SRCE">Mapping</SimpleData>
		<SimpleData name="SHAPE_LEN">329.76660767555364</SimpleData>
	</SchemaData></ExtendedData>
      <MultiGeometry><LineString><coordinates>-116.221271117077,53.588007893584 -116.221653540673,53.5901900320133 -116.22171126282,53.5909603656027</coordinates></LineString></MultiGeometry>
  </Placemark>
  <Placemark>
	<Style><LineStyle><color>ff0000ff</color></LineStyle><PolyStyle><fill>0</fill></PolyStyle></Style>
	<ExtendedData><SchemaData schemaUrl="#TOU_Edson_Sept2026">
		<SimpleData name="OBJECTID">73968604</SimpleData>
		<SimpleData name="LIC_LI_NO">42071-7</SimpleData>
		<SimpleData name="COMP_NAME">Tourmaline Oil Corp.</SimpleData>
		<SimpleData name="SEG_LENGTH">0.47</SimpleData>
		<SimpleData name="SEG_STATUS">Abandoned</SimpleData>
		<SimpleData name="FROM_FAC">Blind End</SimpleData>
		<SimpleData name="FROM_LOC">08-03-053-15W5</SimpleData>
		<SimpleData name="TO_FAC">Blind End</SimpleData>
		<SimpleData name="TO_LOC">07-03-053-15W5</SimpleData>
		<SimpleData name="OUT_DIAMET">114.3</SimpleData>
		<SimpleData name="PIP_MATERL">Steel</SimpleData>
		<SimpleData name="SUBSTANCE1">Natural Gas</SimpleData>
		<SimpleData name="GEOM_SRCE">Mapping</SimpleData>
		<SimpleData name="SHAPE_LEN">458.0616102994469</SimpleData>
	</SchemaData></ExtendedData>
      <MultiGeometry><LineString><coordinates>-116.118927251517,53.5483318285392 -116.118828819518,53.5478436007932 -116.118874495257,53.5476291715891 -116.119627181057,53.5476221267815 -116.123027415798,53.5464527237175 -116.124064678897,53.5463648294907</coordinates></LineString></MultiGeometry>
  </Placemark>
  <Placemark>
	<Style><LineStyle><color>ff0000ff</color></LineStyle><PolyStyle><fill>0</fill></PolyStyle></Style>
	<ExtendedData><SchemaData schemaUrl="#TOU_Edson_Sept2026">
		<SimpleData name="OBJECTID">73997010</SimpleData>
		<SimpleData name="LIC_LI_NO">42071-13</SimpleData>
		<SimpleData name="COMP_NAME">Tourmaline Oil Corp.</SimpleData>
		<SimpleData name="SEG_LENGTH">0.4</SimpleData>
		<SimpleData name="SEG_STATUS">Abandoned</SimpleData>
		<SimpleData name="FROM_FAC">Blind End</SimpleData>
		<SimpleData name="FROM_LOC">15-04-053-15W5</SimpleData>
		<SimpleData name="TO_FAC">Blind End</SimpleData>
		<SimpleData name="TO_LOC">16-04-053-15W5</SimpleData>
		<SimpleData name="OUT_DIAMET">114.3</SimpleData>
		<SimpleData name="PIP_MATERL">Steel</SimpleData>
		<SimpleData name="SUBSTANCE1">Natural Gas</SimpleData>
		<SimpleData name="GEOM_SRCE">Mapping</SimpleData>
		<SimpleData name="SHAPE_LEN">369.3807739533612</SimpleData>
	</SchemaData></ExtendedData>
      <MultiGeometry><LineString><coordinates>-116.149971364056,53.5532988195233 -116.149271041952,53.5526443163487 -116.146240950837,53.552228068329 -116.145076751297,53.5522141937158</coordinates></LineString></MultiGeometry>
  </Placemark>
  <Placemark>
	<Style><LineStyle><color>ff0000ff</color></LineStyle><PolyStyle><fill>0</fill></PolyStyle></Style>
	<ExtendedData><SchemaData schemaUrl="#TOU_Edson_Sept2026">
		<SimpleData name="OBJECTID">74349044</SimpleData>
		<SimpleData name="LIC_LI_NO">51207-6</SimpleData>
		<SimpleData name="COMP_NAME">Tourmaline Oil Corp.</SimpleData>
		<SimpleData name="SEG_LENGTH">1.05</SimpleData>
		<SimpleData name="SEG_STATUS">Abandoned</SimpleData>
		<SimpleData name="FROM_FAC">Blind End</SimpleData>
		<SimpleData name="FROM_LOC">04-12-053-15W5</SimpleData>
		<SimpleData name="TO_FAC">Blind End</SimpleData>
		<SimpleData name="TO_LOC">13-12-053-15W5</SimpleData>
		<SimpleData name="OUT_DIAMET">114.3</SimpleData>
		<SimpleData name="PIP_MATERL">Steel</SimpleData>
		<SimpleData name="SUBSTANCE1">Natural Gas</SimpleData>
		<SimpleData name="GEOM_SRCE">Mapping</SimpleData>
		<SimpleData name="SHAPE_LEN">1033.8101747925175</SimpleData>
	</SchemaData></ExtendedData>
      <MultiGeometry><LineString><coordinates>-116.088015772534,53.5672883477739 -116.087991128153,53.5653511959737 -116.086673172968,53.563059350171 -116.087025762616,53.5609167049122 -116.088444379417,53.558264908438</coordinates></LineString></MultiGeometry>
  </Placemark>
  <Placemark>
	<Style><LineStyle><color>ff0000ff</color></LineStyle><PolyStyle><fill>0</fill></PolyStyle></Style>
	<ExtendedData><SchemaData schemaUrl="#TOU_Edson_Sept2026">
		<SimpleData name="OBJECTID">74386644</SimpleData>
		<SimpleData name="LIC_LI_NO">47540-2</SimpleData>
		<SimpleData name="COMP_NAME">Tourmaline Oil Corp.</SimpleData>
		<SimpleData name="SEG_LENGTH">0.6</SimpleData>
		<SimpleData name="SEG_STATUS">Abandoned</SimpleData>
		<SimpleData name="FROM_FAC">Blind End</SimpleData>
		<SimpleData name="FROM_LOC">09-36-052-15W5</SimpleData>
		<SimpleData name="TO_FAC">Blind End</SimpleData>
		<SimpleData name="TO_LOC">02-36-052-15W5</SimpleData>
		<SimpleData name="OUT_DIAMET">114.3</SimpleData>
		<SimpleData name="PIP_MATERL">Steel</SimpleData>
		<SimpleData name="SUBSTANCE1">Sour Natural Gas</SimpleData>
		<SimpleData name="GEOM_SRCE">Mapping</SimpleData>
		<SimpleData name="SHAPE_LEN">656.1814822206595</SimpleData>
	</SchemaData></ExtendedData>
      <MultiGeometry><LineString><coordinates>-116.067201492991,53.5346270594408 -116.071708170091,53.5293732441431</coordinates></LineString></MultiGeometry>
  </Placemark>
  <Placemark>
	<Style><LineStyle><color>ff0000ff</color></LineStyle><PolyStyle><fill>0</fill></PolyStyle></Style>
	<ExtendedData><SchemaData schemaUrl="#TOU_Edson_Sept2026">
		<SimpleData name="OBJECTID">74449449</SimpleData>
		<SimpleData name="LIC_LI_NO">42071-10</SimpleData>
		<SimpleData name="COMP_NAME">Tourmaline Oil Corp.</SimpleData>
		<SimpleData name="SEG_LENGTH">0.85</SimpleData>
		<SimpleData name="SEG_STATUS">Discontinued</SimpleData>
		<SimpleData name="FROM_FAC">Blind End</SimpleData>
		<SimpleData name="FROM_LOC">06-04-053-15W5</SimpleData>
		<SimpleData name="TO_FAC">Blind End</SimpleData>
		<SimpleData name="TO_LOC">08-04-053-15W5</SimpleData>
		<SimpleData name="OUT_DIAMET">114.3</SimpleData>
		<SimpleData name="PIP_MATERL">Steel</SimpleData>
		<SimpleData name="SUBSTANCE1">Natural Gas</SimpleData>
		<SimpleData name="GEOM_SRCE">mapping</SimpleData>
		<SimpleData name="SHAPE_LEN">852.8208032102066</SimpleData>
	</SchemaData></ExtendedData>
      <MultiGeometry><LineString><coordinates>-116.154749999821,53.5483200005677 -116.154754161715,53.5482284392212 -116.15475832361,53.5481368782104 -116.154762485505,53.548045318069 -116.154766646501,53.5479537571957 -116.154740024029,53.5478800004525 -116.154585865042,53.5478800004525 -116.154431705156,53.5478800015199 -116.15427754527,53.5478800009862 -116.154123385384,53.5478800009862 -116.153969225498,53.5478800009862 -116.15381506651,53.5478800004525 -116.153661426749,53.5478749689345 -116.153508429283,53.5478637444895 -116.153355431817,53.5478525195078 -116.153202434351,53.5478412945232 -116.153049436885,53.5478300695355 -116.152896439419,53.5478188440112 -116.152743442852,53.5478076179501 -116.152590445386,53.5477963918861 -116.152437447022,53.547785165819 -116.152284450454,53.547773939749 -116.152131452988,53.5477627136761 -116.151978456421,53.5477514870664 -116.151825459853,53.5477402604537 -116.151672463285,53.5477290333043 -116.151519466718,53.5477178056182 -116.15136647015,53.5477065779291 -116.151213473582,53.5476953507708 -116.151060477913,53.5476841230757 -116.150907481345,53.547672894844 -116.150754485676,53.5476616666092 -116.150601489109,53.5476504383715 -116.150448493439,53.5476392101308 -116.150295495973,53.5476279813534 -116.150142500304,53.5476167515056 -116.149989504635,53.5476055221885 -116.149836508965,53.5475942934021 -116.149683513296,53.5475830635453 -116.149530517627,53.5475718342193 -116.149377521958,53.5475606043565 -116.149224527187,53.547549373957 -116.149071531517,53.5475381440883 -116.148918536746,53.5475269131491 -116.148765541077,53.5475156816732 -116.148612546306,53.5475044507281 -116.148459551535,53.5474932197799 -116.148306555866,53.5474819888289 -116.148153561095,53.547470757341 -116.148000567222,53.5474595258502 -116.147847572451,53.5474482938227 -116.14769457768,53.5474370617922 -116.147541582909,53.5474258297587 -116.147388589036,53.5474145971885 -116.147235594265,53.5474033646153 -116.147082600393,53.5473921309717 -116.146929605622,53.5473808978588 -116.146776611749,53.5473696647429 -116.146623617876,53.5473584310903 -116.146470624004,53.5473471974347 -116.146317630131,53.5473359637762 -116.146164636258,53.5473247295809 -116.146011642386,53.5473134953826 -116.145858648513,53.5473022611814 -116.145705655539,53.5472910264435 -116.145552661666,53.5472797917025 -116.145399668692,53.5472685569585 -116.145246674819,53.5472573206104 -116.145093681845,53.5472460853267 -116.14494068887,53.5472348500401 -116.144787695896,53.5472236142168 -116.144634702922,53.5472123783904 -116.144481709947,53.5472011420274 -116.144328706193,53.5471900129438 -116.14417457146,53.5471915704072 -116.144020435829,53.5471931278705 -116.143866301096,53.5471946848001 -116.143712166363,53.5471962417296 -116.143558031629,53.547197798659 -116.143403897795,53.5471993550547 -116.143340000629,53.5472536239089 -116.143340000629,53.5473452172538 -116.143340000629,53.5474368120017 -116.143340000629,53.5475284054839 -116.143340000629,53.5476199998354</coordinates></LineString></MultiGeometry>
  </Placemark>
  <Placemark>
	<Style><LineStyle><color>ff0000ff</color></LineStyle><PolyStyle><fill>0</fill></PolyStyle></Style>
	<ExtendedData><SchemaData schemaUrl="#TOU_Edson_Sept2026">
		<SimpleData name="OBJECTID">74532650</SimpleData>
		<SimpleData name="LIC_LI_NO">46791-1</SimpleData>
		<SimpleData name="COMP_NAME">Tourmaline Oil Corp.</SimpleData>
		<SimpleData name="SEG_LENGTH">0.23</SimpleData>
		<SimpleData name="SEG_STATUS">Abandoned</SimpleData>
		<SimpleData name="FROM_FAC">Blind End</SimpleData>
		<SimpleData name="FROM_LOC">10-19-053-14W5</SimpleData>
		<SimpleData name="TO_FAC">Blind End</SimpleData>
		<SimpleData name="TO_LOC">10-19-053-14W5</SimpleData>
		<SimpleData name="OUT_DIAMET">88.9</SimpleData>
		<SimpleData name="PIP_MATERL">Steel</SimpleData>
		<SimpleData name="SUBSTANCE1">Natural Gas</SimpleData>
		<SimpleData name="GEOM_SRCE">Mapping</SimpleData>
		<SimpleData name="SHAPE_LEN">246.41311318806595</SimpleData>
	</SchemaData></ExtendedData>
      <MultiGeometry><LineString><coordinates>-116.048923240139,53.5948336540292 -116.047392894476,53.5937156149929 -116.047345502955,53.5929423091131</coordinates></LineString></MultiGeometry>
  </Placemark>
  <Placemark>
	<Style><LineStyle><color>ff0000ff</color></LineStyle><PolyStyle><fill>0</fill></PolyStyle></Style>
	<ExtendedData><SchemaData schemaUrl="#TOU_Edson_Sept2026">
		<SimpleData name="OBJECTID">74533050</SimpleData>
		<SimpleData name="LIC_LI_NO">46791-2</SimpleData>
		<SimpleData name="COMP_NAME">Tourmaline Oil Corp.</SimpleData>
		<SimpleData name="SEG_LENGTH">0.62</SimpleData>
		<SimpleData name="SEG_STATUS">Abandoned</SimpleData>
		<SimpleData name="FROM_FAC">Blind End</SimpleData>
		<SimpleData name="FROM_LOC">06-19-053-14W5</SimpleData>
		<SimpleData name="TO_FAC">Blind End</SimpleData>
		<SimpleData name="TO_LOC">10-19-053-14W5</SimpleData>
		<SimpleData name="OUT_DIAMET">88.9</SimpleData>
		<SimpleData name="PIP_MATERL">Steel</SimpleData>
		<SimpleData name="SUBSTANCE1">Natural Gas</SimpleData>
		<SimpleData name="GEOM_SRCE">Mapping</SimpleData>
		<SimpleData name="SHAPE_LEN">807.7003275520049</SimpleData>
	</SchemaData></ExtendedData>
      <MultiGeometry><LineString><coordinates>-116.057737571691,53.5909355610018 -116.0499457538,53.5909464583711 -116.049904745707,53.5925297813913 -116.048151316019,53.5925213242238</coordinates></LineString></MultiGeometry>
  </Placemark>
  <Placemark>
	<Style><LineStyle><color>ff0000ff</color></LineStyle><PolyStyle><fill>0</fill></PolyStyle></Style>
	<ExtendedData><SchemaData schemaUrl="#TOU_Edson_Sept2026">
		<SimpleData name="OBJECTID">74535050</SimpleData>
		<SimpleData name="LIC_LI_NO">47425-4</SimpleData>
		<SimpleData name="COMP_NAME">Tourmaline Oil Corp.</SimpleData>
		<SimpleData name="SEG_LENGTH">0.6</SimpleData>
		<SimpleData name="SEG_STATUS">Abandoned</SimpleData>
		<SimpleData name="FROM_FAC">Blind End</SimpleData>
		<SimpleData name="FROM_LOC">02-36-052-15W5</SimpleData>
		<SimpleData name="TO_FAC">Blind End</SimpleData>
		<SimpleData name="TO_LOC">09-36-052-15W5</SimpleData>
		<SimpleData name="OUT_DIAMET">60.3</SimpleData>
		<SimpleData name="PIP_MATERL">Polyethylene</SimpleData>
		<SimpleData name="SUBSTANCE1">Fuel Gas</SimpleData>
		<SimpleData name="GEOM_SRCE">Mapping</SimpleData>
		<SimpleData name="SHAPE_LEN">656.1720430464193</SimpleData>
	</SchemaData></ExtendedData>
      <MultiGeometry><LineString><coordinates>-116.071503146696,53.5293109641905 -116.066996752564,53.5345647685278</coordinates></LineString></MultiGeometry>
  </Placemark>
  <Placemark>
	<Style><LineStyle><color>ff0000ff</color></LineStyle><PolyStyle><fill>0</fill></PolyStyle></Style>
	<ExtendedData><SchemaData schemaUrl="#TOU_Edson_Sept2026">
		<SimpleData name="OBJECTID">74536650</SimpleData>
		<SimpleData name="LIC_LI_NO">61814-1</SimpleData>
		<SimpleData name="COMP_NAME">Tourmaline Oil Corp.</SimpleData>
		<SimpleData name="SEG_LENGTH">0.41</SimpleData>
		<SimpleData name="SEG_STATUS">Abandoned</SimpleData>
		<SimpleData name="FROM_FAC">Blind End</SimpleData>
		<SimpleData name="FROM_LOC">06-36-052-15W5</SimpleData>
		<SimpleData name="TO_FAC">Blind End</SimpleData>
		<SimpleData name="TO_LOC">02-36-052-15W5</SimpleData>
		<SimpleData name="OUT_DIAMET">114.3</SimpleData>
		<SimpleData name="PIP_MATERL">Steel</SimpleData>
		<SimpleData name="SUBSTANCE1">Oil-Well Effluent</SimpleData>
		<SimpleData name="GEOM_SRCE">Mapping</SimpleData>
		<SimpleData name="SHAPE_LEN">608.3038183239287</SimpleData>
	</SchemaData></ExtendedData>
      <MultiGeometry><LineString><coordinates>-116.080924411494,53.5315006158549 -116.072213581135,53.5297739799892</coordinates></LineString></MultiGeometry>
  </Placemark>
</Folder>
</Document></kml>
